bin_id,x_coord,y_coord,distance_from_dispatch
BIN_000000,-1.69718336444505,-1.5661765835655606,-1.8502366348099135
BIN_000001,-1.69718336444505,-1.2181373427732138,-1.7775454997189022
BIN_000002,-1.69718336444505,-0.870098101980867,-1.704854364627891
BIN_000003,-1.69718336444505,-0.5220588611885202,-1.6321632295368798
BIN_000004,-1.69718336444505,-0.17401962039617339,-1.5594720944458684
BIN_000005,-1.69718336444505,0.17401962039617339,-1.486780959354857
BIN_000006,-1.69718336444505,0.5220588611885202,-1.414089824263846
BIN_000007,-1.69718336444505,0.870098101980867,-1.3413986891728347
BIN_000008,-1.69718336444505,1.2181373427732138,-1.2687075540818233
BIN_000009,-1.69718336444505,1.5661765835655606,-1.196016418990812
BIN_000010,-1.6279105740595379,-1.5661765835655606,-1.7775454997189022
BIN_000011,-1.6279105740595379,-1.2181373427732138,-1.7474358456999106
BIN_000012,-1.6279105740595379,-0.870098101980867,-1.6876943153847919
BIN_000013,-1.6279105740595379,-0.5220588611885202,-1.620367082219327
BIN_000014,-1.6279105740595379,-0.17401962039617339,-1.5505234067836315
BIN_000015,-1.6279105740595379,0.17401962039617339,-1.4795831185156376
BIN_000016,-1.6279105740595379,0.5220588611885202,-1.4080737219934643
BIN_000017,-1.6279105740595379,0.870098101980867,-1.3362326892598988
BIN_000018,-1.6279105740595379,1.2181373427732138,-1.2641819676897914
BIN_000019,-1.6279105740595379,1.5661765835655606,-1.1919904104324308
BIN_000020,-1.5586377836740255,-1.5661765835655606,-1.704854364627891
BIN_000021,-1.5586377836740255,-1.2181373427732138,-1.6876943153847919
BIN_000022,-1.5586377836740255,-0.870098101980867,-1.6446350565899075
BIN_000023,-1.5586377836740255,-0.5220588611885202,-1.5881450199675928
BIN_000024,-1.5586377836740255,-0.17401962039617339,-1.5251519959596704
BIN_000025,-1.5586377836740255,0.17401962039617339,-1.4587828923271395
BIN_000026,-1.5586377836740255,0.5220588611885202,-1.39049752962874
BIN_000027,-1.5586377836740255,0.870098101980867,-1.3210371833708163
BIN_000028,-1.5586377836740255,1.2181373427732138,-1.2508101787573496
BIN_000029,-1.5586377836740255,1.5661765835655606,-1.1800574831872517
BIN_000030,-1.4893649932885134,-1.5661765835655606,-1.6321632295368798
BIN_000031,-1.4893649932885134,-1.2181373427732138,-1.620367082219327
BIN_000032,-1.4893649932885134,-0.870098101980867,-1.5881450199675928
BIN_000033,-1.4893649932885134,-0.5220588611885202,-1.5418342674799048
BIN_000034,-1.4893649932885134,-0.17401962039617339,-1.486780959354857
BIN_000035,-1.4893649932885134,0.17401962039617339,-1.4263781229125256
BIN_000036,-1.4893649932885134,0.5220588611885202,-1.3626096765345488
BIN_000037,-1.4893649932885134,0.870098101980867,-1.2966374431490697
BIN_000038,-1.4893649932885134,1.2181373427732138,-1.2291633043409305
BIN_000039,-1.4893649932885134,1.5661765835655606,-1.1606279770381533
BIN_000040,-1.420092202903001,-1.5661765835655606,-1.5594720944458684
BIN_000041,-1.420092202903001,-1.2181373427732138,-1.5505234067836315
BIN_000042,-1.420092202903001,-0.870098101980867,-1.5251519959596704
BIN_000043,-1.420092202903001,-0.5220588611885202,-1.486780959354857
BIN_000044,-1.420092202903001,-0.17401962039617339,-1.4390334783699017
BIN_000045,-1.420092202903001,0.17401962039617339,-1.3847862658621537
BIN_000046,-1.420092202903001,0.5220588611885202,-1.3260534051252717
BIN_000047,-1.420092202903001,0.870098101980867,-1.2641819676897914
BIN_000048,-1.420092202903001,1.2181373427732138,-1.2000673571094271
BIN_000049,-1.420092202903001,1.5661765835655606,-1.1343119818473926
BIN_000050,-1.3508194125174888,-1.5661765835655606,-1.486780959354857
BIN_000051,-1.3508194125174888,-1.2181373427732138,-1.4795831185156376
BIN_000052,-1.3508194125174888,-0.870098101980867,-1.4587828923271395
BIN_000053,-1.3508194125174888,-0.5220588611885202,-1.4263781229125256
BIN_000054,-1.3508194125174888,-0.17401962039617339,-1.3847862658621537
BIN_000055,-1.3508194125174888,0.17401962039617339,-1.3362326892598988
BIN_000056,-1.3508194125174888,0.5220588611885202,-1.282500720524056
BIN_000057,-1.3508194125174888,0.870098101980867,-1.2249238467264982
BIN_000058,-1.3508194125174888,1.2181373427732138,-1.1644698378935356
BIN_000059,-1.3508194125174888,1.5661765835655606,-1.10183559338434
BIN_000060,-1.2815466221319765,-1.5661765835655606,-1.414089824263846
BIN_000061,-1.2815466221319765,-1.2181373427732138,-1.4080737219934643
BIN_000062,-1.2815466221319765,-0.870098101980867,-1.39049752962874
BIN_000063,-1.2815466221319765,-0.5220588611885202,-1.3626096765345488
BIN_000064,-1.2815466221319765,-0.17401962039617339,-1.3260534051252717
BIN_000065,-1.2815466221319765,0.17401962039617339,-1.282500720524056
BIN_000066,-1.2815466221319765,0.5220588611885202,-1.233431900149896
BIN_000067,-1.2815466221319765,0.870098101980867,-1.1800574831872517
BIN_000068,-1.2815466221319765,1.2181373427732138,-1.1233252838998007
BIN_000069,-1.2815466221319765,1.5661765835655606,-1.063961790282951
BIN_000070,-1.2122738317464643,-1.5661765835655606,-1.3413986891728347
BIN_000071,-1.2122738317464643,-1.2181373427732138,-1.3362326892598988
BIN_000072,-1.2122738317464643,-0.870098101980867,-1.3210371833708163
BIN_000073,-1.2122738317464643,-0.5220588611885202,-1.2966374431490697
BIN_000074,-1.2122738317464643,-0.17401962039617339,-1.2641819676897914
BIN_000075,-1.2122738317464643,0.17401962039617339,-1.2249238467264982
BIN_000076,-1.2122738317464643,0.5220588611885202,-1.1800574831872517
BIN_000077,-1.2122738317464643,0.870098101980867,-1.130631111039893
BIN_000078,-1.2122738317464643,1.2181373427732138,-1.0775192694992712
BIN_000079,-1.2122738317464643,1.5661765835655606,-1.0214301762765872
BIN_000080,-1.1430010413609522,-1.5661765835655606,-1.2687075540818233
BIN_000081,-1.1430010413609522,-1.2181373427732138,-1.2641819676897914
BIN_000082,-1.1430010413609522,-0.870098101980867,-1.2508101787573496
BIN_000083,-1.1430010413609522,-0.5220588611885202,-1.2291633043409305
BIN_000084,-1.1430010413609522,-0.17401962039617339,-1.2000673571094271
BIN_000085,-1.1430010413609522,0.17401962039617339,-1.1644698378935356
BIN_000086,-1.1430010413609522,0.5220588611885202,-1.1233252838998007
BIN_000087,-1.1430010413609522,0.870098101980867,-1.0775192694992712
BIN_000088,-1.1430010413609522,1.2181373427732138,-1.0278303219298899
BIN_000089,-1.1430010413609522,1.5661765835655606,-0.9749194565717337
BIN_000090,-1.0737282509754398,-1.5661765835655606,-1.196016418990812
BIN_000091,-1.0737282509754398,-1.2181373427732138,-1.1919904104324308
BIN_000092,-1.0737282509754398,-0.870098101980867,-1.1800574831872517
BIN_000093,-1.0737282509754398,-0.5220588611885202,-1.1606279770381533
BIN_000094,-1.0737282509754398,-0.17401962039617339,-1.1343119818473926
BIN_000095,-1.0737282509754398,0.17401962039617339,-1.10183559338434
BIN_000096,-1.0737282509754398,0.5220588611885202,-1.063961790282951
BIN_000097,-1.0737282509754398,0.870098101980867,-1.0214301762765872
BIN_000098,-1.0737282509754398,1.2181373427732138,-0.9749194565717337
BIN_000099,-1.0737282509754398,1.5661765835655606,-0.925029532819887
BIN_000100,-1.0044554605899276,-1.5661765835655606,-1.1233252838998007
BIN_000101,-1.0044554605899276,-1.2181373427732138,-1.1196997683871541
BIN_000102,-1.0044554605899276,-0.870098101980867,-1.1089296022213622
BIN_000103,-1.0044554605899276,-0.5220588611885202,-1.0913189039791324
BIN_000104,-1.0044554605899276,-0.17401962039617339,-1.0673291498443658
BIN_000105,-1.0044554605899276,0.17401962039617339,-1.0375250376843057
BIN_000106,-1.0044554605899276,0.5220588611885202,-1.0025196110151378
BIN_000107,-1.0044554605899276,0.870098101980867,-0.9629282515506726
BIN_000108,-1.0044554605899276,1.2181373427732138,-0.9193358969143941
BIN_000109,-1.0044554605899276,1.5661765835655606,-0.8722774317404006
BIN_000110,-0.9351826702044154,-1.5661765835655606,-1.0506341488087896
BIN_000111,-0.9351826702044154,-1.2181373427732138,-1.0473368049805647
BIN_000112,-0.9351826702044154,-0.870098101980867,-1.0375250376843057
BIN_000113,-0.9351826702044154,-0.5220588611885202,-1.0214301762765872
BIN_000114,-0.9351826702044154,-0.17401962039617339,-0.9994087124000456
BIN_000115,-0.9351826702044154,0.17401962039617339,-0.9719063076324506
BIN_000116,-0.9351826702044154,0.5220588611885202,-0.9394193227386699
BIN_000117,-0.9351826702044154,0.870098101980867,-0.9024601893654507
BIN_000118,-0.9351826702044154,1.2181373427732138,-0.8615303046230195
BIN_000119,-0.9351826702044154,1.5661765835655606,-0.817101490501305
BIN_000120,-0.8659098798189031,-1.5661765835655606,-0.9779430137177783
BIN_000121,-0.8659098798189031,-1.2181373427732138,-0.9749194565717337
BIN_000122,-0.8659098798189031,-0.870098101980867,-0.9659108091770146
BIN_000123,-0.8659098798189031,-0.5220588611885202,-0.9510969507310678
BIN_000124,-0.8659098798189031,-0.17401962039617339,-0.9307584244475666
BIN_000125,-0.8659098798189031,0.17401962039617339,-0.9052518786267669
BIN_000126,-0.8659098798189031,0.5220588611885202,-0.874982718259184
BIN_000127,-0.8659098798189031,0.870098101980867,-0.8403791120285102
BIN_000128,-0.8659098798189031,1.2181373427732138,-0.8018701754406301
BIN_000129,-0.8659098798189031,1.5661765835655606,-0.7598696084447444
BIN_000130,-0.7966370894333908,-1.5661765835655606,-0.9052518786267669
BIN_000131,-0.7966370894333908,-1.2181373427732138,-0.9024601893654507
BIN_000132,-0.7966370894333908,-0.870098101980867,-0.8941340284428985
BIN_000133,-0.7966370894333908,-0.5220588611885202,-0.8804159299856157
BIN_000134,-0.7966370894333908,-0.17401962039617339,-0.8615303046230195
BIN_000135,-0.7966370894333908,0.17401962039617339,-0.8377662809530649
BIN_000136,-0.7966370894333908,0.5220588611885202,-0.8094579696903655
BIN_000137,-0.7966370894333908,0.870098101980867,-0.7769648871436089
BIN_000138,-0.7966370894333908,1.2181373427732138,-0.740654613888982
BIN_000139,-0.7966370894333908,1.5661765835655606,-0.70088887185698
BIN_000140,-0.7273642990478786,-1.5661765835655606,-0.8325607435357557
BIN_000141,-0.7273642990478786,-1.2181373427732138,-0.8299679345150003
BIN_000142,-0.7273642990478786,-0.870098101980867,-0.8222287437098839
BIN_000143,-0.7273642990478786,-0.5220588611885202,-0.8094579696903655
BIN_000144,-0.7273642990478786,-0.17401962039617339,-0.7918377319317189
BIN_000145,-0.7273642990478786,0.17401962039617339,-0.7696052232263232
BIN_000146,-0.7273642990478786,0.5220588611885202,-0.7430382514882259
BIN_000147,-0.7273642990478786,0.870098101980867,-0.7124403988340624
BIN_000148,-0.7273642990478786,1.2181373427732138,-0.6781273005696691
BIN_000149,-0.7273642990478786,1.5661765835655606,-0.6404150320655074
BIN_000150,-0.6580915086623663,-1.5661765835655606,-0.7598696084447444
BIN_000151,-0.6580915086623663,-1.2181373427732138,-0.7574492569063979
BIN_000152,-0.6580915086623663,-0.870098101980867,-0.7502201546298664
BIN_000153,-0.6580915086623663,-0.5220588611885202,-0.7382760859270863
BIN_000154,-0.6580915086623663,-0.17401962039617339,-0.7217667547876172
BIN_000155,-0.6580915086623663,0.17401962039617339,-0.70088887185698
BIN_000156,-0.6580915086623663,0.5220588611885202,-0.6758754073615919
BIN_000157,-0.6580915086623663,0.870098101980867,-0.646984247692155
BIN_000158,-0.6580915086623663,1.2181373427732138,-0.6144873382627218
BIN_000159,-0.6580915086623663,1.5661765835655606,-0.5786610991177499
BIN_000160,-0.5888187182768541,-1.5661765835655606,-0.687178473353733
BIN_000161,-0.5888187182768541,-1.2181373427732138,-0.6849090894173528
BIN_000162,-0.5888187182768541,-0.870098101980867,-0.6781273005696691
BIN_000163,-0.5888187182768541,-0.5220588611885202,-0.6669106877364931
BIN_000164,-0.5888187182768541,-0.17401962039617339,-0.6513837227047858
BIN_000165,-0.5888187182768541,0.17401962039617339,-0.6317111673081784
BIN_000166,-0.5888187182768541,0.5220588611885202,-0.6080899738719477
BIN_000167,-0.5888187182768541,0.870098101980867,-0.580740537198742
BIN_000168,-0.5888187182768541,1.2181373427732138,-0.5498980794089409
BIN_000169,-0.5888187182768541,1.5661765835655606,-0.5158047790314993
BIN_000170,-0.5195459278913418,-1.5661765835655606,-0.6144873382627218
BIN_000171,-0.5195459278913418,-1.2181373427732138,-0.6123512099673318
BIN_000172,-0.5195459278913418,-0.870098101980867,-0.605964828330253
BIN_000173,-0.5195459278913418,-0.5220588611885202,-0.5953930851973509
BIN_000174,-0.5195459278913418,-0.17401962039617339,-0.580740537198742
BIN_000175,-0.5195459278913418,0.17401962039617339,-0.5621464392345531
BIN_000176,-0.5195459278913418,0.5220588611885202,-0.5397785605983095
BIN_000177,-0.5195459278913418,0.870098101980867,-0.5138263763798752
BIN_000178,-0.5195459278913418,1.2181373427732138,-0.4844942009486321
BIN_000179,-0.5195459278913418,1.5661765835655606,-0.4519947334554767
BIN_000180,-0.4502731375058296,-1.5661765835655606,-0.5417962031717105
BIN_000181,-0.4502731375058296,-1.2181373427732138,-0.5397785605983095
BIN_000182,-0.4502731375058296,-0.870098101980867,-0.5337441860549479
BIN_000183,-0.4502731375058296,-0.5220588611885202,-0.5237478963605652
BIN_000184,-0.4502731375058296,-0.17401962039617339,-0.5098783315645908
BIN_000185,-0.4502731375058296,0.17401962039617339,-0.4922541639487985
BIN_000186,-0.4502731375058296,0.5220588611885202,-0.47101931926639296
BIN_000187,-0.4502731375058296,0.870098101980867,-0.44633762915967445
BIN_000188,-0.4502731375058296,1.2181373427732138,-0.4183873288848716
BIN_000189,-0.4502731375058296,1.5661765835655606,-0.38735575998381927
BIN_000190,-0.38100034712031733,-1.5661765835655606,-0.46910506808069924
BIN_000191,-0.38100034712031733,-1.2181373427732138,-0.46719346638142467
BIN_000192,-0.38100034712031733,-0.870098101980867,-0.46147444886907635
BIN_000193,-0.38100034712031733,-0.5220588611885202,-0.4519947334554767
BIN_000194,-0.38100034712031733,-0.17401962039617339,-0.43883009431599596
BIN_000195,-0.38100034712031733,0.17401962039617339,-0.42208243002795615
BIN_000196,-0.38100034712031733,0.5220588611885202,-0.40187602882623713
BIN_000197,-0.38100034712031733,0.870098101980867,-0.3783533311692829
BIN_000198,-0.38100034712031733,1.2181373427732138,-0.3516704946785038
BIN_000199,-0.38100034712031733,1.5661765835655606,-0.32199303662201795
BIN_000200,-0.3117275567348051,-1.5661765835655606,-0.39641393298968797
BIN_000201,-0.3117275567348051,-1.2181373427732138,-0.3945977889938641
BIN_000202,-0.3117275567348051,-0.870098101980867,-0.38916290196439457
BIN_000203,-0.3117275567348051,-0.5220588611885202,-0.38014940664444263
BIN_000204,-0.3117275567348051,-0.17401962039617339,-0.3676225696328109
BIN_000205,-0.3117275567348051,0.17401962039617339,-0.3516704946785038
BIN_000206,-0.3117275567348051,0.5220588611885202,-0.33240117314835116
BIN_000207,-0.3117275567348051,0.870098101980867,-0.3099390975632868
BIN_000208,-0.3117275567348051,1.2181373427732138,-0.2844216648788182
BIN_000209,-0.3117275567348051,1.5661765835655606,-0.25599558054169147
BIN_000210,-0.24245476634929286,-1.5661765835655606,-0.3237227978986767
BIN_000211,-0.24245476634929286,-1.2181373427732138,-0.32199303662201795
BIN_000212,-0.24245476634929286,-0.870098101980867,-0.3168154601925989
BIN_000213,-0.24245476634929286,-0.5220588611885202,-0.30822479815986914
BIN_000214,-0.24245476634929286,-0.17401962039617339,-0.2962776545872758
BIN_000215,-0.24245476634929286,0.17401962039617339,-0.2810506922581846
BIN_000216,-0.24245476634929286,0.5220588611885202,-0.2626382804926216
BIN_000217,-0.24245476634929286,0.870098101980867,-0.24114976667580687
BIN_000218,-0.24245476634929286,1.2181373427732138,-0.21670654141893972
BIN_000219,-0.24245476634929286,1.5661765835655606,-0.18943905982738152
BIN_000220,-0.17318197596378063,-1.5661765835655606,-0.2510316628076654
BIN_000221,-0.17318197596378063,-1.2181373427732138,-0.24938044401777043
BIN_000222,-0.17318197596378063,-0.870098101980867,-0.24443697515121593
BIN_000223,-0.17318197596378063,-0.5220588611885202,-0.23623150701010132
BIN_000224,-0.17318197596378063,-0.17401962039617339,-0.22481344055869792
BIN_000225,-0.17318197596378063,0.17401962039617339,-0.21024987556543617
BIN_000226,-0.17318197596378063,0.5220588611885202,-0.19262371774326065
BIN_000227,-0.17318197596378063,0.870098101980867,-0.17203146338513386
BIN_000228,-0.17318197596378063,1.2181373427732138,-0.14858078999017763
BIN_000229,-0.17318197596378063,1.5661765835655606,-0.12238807858077973
BIN_000230,-0.10390918557826836,-1.5661765835655606,-0.17834052771665415
BIN_000231,-0.10390918557826836,-1.2181373427732138,-0.1767610317506951
BIN_000232,-0.10390918557826836,-0.870098101980867,-0.17203146338513386
BIN_000233,-0.10390918557826836,-0.5220588611885202,-0.1641783312507003
BIN_000234,-0.10390918557826836,-0.17401962039617339,-0.15324499934239894
BIN_000235,-0.10390918557826836,0.17401962039617339,-0.1392905161568197
BIN_000236,-0.10390918557826836,0.5220588611885202,-0.12238807858077973
BIN_000237,-0.10390918557826836,0.870098101980867,-0.10262321993986363
BIN_000238,-0.10390918557826836,1.2181373427732138,-0.08009182021251667
BIN_000239,-0.10390918557826836,1.5661765835655606,-0.05489803618847609
BIN_000240,-0.034636395192756124,-1.5661765835655606,-0.10564939262564287
BIN_000241,-0.034636395192756124,-1.2181373427732138,-0.10413565069904646
BIN_000242,-0.034636395192756124,-0.870098101980867,-0.0996022783335539
BIN_000243,-0.034636395192756124,-0.5220588611885202,-0.09207263344954683
BIN_000244,-0.034636395192756124,-0.17401962039617339,-0.08158498354411552
BIN_000245,-0.034636395192756124,0.17401962039617339,-0.06819155299727594
BIN_000246,-0.034636395192756124,0.5220588611885202,-0.051957266652222056
BIN_000247,-0.034636395192756124,0.870098101980867,-0.032958257534631594
BIN_000248,-0.034636395192756124,1.2181373427732138,-0.011280214085219446
BIN_000249,-0.034636395192756124,1.5661765835655606,0.0129833565970356
BIN_000250,0.034636395192756124,-1.5661765835655606,-0.032958257534631594
BIN_000251,0.034636395192756124,-1.2181373427732138,-0.0315050158971335
BIN_000252,0.034636395192756124,-0.870098101980867,-0.027152241536919437
BIN_000253,0.034636395192756124,-0.5220588611885202,-0.019920620947919524
BIN_000254,0.034636395192756124,-0.17401962039617339,-0.009844090148477242
BIN_000255,0.034636395192756124,0.17401962039617339,0.0030309466614651605
BIN_000256,0.034636395192756124,0.5220588611885202,0.018646652306162248
BIN_000257,0.034636395192756124,0.870098101980867,0.03693499369461791
BIN_000258,0.034636395192756124,1.2181373427732138,0.05781912230116733
BIN_000259,0.034636395192756124,1.5661765835655606,0.08121483786515062
BIN_000260,0.10390918557826836,-1.5661765835655606,0.039732877556379685
BIN_000261,0.10390918557826836,-1.2181373427732138,0.0411302674052289
BIN_000262,0.10390918557826836,-0.870098101980867,0.04531625607901237
BIN_000263,0.10390918557826836,-0.5220588611885202,0.05227243685346777
BIN_000264,0.10390918557826836,-0.17401962039617339,0.06196857792411689
BIN_000265,0.10390918557826836,0.17401962039617339,0.0743632679476896
BIN_000266,0.10390918557826836,0.5220588611885202,0.08940477483868228
BIN_000267,0.10390918557826836,0.870098101980867,0.10703207760395606
BIN_000268,0.10390918557826836,1.2181373427732138,0.12717602556387456
BIN_000269,0.10390918557826836,1.5661765835655606,0.14976057730326234
BIN_000270,0.17318197596378063,-1.5661765835655606,0.11242401264739096
BIN_000271,0.17318197596378063,-1.2181373427732138,0.11376968345852456
BIN_000272,0.17318197596378063,-0.870098101980867,0.11780117518277167
BIN_000273,0.17318197596378063,-0.5220588611885202,0.12450203832253467
BIN_000274,0.17318197596378063,-0.17401962039617339,0.13384522716318545
BIN_000275,0.17318197596378063,0.17401962039617339,0.14579363677867574
BIN_000276,0.17318197596378063,0.5220588611885202,0.160300820058071
BIN_000277,0.17318197596378063,0.870098101980867,0.17731185338899697
BIN_000278,0.17318197596378063,1.2181373427732138,0.1967643150701749
BIN_000279,0.17318197596378063,1.5661765835655606,0.21858933850536666
BIN_000280,0.24245476634929286,-1.5661765835655606,0.18511514773840224
BIN_000281,0.24245476634929286,-1.2181373427732138,0.18641279006502703
BIN_000282,0.24245476634929286,-0.870098101980867,0.1903007657799129
BIN_000283,0.24245476634929286,-0.5220588611885202,0.1967643150701749
BIN_000284,0.24245476634929286,-0.17401962039617339,0.2057791473901459
BIN_000285,0.24245476634929286,0.17401962039617339,0.21731189103974544
BIN_000286,0.24245476634929286,0.5220588611885202,0.23132069542918274
BIN_000287,0.24245476634929286,0.870098101980867,0.24775596137405995
BIN_000288,0.24245476634929286,1.2181373427732138,0.26656117094647563
BIN_000289,0.24245476634929286,1.5661765835655606,0.28767378649145564
BIN_000290,0.3117275567348051,-1.5661765835655606,0.25780628282941354
BIN_000291,0.3117275567348051,-1.2181373427732138,0.25905920592228354
BIN_000292,0.3117275567348051,-0.870098101980867,0.2628135177166671
BIN_000293,0.3117275567348051,-0.5220588611885202,0.2690559246770263
BIN_000294,0.3117275567348051,-0.17401962039617339,0.27776453073075413
BIN_000295,0.3117275567348051,0.17401962039617339,0.2889092159047629
BIN_000296,0.3117275567348051,0.5220588611885202,0.3024521450555907
BIN_000297,0.3117275567348051,0.870098101980867,0.3183483871639751
BIN_000298,0.3117275567348051,1.2181373427732138,0.3365466224750384
BIN_000299,0.3117275567348051,1.5661765835655606,0.3569899130088005
BIN_000300,0.38100034712031733,-1.5661765835655606,0.3304974179204248
BIN_000301,0.38100034712031733,-1.2181373427732138,0.3317086004924086
BIN_000302,0.38100034712031733,-0.870098101980867,0.3353381209971178
BIN_000303,0.38100034712031733,-0.5220588611885202,0.34137396445836493
BIN_000304,0.38100034712031733,-0.17401962039617339,0.34979632555018114
BIN_000305,0.38100034712031733,0.17401962039617339,0.3605779292723339
BIN_000306,0.38100034712031733,0.5220588611885202,0.373684462955741
BIN_000307,0.38100034712031733,0.870098101980867,0.389075104019196
BIN_000308,0.38100034712031733,1.2181373427732138,0.4067031252346793
BIN_000309,0.38100034712031733,1.5661765835655606,0.42651655768242985
BIN_000310,0.4502731375058296,-1.5661765835655606,0.4031885530114361
BIN_000311,0.4502731375058296,-1.2181373427732138,0.4043606858281876
BIN_000312,0.4502731375058296,-0.870098101980867,0.4078734337188469
BIN_000313,0.4502731375058296,-0.5220588611885202,0.4137159016172666
BIN_000314,0.4502731375058296,-0.17401962039617339,0.42187011775273836
BIN_000315,0.4502731375058296,0.17401962039617339,0.43231130666430145
BIN_000316,0.4502731375058296,0.5220588611885202,0.44500825788829096
BIN_000317,0.4502731375058296,0.870098101980867,0.4599237778081904
BIN_000318,0.4502731375058296,1.2181373427732138,0.4770152099288853
BIN_000319,0.4502731375058296,1.5661765835655606,0.496235007442359
BIN_000320,0.5195459278913418,-1.5661765835655606,0.47587968810244735
BIN_000321,0.5195459278913418,-1.2181373427732138,0.4770152099288853
BIN_000322,0.5195459278913418,-0.870098101980867,0.4804184559752078
BIN_000323,0.5195459278913418,-0.5220588611885202,0.48607951627210544
BIN_000324,0.5195459278913418,-0.17401962039617339,0.4939820336705754
BIN_000325,0.5195459278913418,0.17401962039617339,0.5041034374268509
BIN_000326,0.5195459278913418,0.5220588611885202,0.5164152593369274
BIN_000327,0.5195459278913418,0.870098101980867,0.5308835223093119
BIN_000328,0.5195459278913418,1.2181373427732138,0.547469189400342
BIN_000329,0.5195459278913418,1.5661765835655606,0.566128660112548
BIN_000330,0.5888187182768541,-1.5661765835655606,0.5485708231934586
BIN_000331,0.5888187182768541,-1.2181373427732138,0.5496719513019449
BIN_000332,0.5888187182768541,-0.870098101980867,0.5529723084690266
BIN_000333,0.5888187182768541,-0.5220588611885202,0.5584628546781333
BIN_000334,0.5888187182768541,-0.17401962039617339,0.566128660112548
BIN_000335,0.5888187182768541,0.17401962039617339,0.5759491059348242
BIN_000336,0.5888187182768541,0.5220588611885202,0.58789815656691
BIN_000337,0.5888187182768541,0.870098101980867,0.6019446952496647
BIN_000338,0.5888187182768541,1.2181373427732138,0.618052913096705
BIN_000339,0.5888187182768541,1.5661765835655606,0.6361827407900662
BIN_000340,0.6580915086623663,-1.5661765835655606,0.62126195828447
BIN_000341,0.6580915086623663,-1.2181373427732138,0.6223307144827882
BIN_000342,0.6580915086623663,-0.870098101980867,0.62553421487525
BIN_000343,0.6580915086623663,-0.5220588611885202,0.6308641905808833
BIN_000344,0.6580915086623663,-0.17401962039617339,0.6383069781494076
BIN_000345,0.6580915086623663,0.17401962039617339,0.6478436928993471
BIN_000346,0.6580915086623663,0.5220588611885202,0.6594504644152117
BIN_000347,0.6580915086623663,0.870098101980867,0.6730987274809732
BIN_000348,0.6580915086623663,1.2181373427732138,0.6887555604124297
BIN_000349,0.6580915086623663,1.5661765835655606,0.7063840618234194
BIN_000350,0.7273642990478786,-1.5661765835655606,0.6939530933754812
BIN_000351,0.7273642990478786,-1.2181373427732138,0.6949913263214458
BIN_000352,0.7273642990478786,-0.870098101980867,0.6981034872082114
BIN_000353,0.7273642990478786,-0.5220588611885202,0.7032819931016688
BIN_000354,0.7273642990478786,-0.17401962039617339,0.7105143079678463
BIN_000355,0.7273642990478786,0.17401962039617339,0.7197830929401605
BIN_000356,0.7273642990478786,0.5220588611885202,0.731066410815218
BIN_000357,0.7273642990478786,0.870098101980867,0.7443379792500169
BIN_000358,0.7273642990478786,1.2181373427732138,0.7595674660253444
BIN_000359,0.7273642990478786,1.5661765835655606,0.776720818935857
BIN_000360,0.7966370894333908,-1.5661765835655606,0.7666442284664925
BIN_000361,0.7966370894333908,-1.2181373427732138,0.7676536328871663
BIN_000362,0.7966370894333908,-0.870098101980867,0.770679513613295
BIN_000363,0.7966370894333908,-0.5220588611885202,0.7757148999046252
BIN_000364,0.7966370894333908,-0.17401962039617339,0.7827482627000177
BIN_000365,0.7966370894333908,0.17401962039617339,0.7917636453949842
BIN_000366,0.7966370894333908,0.5220588611885202,0.8027408420887833
BIN_000367,0.7966370894333908,0.870098101980867,0.8156556187334346
BIN_000368,0.7966370894333908,1.2181373427732138,0.8304799716807325
BIN_000369,0.7966370894333908,1.5661765835655606,0.8471824174266245
BIN_000370,0.8659098798189031,-1.5661765835655606,0.8393353635575037
BIN_000371,0.8659098798189031,-1.2181373427732138,0.8403174968742864
BIN_000372,0.8659098798189031,-0.870098101980867,0.8432617481272995
BIN_000373,0.8659098798189031,-0.5220588611885202,0.848161694660641
BIN_000374,0.8659098798189031,-0.17401962039617339,0.8550067095743245
BIN_000375,0.8659098798189031,0.17401962039617339,0.8637820759624708
BIN_000376,0.8659098798189031,0.5220588611885202,0.8744691428386772
BIN_000377,0.8659098798189031,0.870098101980867,0.8870455189554347
BIN_000378,0.8659098798189031,1.2181373427732138,0.9014852999310516
BIN_000379,0.8659098798189031,1.5661765835655606,0.9177593234943061
BIN_000380,0.9351826702044154,-1.5661765835655606,0.912026498648515
BIN_000381,0.9351826702044154,-1.2181373427732138,0.9129827954171532
BIN_000382,0.9351826702044154,-0.870098101980867,0.9158497020470642
BIN_000383,0.9351826702044154,-0.5220588611885202,0.9206212880275163
BIN_000384,0.9351826702044154,-0.17401962039617339,0.9272877370717608
BIN_000385,0.9351826702044154,0.17401962039617339,0.9358354472590461
BIN_000386,0.9351826702044154,0.5220588611885202,0.9462471678989601
BIN_000387,0.9351826702044154,0.870098101980867,0.9585021699534875
BIN_000388,0.9351826702044154,1.2181373427732138,0.9725764461779216
BIN_000389,0.9351826702044154,1.5661765835655606,0.9884429366193747
BIN_000390,1.0044554605899276,-1.5661765835655606,0.9847176337395263
BIN_000391,1.0044554605899276,-1.2181373427732138,0.985649418240792
BIN_000392,1.0044554605899276,-0.870098101980867,0.9884429366193747
BIN_000393,1.0044554605899276,-0.5220588611885202,0.9930927015234746
BIN_000394,1.0044554605899276,-0.17401962039617339,0.9995896270347983
BIN_000395,1.0044554605899276,0.17401962039617339,1.007921116747404
BIN_000396,1.0044554605899276,0.5220588611885202,1.0180711842911323
BIN_000397,1.0044554605899276,0.870098101980867,1.0300206036475916
BIN_000398,1.0044554605899276,1.2181373427732138,1.043747086032197
BIN_000399,1.0044554605899276,1.5661765835655606,1.0592254796629803
BIN_000400,1.0737282509754398,-1.5661765835655606,1.0574087688305376
BIN_000401,1.0737282509754398,-1.2181373427732138,1.0583172660886515
BIN_000402,1.0737282509754398,-0.870098101980867,1.0610410568221853
BIN_000403,1.0737282509754398,-0.5220588611885202,1.065575053793934
BIN_000404,1.0737282509754398,-0.17401962039617339,1.0719108308811245
BIN_000405,1.0737282509754398,0.17401962039617339,1.0800367007906977
BIN_000406,1.0737282509754398,0.5220588611885202,1.0899378215210282
BIN_000407,1.0737282509754398,0.870098101980867,1.1015963293382287
BIN_000408,1.0737282509754398,1.2181373427732138,1.1149914955442928
BIN_000409,1.0737282509754398,1.5661765835655606,1.130099903921549
BIN_000410,1.1430010413609522,-1.5661765835655606,1.130099903921549
BIN_000411,1.1430010413609522,-1.2181373427732138,1.1309862493801726
BIN_000412,1.1430010413609522,-0.870098101980867,1.1336437060518167
BIN_000413,1.1430010413609522,-0.5220588611885202,1.1380675488677137
BIN_000414,1.1430010413609522,-0.17401962039617339,1.1442499492359972
BIN_000415,1.1430010413609522,0.17401962039617339,1.1521800438205398
BIN_000416,1.1430010413609522,0.5220588611885202,1.1618440288588634
BIN_000417,1.1430010413609522,0.870098101980867,1.1732252781332606
BIN_000418,1.1430010413609522,1.2181373427732138,1.1863044822886668
BIN_000419,1.1430010413609522,1.5661765835655606,1.2010598068496354
BIN_000420,1.2122738317464643,-1.5661765835655606,1.2027910390125602
BIN_000421,1.2122738317464643,-1.2181373427732138,1.2036562870599226
BIN_000422,1.2122738317464643,-0.870098101980867,1.2062505615658776
BIN_000423,1.2122738317464643,-0.5220588611885202,1.2105694660748259
BIN_000424,1.2122738317464643,-0.17401962039617339,1.2166057144247158
BIN_000425,1.2122738317464643,0.17401962039617339,1.2243491917928107
BIN_000426,1.2122738317464643,0.5220588611885202,1.2337870384901752
BIN_000427,1.2122738317464643,0.870098101980867,1.2449037549052326
BIN_000428,1.2122738317464643,1.2181373427732138,1.257681325635362
BIN_000429,1.2122738317464643,1.5661765835655606,1.2720993605487307
BIN_000430,1.2815466221319765,-1.5661765835655606,1.2754821741035713
BIN_000431,1.2815466221319765,-1.2181373427732138,1.276327305607163
BIN_000432,1.2815466221319765,-0.870098101980867,1.2788613305594696
BIN_000433,1.2815466221319765,-0.5220588611885202,1.2830801513582055
BIN_000434,1.2815466221319765,-0.17401962039617339,1.2889769753683822
BIN_000435,1.2815466221319765,0.17401962039617339,1.2965423692537692
BIN_000436,1.2815466221319765,0.5220588611885202,1.305764333622296
BIN_000437,1.2815466221319765,0.870098101980867,1.316628396623491
BIN_000438,1.2815466221319765,1.2181373427732138,1.3291177248247583
BIN_000439,1.2815466221319765,1.5661765835655606,1.3432132494346987
BIN_000440,1.3508194125174888,-1.5661765835655606,1.3481733091945827
BIN_000441,1.3508194125174888,-1.2181373427732138,1.3489992381803328
BIN_000442,1.3508194125174888,-0.870098101980867,1.3514757467743728
BIN_000443,1.3508194125174888,-0.5220588611885202,1.3555990097598796
BIN_000444,1.3508194125174888,-0.17401962039617339,1.3613626845074822
BIN_000445,1.3508194125174888,0.17401962039617339,1.3687579594582
BIN_000446,1.3508194125174888,0.5220588611885202,1.3777736207897109
BIN_000447,1.3508194125174888,0.870098101980867,1.3883961361023747
BIN_000448,1.3508194125174888,1.2181373427732138,1.4006097536925188
BIN_000449,1.3508194125174888,1.5661765835655606,1.414396615754878
BIN_000450,1.420092202903001,-1.5661765835655606,1.420864444285594
BIN_000451,1.420092202903001,-1.2181373427732138,1.421672023875505
BIN_000452,1.420092202903001,-0.870098101980867,1.4240935675586675
BIN_000453,1.420092202903001,-0.5220588611885202,1.4281254989006333
BIN_000454,1.420092202903001,-0.17401962039617339,1.4337618864432415
BIN_000455,1.420092202903001,0.17401962039617339,1.4409944870775007
BIN_000456,1.420092202903001,0.5220588611885202,1.449812805730228
BIN_000457,1.420092202903001,0.870098101980867,1.4602041703669375
BIN_000458,1.420092202903001,1.2181373427732138,1.4721538210805816
BIN_000459,1.420092202903001,1.5661765835655606,1.485645011838568
BIN_000460,1.4893649932885134,-1.5661765835655606,1.4935555793766053
BIN_000461,1.4893649932885134,-1.2181373427732138,1.494345607081471
BIN_000462,1.4893649932885134,-0.870098101980867,1.4967145713085235
BIN_000463,1.4893649932885134,-0.5220588611885202,1.5006591233033943
BIN_000464,1.4893649932885134,-0.17401962039617339,1.5061737080396458
BIN_000465,1.4893649932885134,0.17401962039617339,1.5132506031136783
BIN_000466,1.4893649932885134,0.5220588611885202,1.521879972308513
BIN_000467,1.4893649932885134,0.870098101980867,1.532049932968539
BIN_000468,1.4893649932885134,1.2181373427732138,1.5437466361251158
BIN_000469,1.4893649932885134,1.5661765835655606,1.5569543581402578
BIN_000470,1.5586377836740255,-1.5661765835655606,1.5662467144676164
BIN_000471,1.5586377836740255,-1.2181373427732138,1.5670199369170954
BIN_000472,1.5586377836740255,-0.870098101980867,1.5693385552354653
BIN_000473,1.5586377836740255,-0.5220588611885202,1.5731994294357718
BIN_000474,1.5586377836740255,-0.17401962039617339,1.5785973497719772
BIN_000475,1.5586377836740255,0.17401962039617339,1.5855250716987177
BIN_000476,1.5586377836740255,0.5220588611885202,1.593973364049058
BIN_000477,1.5586377836740255,0.870098101980867,1.6039310696900826
BIN_000478,1.5586377836740255,1.2181373427732138,1.6153851777401902
BIN_000479,1.5586377836740255,1.5661765835655606,1.6283209062805029
BIN_000480,1.6279105740595379,-1.5661765835655606,1.6389378495586278
BIN_000481,1.6279105740595379,-1.2181373427732138,1.639694966738933
BIN_000482,1.6279105740595379,-0.870098101980867,1.64196533341182
BIN_000483,1.6279105740595379,-0.5220588611885202,1.645746001367769
BIN_000484,1.6279105740595379,-0.17401962039617339,1.6510320781428058
BIN_000485,1.6279105740595379,0.17401962039617339,1.6578167585107995
BIN_000486,1.6279105740595379,0.5220588611885202,1.6660913679108198
BIN_000487,1.6279105740595379,0.870098101980867,1.6758454171691155
BIN_000488,1.6279105740595379,1.2181373427732138,1.6870666677216826
BIN_000489,1.6279105740595379,1.5661765835655606,1.6997412064103479
BIN_000490,1.69718336444505,-1.5661765835655606,1.711628984649639
BIN_000491,1.69718336444505,-1.2181373427732138,1.7123706537091004
BIN_000492,1.69718336444505,-0.870098101980867,1.714594735054763
BIN_000493,1.69718336444505,-0.5220588611885202,1.7182984569574855
BIN_000494,1.69718336444505,-0.17401962039617339,1.7234772190151375
BIN_000495,1.69718336444505,0.17401962039617339,1.7301246205815692
BIN_000496,1.69718336444505,0.5220588611885202,1.7382324999936019
BIN_000497,1.69718336444505,0.870098101980867,1.7477909840401902
BIN_000498,1.69718336444505,1.2181373427732138,1.7587885469837021
BIN_000499,1.69718336444505,1.5661765835655606,1.771212078326084
BIN_000500,-1.69718336444505,-1.5661765835655606,-1.8502366348099135
BIN_000501,-1.69718336444505,-1.2181373427732138,-1.7775454997189022
BIN_000502,-1.69718336444505,-0.870098101980867,-1.704854364627891
BIN_000503,-1.69718336444505,-0.5220588611885202,-1.6321632295368798
BIN_000504,-1.69718336444505,-0.17401962039617339,-1.5594720944458684
BIN_000505,-1.69718336444505,0.17401962039617339,-1.486780959354857
BIN_000506,-1.69718336444505,0.5220588611885202,-1.414089824263846
BIN_000507,-1.69718336444505,0.870098101980867,-1.3413986891728347
BIN_000508,-1.69718336444505,1.2181373427732138,-1.2687075540818233
BIN_000509,-1.69718336444505,1.5661765835655606,-1.196016418990812
BIN_000510,-1.6279105740595379,-1.5661765835655606,-1.7775454997189022
BIN_000511,-1.6279105740595379,-1.2181373427732138,-1.7474358456999106
BIN_000512,-1.6279105740595379,-0.870098101980867,-1.6876943153847919
BIN_000513,-1.6279105740595379,-0.5220588611885202,-1.620367082219327
BIN_000514,-1.6279105740595379,-0.17401962039617339,-1.5505234067836315
BIN_000515,-1.6279105740595379,0.17401962039617339,-1.4795831185156376
BIN_000516,-1.6279105740595379,0.5220588611885202,-1.4080737219934643
BIN_000517,-1.6279105740595379,0.870098101980867,-1.3362326892598988
BIN_000518,-1.6279105740595379,1.2181373427732138,-1.2641819676897914
BIN_000519,-1.6279105740595379,1.5661765835655606,-1.1919904104324308
BIN_000520,-1.5586377836740255,-1.5661765835655606,-1.704854364627891
BIN_000521,-1.5586377836740255,-1.2181373427732138,-1.6876943153847919
BIN_000522,-1.5586377836740255,-0.870098101980867,-1.6446350565899075
BIN_000523,-1.5586377836740255,-0.5220588611885202,-1.5881450199675928
BIN_000524,-1.5586377836740255,-0.17401962039617339,-1.5251519959596704
BIN_000525,-1.5586377836740255,0.17401962039617339,-1.4587828923271395
BIN_000526,-1.5586377836740255,0.5220588611885202,-1.39049752962874
BIN_000527,-1.5586377836740255,0.870098101980867,-1.3210371833708163
BIN_000528,-1.5586377836740255,1.2181373427732138,-1.2508101787573496
BIN_000529,-1.5586377836740255,1.5661765835655606,-1.1800574831872517
BIN_000530,-1.4893649932885134,-1.5661765835655606,-1.6321632295368798
BIN_000531,-1.4893649932885134,-1.2181373427732138,-1.620367082219327
BIN_000532,-1.4893649932885134,-0.870098101980867,-1.5881450199675928
BIN_000533,-1.4893649932885134,-0.5220588611885202,-1.5418342674799048
BIN_000534,-1.4893649932885134,-0.17401962039617339,-1.486780959354857
BIN_000535,-1.4893649932885134,0.17401962039617339,-1.4263781229125256
BIN_000536,-1.4893649932885134,0.5220588611885202,-1.3626096765345488
BIN_000537,-1.4893649932885134,0.870098101980867,-1.2966374431490697
BIN_000538,-1.4893649932885134,1.2181373427732138,-1.2291633043409305
BIN_000539,-1.4893649932885134,1.5661765835655606,-1.1606279770381533
BIN_000540,-1.420092202903001,-1.5661765835655606,-1.5594720944458684
BIN_000541,-1.420092202903001,-1.2181373427732138,-1.5505234067836315
BIN_000542,-1.420092202903001,-0.870098101980867,-1.5251519959596704
BIN_000543,-1.420092202903001,-0.5220588611885202,-1.486780959354857
BIN_000544,-1.420092202903001,-0.17401962039617339,-1.4390334783699017
BIN_000545,-1.420092202903001,0.17401962039617339,-1.3847862658621537
BIN_000546,-1.420092202903001,0.5220588611885202,-1.3260534051252717
BIN_000547,-1.420092202903001,0.870098101980867,-1.2641819676897914
BIN_000548,-1.420092202903001,1.2181373427732138,-1.2000673571094271
BIN_000549,-1.420092202903001,1.5661765835655606,-1.1343119818473926
BIN_000550,-1.3508194125174888,-1.5661765835655606,-1.486780959354857
BIN_000551,-1.3508194125174888,-1.2181373427732138,-1.4795831185156376
BIN_000552,-1.3508194125174888,-0.870098101980867,-1.4587828923271395
BIN_000553,-1.3508194125174888,-0.5220588611885202,-1.4263781229125256
BIN_000554,-1.3508194125174888,-0.17401962039617339,-1.3847862658621537
BIN_000555,-1.3508194125174888,0.17401962039617339,-1.3362326892598988
BIN_000556,-1.3508194125174888,0.5220588611885202,-1.282500720524056
BIN_000557,-1.3508194125174888,0.870098101980867,-1.2249238467264982
BIN_000558,-1.3508194125174888,1.2181373427732138,-1.1644698378935356
BIN_000559,-1.3508194125174888,1.5661765835655606,-1.10183559338434
BIN_000560,-1.2815466221319765,-1.5661765835655606,-1.414089824263846
BIN_000561,-1.2815466221319765,-1.2181373427732138,-1.4080737219934643
BIN_000562,-1.2815466221319765,-0.870098101980867,-1.39049752962874
BIN_000563,-1.2815466221319765,-0.5220588611885202,-1.3626096765345488
BIN_000564,-1.2815466221319765,-0.17401962039617339,-1.3260534051252717
BIN_000565,-1.2815466221319765,0.17401962039617339,-1.282500720524056
BIN_000566,-1.2815466221319765,0.5220588611885202,-1.233431900149896
BIN_000567,-1.2815466221319765,0.870098101980867,-1.1800574831872517
BIN_000568,-1.2815466221319765,1.2181373427732138,-1.1233252838998007
BIN_000569,-1.2815466221319765,1.5661765835655606,-1.063961790282951
BIN_000570,-1.2122738317464643,-1.5661765835655606,-1.3413986891728347
BIN_000571,-1.2122738317464643,-1.2181373427732138,-1.3362326892598988
BIN_000572,-1.2122738317464643,-0.870098101980867,-1.3210371833708163
BIN_000573,-1.2122738317464643,-0.5220588611885202,-1.2966374431490697
BIN_000574,-1.2122738317464643,-0.17401962039617339,-1.2641819676897914
BIN_000575,-1.2122738317464643,0.17401962039617339,-1.2249238467264982
BIN_000576,-1.2122738317464643,0.5220588611885202,-1.1800574831872517
BIN_000577,-1.2122738317464643,0.870098101980867,-1.130631111039893
BIN_000578,-1.2122738317464643,1.2181373427732138,-1.0775192694992712
BIN_000579,-1.2122738317464643,1.5661765835655606,-1.0214301762765872
BIN_000580,-1.1430010413609522,-1.5661765835655606,-1.2687075540818233
BIN_000581,-1.1430010413609522,-1.2181373427732138,-1.2641819676897914
BIN_000582,-1.1430010413609522,-0.870098101980867,-1.2508101787573496
BIN_000583,-1.1430010413609522,-0.5220588611885202,-1.2291633043409305
BIN_000584,-1.1430010413609522,-0.17401962039617339,-1.2000673571094271
BIN_000585,-1.1430010413609522,0.17401962039617339,-1.1644698378935356
BIN_000586,-1.1430010413609522,0.5220588611885202,-1.1233252838998007
BIN_000587,-1.1430010413609522,0.870098101980867,-1.0775192694992712
BIN_000588,-1.1430010413609522,1.2181373427732138,-1.0278303219298899
BIN_000589,-1.1430010413609522,1.5661765835655606,-0.9749194565717337
BIN_000590,-1.0737282509754398,-1.5661765835655606,-1.196016418990812
BIN_000591,-1.0737282509754398,-1.2181373427732138,-1.1919904104324308
BIN_000592,-1.0737282509754398,-0.870098101980867,-1.1800574831872517
BIN_000593,-1.0737282509754398,-0.5220588611885202,-1.1606279770381533
BIN_000594,-1.0737282509754398,-0.17401962039617339,-1.1343119818473926
BIN_000595,-1.0737282509754398,0.17401962039617339,-1.10183559338434
BIN_000596,-1.0737282509754398,0.5220588611885202,-1.063961790282951
BIN_000597,-1.0737282509754398,0.870098101980867,-1.0214301762765872
BIN_000598,-1.0737282509754398,1.2181373427732138,-0.9749194565717337
BIN_000599,-1.0737282509754398,1.5661765835655606,-0.925029532819887
BIN_000600,-1.0044554605899276,-1.5661765835655606,-1.1233252838998007
BIN_000601,-1.0044554605899276,-1.2181373427732138,-1.1196997683871541
BIN_000602,-1.0044554605899276,-0.870098101980867,-1.1089296022213622
BIN_000603,-1.0044554605899276,-0.5220588611885202,-1.0913189039791324
BIN_000604,-1.0044554605899276,-0.17401962039617339,-1.0673291498443658
BIN_000605,-1.0044554605899276,0.17401962039617339,-1.0375250376843057
BIN_000606,-1.0044554605899276,0.5220588611885202,-1.0025196110151378
BIN_000607,-1.0044554605899276,0.870098101980867,-0.9629282515506726
BIN_000608,-1.0044554605899276,1.2181373427732138,-0.9193358969143941
BIN_000609,-1.0044554605899276,1.5661765835655606,-0.8722774317404006
BIN_000610,-0.9351826702044154,-1.5661765835655606,-1.0506341488087896
BIN_000611,-0.9351826702044154,-1.2181373427732138,-1.0473368049805647
BIN_000612,-0.9351826702044154,-0.870098101980867,-1.0375250376843057
BIN_000613,-0.9351826702044154,-0.5220588611885202,-1.0214301762765872
BIN_000614,-0.9351826702044154,-0.17401962039617339,-0.9994087124000456
BIN_000615,-0.9351826702044154,0.17401962039617339,-0.9719063076324506
BIN_000616,-0.9351826702044154,0.5220588611885202,-0.9394193227386699
BIN_000617,-0.9351826702044154,0.870098101980867,-0.9024601893654507
BIN_000618,-0.9351826702044154,1.2181373427732138,-0.8615303046230195
BIN_000619,-0.9351826702044154,1.5661765835655606,-0.817101490501305
BIN_000620,-0.8659098798189031,-1.5661765835655606,-0.9779430137177783
BIN_000621,-0.8659098798189031,-1.2181373427732138,-0.9749194565717337
BIN_000622,-0.8659098798189031,-0.870098101980867,-0.9659108091770146
BIN_000623,-0.8659098798189031,-0.5220588611885202,-0.9510969507310678
BIN_000624,-0.8659098798189031,-0.17401962039617339,-0.9307584244475666
BIN_000625,-0.8659098798189031,0.17401962039617339,-0.9052518786267669
BIN_000626,-0.8659098798189031,0.5220588611885202,-0.874982718259184
BIN_000627,-0.8659098798189031,0.870098101980867,-0.8403791120285102
BIN_000628,-0.8659098798189031,1.2181373427732138,-0.8018701754406301
BIN_000629,-0.8659098798189031,1.5661765835655606,-0.7598696084447444
BIN_000630,-0.7966370894333908,-1.5661765835655606,-0.9052518786267669
BIN_000631,-0.7966370894333908,-1.2181373427732138,-0.9024601893654507
BIN_000632,-0.7966370894333908,-0.870098101980867,-0.8941340284428985
BIN_000633,-0.7966370894333908,-0.5220588611885202,-0.8804159299856157
BIN_000634,-0.7966370894333908,-0.17401962039617339,-0.8615303046230195
BIN_000635,-0.7966370894333908,0.17401962039617339,-0.8377662809530649
BIN_000636,-0.7966370894333908,0.5220588611885202,-0.8094579696903655
BIN_000637,-0.7966370894333908,0.870098101980867,-0.7769648871436089
BIN_000638,-0.7966370894333908,1.2181373427732138,-0.740654613888982
BIN_000639,-0.7966370894333908,1.5661765835655606,-0.70088887185698
BIN_000640,-0.7273642990478786,-1.5661765835655606,-0.8325607435357557
BIN_000641,-0.7273642990478786,-1.2181373427732138,-0.8299679345150003
BIN_000642,-0.7273642990478786,-0.870098101980867,-0.8222287437098839
BIN_000643,-0.7273642990478786,-0.5220588611885202,-0.8094579696903655
BIN_000644,-0.7273642990478786,-0.17401962039617339,-0.7918377319317189
BIN_000645,-0.7273642990478786,0.17401962039617339,-0.7696052232263232
BIN_000646,-0.7273642990478786,0.5220588611885202,-0.7430382514882259
BIN_000647,-0.7273642990478786,0.870098101980867,-0.7124403988340624
BIN_000648,-0.7273642990478786,1.2181373427732138,-0.6781273005696691
BIN_000649,-0.7273642990478786,1.5661765835655606,-0.6404150320655074
BIN_000650,-0.6580915086623663,-1.5661765835655606,-0.7598696084447444
BIN_000651,-0.6580915086623663,-1.2181373427732138,-0.7574492569063979
BIN_000652,-0.6580915086623663,-0.870098101980867,-0.7502201546298664
BIN_000653,-0.6580915086623663,-0.5220588611885202,-0.7382760859270863
BIN_000654,-0.6580915086623663,-0.17401962039617339,-0.7217667547876172
BIN_000655,-0.6580915086623663,0.17401962039617339,-0.70088887185698
BIN_000656,-0.6580915086623663,0.5220588611885202,-0.6758754073615919
BIN_000657,-0.6580915086623663,0.870098101980867,-0.646984247692155
BIN_000658,-0.6580915086623663,1.2181373427732138,-0.6144873382627218
BIN_000659,-0.6580915086623663,1.5661765835655606,-0.5786610991177499
BIN_000660,-0.5888187182768541,-1.5661765835655606,-0.687178473353733
BIN_000661,-0.5888187182768541,-1.2181373427732138,-0.6849090894173528
BIN_000662,-0.5888187182768541,-0.870098101980867,-0.6781273005696691
BIN_000663,-0.5888187182768541,-0.5220588611885202,-0.6669106877364931
BIN_000664,-0.5888187182768541,-0.17401962039617339,-0.6513837227047858
BIN_000665,-0.5888187182768541,0.17401962039617339,-0.6317111673081784
BIN_000666,-0.5888187182768541,0.5220588611885202,-0.6080899738719477
BIN_000667,-0.5888187182768541,0.870098101980867,-0.580740537198742
BIN_000668,-0.5888187182768541,1.2181373427732138,-0.5498980794089409
BIN_000669,-0.5888187182768541,1.5661765835655606,-0.5158047790314993
BIN_000670,-0.5195459278913418,-1.5661765835655606,-0.6144873382627218
BIN_000671,-0.5195459278913418,-1.2181373427732138,-0.6123512099673318
BIN_000672,-0.5195459278913418,-0.870098101980867,-0.605964828330253
BIN_000673,-0.5195459278913418,-0.5220588611885202,-0.5953930851973509
BIN_000674,-0.5195459278913418,-0.17401962039617339,-0.580740537198742
BIN_000675,-0.5195459278913418,0.17401962039617339,-0.5621464392345531
BIN_000676,-0.5195459278913418,0.5220588611885202,-0.5397785605983095
BIN_000677,-0.5195459278913418,0.870098101980867,-0.5138263763798752
BIN_000678,-0.5195459278913418,1.2181373427732138,-0.4844942009486321
BIN_000679,-0.5195459278913418,1.5661765835655606,-0.4519947334554767
BIN_000680,-0.4502731375058296,-1.5661765835655606,-0.5417962031717105
BIN_000681,-0.4502731375058296,-1.2181373427732138,-0.5397785605983095
BIN_000682,-0.4502731375058296,-0.870098101980867,-0.5337441860549479
BIN_000683,-0.4502731375058296,-0.5220588611885202,-0.5237478963605652
BIN_000684,-0.4502731375058296,-0.17401962039617339,-0.5098783315645908
BIN_000685,-0.4502731375058296,0.17401962039617339,-0.4922541639487985
BIN_000686,-0.4502731375058296,0.5220588611885202,-0.47101931926639296
BIN_000687,-0.4502731375058296,0.870098101980867,-0.44633762915967445
BIN_000688,-0.4502731375058296,1.2181373427732138,-0.4183873288848716
BIN_000689,-0.4502731375058296,1.5661765835655606,-0.38735575998381927
BIN_000690,-0.38100034712031733,-1.5661765835655606,-0.46910506808069924
BIN_000691,-0.38100034712031733,-1.2181373427732138,-0.46719346638142467
BIN_000692,-0.38100034712031733,-0.870098101980867,-0.46147444886907635
BIN_000693,-0.38100034712031733,-0.5220588611885202,-0.4519947334554767
BIN_000694,-0.38100034712031733,-0.17401962039617339,-0.43883009431599596
BIN_000695,-0.38100034712031733,0.17401962039617339,-0.42208243002795615
BIN_000696,-0.38100034712031733,0.5220588611885202,-0.40187602882623713
BIN_000697,-0.38100034712031733,0.870098101980867,-0.3783533311692829
BIN_000698,-0.38100034712031733,1.2181373427732138,-0.3516704946785038
BIN_000699,-0.38100034712031733,1.5661765835655606,-0.32199303662201795
BIN_000700,-0.3117275567348051,-1.5661765835655606,-0.39641393298968797
BIN_000701,-0.3117275567348051,-1.2181373427732138,-0.3945977889938641
BIN_000702,-0.3117275567348051,-0.870098101980867,-0.38916290196439457
BIN_000703,-0.3117275567348051,-0.5220588611885202,-0.38014940664444263
BIN_000704,-0.3117275567348051,-0.17401962039617339,-0.3676225696328109
BIN_000705,-0.3117275567348051,0.17401962039617339,-0.3516704946785038
BIN_000706,-0.3117275567348051,0.5220588611885202,-0.33240117314835116
BIN_000707,-0.3117275567348051,0.870098101980867,-0.3099390975632868
BIN_000708,-0.3117275567348051,1.2181373427732138,-0.2844216648788182
BIN_000709,-0.3117275567348051,1.5661765835655606,-0.25599558054169147
BIN_000710,-0.24245476634929286,-1.5661765835655606,-0.3237227978986767
BIN_000711,-0.24245476634929286,-1.2181373427732138,-0.32199303662201795
BIN_000712,-0.24245476634929286,-0.870098101980867,-0.3168154601925989
BIN_000713,-0.24245476634929286,-0.5220588611885202,-0.30822479815986914
BIN_000714,-0.24245476634929286,-0.17401962039617339,-0.2962776545872758
BIN_000715,-0.24245476634929286,0.17401962039617339,-0.2810506922581846
BIN_000716,-0.24245476634929286,0.5220588611885202,-0.2626382804926216
BIN_000717,-0.24245476634929286,0.870098101980867,-0.24114976667580687
BIN_000718,-0.24245476634929286,1.2181373427732138,-0.21670654141893972
BIN_000719,-0.24245476634929286,1.5661765835655606,-0.18943905982738152
BIN_000720,-0.17318197596378063,-1.5661765835655606,-0.2510316628076654
BIN_000721,-0.17318197596378063,-1.2181373427732138,-0.24938044401777043
BIN_000722,-0.17318197596378063,-0.870098101980867,-0.24443697515121593
BIN_000723,-0.17318197596378063,-0.5220588611885202,-0.23623150701010132
BIN_000724,-0.17318197596378063,-0.17401962039617339,-0.22481344055869792
BIN_000725,-0.17318197596378063,0.17401962039617339,-0.21024987556543617
BIN_000726,-0.17318197596378063,0.5220588611885202,-0.19262371774326065
BIN_000727,-0.17318197596378063,0.870098101980867,-0.17203146338513386
BIN_000728,-0.17318197596378063,1.2181373427732138,-0.14858078999017763
BIN_000729,-0.17318197596378063,1.5661765835655606,-0.12238807858077973
BIN_000730,-0.10390918557826836,-1.5661765835655606,-0.17834052771665415
BIN_000731,-0.10390918557826836,-1.2181373427732138,-0.1767610317506951
BIN_000732,-0.10390918557826836,-0.870098101980867,-0.17203146338513386
BIN_000733,-0.10390918557826836,-0.5220588611885202,-0.1641783312507003
BIN_000734,-0.10390918557826836,-0.17401962039617339,-0.15324499934239894
BIN_000735,-0.10390918557826836,0.17401962039617339,-0.1392905161568197
BIN_000736,-0.10390918557826836,0.5220588611885202,-0.12238807858077973
BIN_000737,-0.10390918557826836,0.870098101980867,-0.10262321993986363
BIN_000738,-0.10390918557826836,1.2181373427732138,-0.08009182021251667
BIN_000739,-0.10390918557826836,1.5661765835655606,-0.05489803618847609
BIN_000740,-0.034636395192756124,-1.5661765835655606,-0.10564939262564287
BIN_000741,-0.034636395192756124,-1.2181373427732138,-0.10413565069904646
BIN_000742,-0.034636395192756124,-0.870098101980867,-0.0996022783335539
BIN_000743,-0.034636395192756124,-0.5220588611885202,-0.09207263344954683
BIN_000744,-0.034636395192756124,-0.17401962039617339,-0.08158498354411552
BIN_000745,-0.034636395192756124,0.17401962039617339,-0.06819155299727594
BIN_000746,-0.034636395192756124,0.5220588611885202,-0.051957266652222056
BIN_000747,-0.034636395192756124,0.870098101980867,-0.032958257534631594
BIN_000748,-0.034636395192756124,1.2181373427732138,-0.011280214085219446
BIN_000749,-0.034636395192756124,1.5661765835655606,0.0129833565970356
BIN_000750,0.034636395192756124,-1.5661765835655606,-0.032958257534631594
BIN_000751,0.034636395192756124,-1.2181373427732138,-0.0315050158971335
BIN_000752,0.034636395192756124,-0.870098101980867,-0.027152241536919437
BIN_000753,0.034636395192756124,-0.5220588611885202,-0.019920620947919524
BIN_000754,0.034636395192756124,-0.17401962039617339,-0.009844090148477242
BIN_000755,0.034636395192756124,0.17401962039617339,0.0030309466614651605
BIN_000756,0.034636395192756124,0.5220588611885202,0.018646652306162248
BIN_000757,0.034636395192756124,0.870098101980867,0.03693499369461791
BIN_000758,0.034636395192756124,1.2181373427732138,0.05781912230116733
BIN_000759,0.034636395192756124,1.5661765835655606,0.08121483786515062
BIN_000760,0.10390918557826836,-1.5661765835655606,0.039732877556379685
BIN_000761,0.10390918557826836,-1.2181373427732138,0.0411302674052289
BIN_000762,0.10390918557826836,-0.870098101980867,0.04531625607901237
BIN_000763,0.10390918557826836,-0.5220588611885202,0.05227243685346777
BIN_000764,0.10390918557826836,-0.17401962039617339,0.06196857792411689
BIN_000765,0.10390918557826836,0.17401962039617339,0.0743632679476896
BIN_000766,0.10390918557826836,0.5220588611885202,0.08940477483868228
BIN_000767,0.10390918557826836,0.870098101980867,0.10703207760395606
BIN_000768,0.10390918557826836,1.2181373427732138,0.12717602556387456
BIN_000769,0.10390918557826836,1.5661765835655606,0.14976057730326234
BIN_000770,0.17318197596378063,-1.5661765835655606,0.11242401264739096
BIN_000771,0.17318197596378063,-1.2181373427732138,0.11376968345852456
BIN_000772,0.17318197596378063,-0.870098101980867,0.11780117518277167
BIN_000773,0.17318197596378063,-0.5220588611885202,0.12450203832253467
BIN_000774,0.17318197596378063,-0.17401962039617339,0.13384522716318545
BIN_000775,0.17318197596378063,0.17401962039617339,0.14579363677867574
BIN_000776,0.17318197596378063,0.5220588611885202,0.160300820058071
BIN_000777,0.17318197596378063,0.870098101980867,0.17731185338899697
BIN_000778,0.17318197596378063,1.2181373427732138,0.1967643150701749
BIN_000779,0.17318197596378063,1.5661765835655606,0.21858933850536666
BIN_000780,0.24245476634929286,-1.5661765835655606,0.18511514773840224
BIN_000781,0.24245476634929286,-1.2181373427732138,0.18641279006502703
BIN_000782,0.24245476634929286,-0.870098101980867,0.1903007657799129
BIN_000783,0.24245476634929286,-0.5220588611885202,0.1967643150701749
BIN_000784,0.24245476634929286,-0.17401962039617339,0.2057791473901459
BIN_000785,0.24245476634929286,0.17401962039617339,0.21731189103974544
BIN_000786,0.24245476634929286,0.5220588611885202,0.23132069542918274
BIN_000787,0.24245476634929286,0.870098101980867,0.24775596137405995
BIN_000788,0.24245476634929286,1.2181373427732138,0.26656117094647563
BIN_000789,0.24245476634929286,1.5661765835655606,0.28767378649145564
BIN_000790,0.3117275567348051,-1.5661765835655606,0.25780628282941354
BIN_000791,0.3117275567348051,-1.2181373427732138,0.25905920592228354
BIN_000792,0.3117275567348051,-0.870098101980867,0.2628135177166671
BIN_000793,0.3117275567348051,-0.5220588611885202,0.2690559246770263
BIN_000794,0.3117275567348051,-0.17401962039617339,0.27776453073075413
BIN_000795,0.3117275567348051,0.17401962039617339,0.2889092159047629
BIN_000796,0.3117275567348051,0.5220588611885202,0.3024521450555907
BIN_000797,0.3117275567348051,0.870098101980867,0.3183483871639751
BIN_000798,0.3117275567348051,1.2181373427732138,0.3365466224750384
BIN_000799,0.3117275567348051,1.5661765835655606,0.3569899130088005
BIN_000800,0.38100034712031733,-1.5661765835655606,0.3304974179204248
BIN_000801,0.38100034712031733,-1.2181373427732138,0.3317086004924086
BIN_000802,0.38100034712031733,-0.870098101980867,0.3353381209971178
BIN_000803,0.38100034712031733,-0.5220588611885202,0.34137396445836493
BIN_000804,0.38100034712031733,-0.17401962039617339,0.34979632555018114
BIN_000805,0.38100034712031733,0.17401962039617339,0.3605779292723339
BIN_000806,0.38100034712031733,0.5220588611885202,0.373684462955741
BIN_000807,0.38100034712031733,0.870098101980867,0.389075104019196
BIN_000808,0.38100034712031733,1.2181373427732138,0.4067031252346793
BIN_000809,0.38100034712031733,1.5661765835655606,0.42651655768242985
BIN_000810,0.4502731375058296,-1.5661765835655606,0.4031885530114361
BIN_000811,0.4502731375058296,-1.2181373427732138,0.4043606858281876
BIN_000812,0.4502731375058296,-0.870098101980867,0.4078734337188469
BIN_000813,0.4502731375058296,-0.5220588611885202,0.4137159016172666
BIN_000814,0.4502731375058296,-0.17401962039617339,0.42187011775273836
BIN_000815,0.4502731375058296,0.17401962039617339,0.43231130666430145
BIN_000816,0.4502731375058296,0.5220588611885202,0.44500825788829096
BIN_000817,0.4502731375058296,0.870098101980867,0.4599237778081904
BIN_000818,0.4502731375058296,1.2181373427732138,0.4770152099288853
BIN_000819,0.4502731375058296,1.5661765835655606,0.496235007442359
BIN_000820,0.5195459278913418,-1.5661765835655606,0.47587968810244735
BIN_000821,0.5195459278913418,-1.2181373427732138,0.4770152099288853
BIN_000822,0.5195459278913418,-0.870098101980867,0.4804184559752078
BIN_000823,0.5195459278913418,-0.5220588611885202,0.48607951627210544
BIN_000824,0.5195459278913418,-0.17401962039617339,0.4939820336705754
BIN_000825,0.5195459278913418,0.17401962039617339,0.5041034374268509
BIN_000826,0.5195459278913418,0.5220588611885202,0.5164152593369274
BIN_000827,0.5195459278913418,0.870098101980867,0.5308835223093119
BIN_000828,0.5195459278913418,1.2181373427732138,0.547469189400342
BIN_000829,0.5195459278913418,1.5661765835655606,0.566128660112548
BIN_000830,0.5888187182768541,-1.5661765835655606,0.5485708231934586
BIN_000831,0.5888187182768541,-1.2181373427732138,0.5496719513019449
BIN_000832,0.5888187182768541,-0.870098101980867,0.5529723084690266
BIN_000833,0.5888187182768541,-0.5220588611885202,0.5584628546781333
BIN_000834,0.5888187182768541,-0.17401962039617339,0.566128660112548
BIN_000835,0.5888187182768541,0.17401962039617339,0.5759491059348242
BIN_000836,0.5888187182768541,0.5220588611885202,0.58789815656691
BIN_000837,0.5888187182768541,0.870098101980867,0.6019446952496647
BIN_000838,0.5888187182768541,1.2181373427732138,0.618052913096705
BIN_000839,0.5888187182768541,1.5661765835655606,0.6361827407900662
BIN_000840,0.6580915086623663,-1.5661765835655606,0.62126195828447
BIN_000841,0.6580915086623663,-1.2181373427732138,0.6223307144827882
BIN_000842,0.6580915086623663,-0.870098101980867,0.62553421487525
BIN_000843,0.6580915086623663,-0.5220588611885202,0.6308641905808833
BIN_000844,0.6580915086623663,-0.17401962039617339,0.6383069781494076
BIN_000845,0.6580915086623663,0.17401962039617339,0.6478436928993471
BIN_000846,0.6580915086623663,0.5220588611885202,0.6594504644152117
BIN_000847,0.6580915086623663,0.870098101980867,0.6730987274809732
BIN_000848,0.6580915086623663,1.2181373427732138,0.6887555604124297
BIN_000849,0.6580915086623663,1.5661765835655606,0.7063840618234194
BIN_000850,0.7273642990478786,-1.5661765835655606,0.6939530933754812
BIN_000851,0.7273642990478786,-1.2181373427732138,0.6949913263214458
BIN_000852,0.7273642990478786,-0.870098101980867,0.6981034872082114
BIN_000853,0.7273642990478786,-0.5220588611885202,0.7032819931016688
BIN_000854,0.7273642990478786,-0.17401962039617339,0.7105143079678463
BIN_000855,0.7273642990478786,0.17401962039617339,0.7197830929401605
BIN_000856,0.7273642990478786,0.5220588611885202,0.731066410815218
BIN_000857,0.7273642990478786,0.870098101980867,0.7443379792500169
BIN_000858,0.7273642990478786,1.2181373427732138,0.7595674660253444
BIN_000859,0.7273642990478786,1.5661765835655606,0.776720818935857
BIN_000860,0.7966370894333908,-1.5661765835655606,0.7666442284664925
BIN_000861,0.7966370894333908,-1.2181373427732138,0.7676536328871663
BIN_000862,0.7966370894333908,-0.870098101980867,0.770679513613295
BIN_000863,0.7966370894333908,-0.5220588611885202,0.7757148999046252
BIN_000864,0.7966370894333908,-0.17401962039617339,0.7827482627000177
BIN_000865,0.7966370894333908,0.17401962039617339,0.7917636453949842
BIN_000866,0.7966370894333908,0.5220588611885202,0.8027408420887833
BIN_000867,0.7966370894333908,0.870098101980867,0.8156556187334346
BIN_000868,0.7966370894333908,1.2181373427732138,0.8304799716807325
BIN_000869,0.7966370894333908,1.5661765835655606,0.8471824174266245
BIN_000870,0.8659098798189031,-1.5661765835655606,0.8393353635575037
BIN_000871,0.8659098798189031,-1.2181373427732138,0.8403174968742864
BIN_000872,0.8659098798189031,-0.870098101980867,0.8432617481272995
BIN_000873,0.8659098798189031,-0.5220588611885202,0.848161694660641
BIN_000874,0.8659098798189031,-0.17401962039617339,0.8550067095743245
BIN_000875,0.8659098798189031,0.17401962039617339,0.8637820759624708
BIN_000876,0.8659098798189031,0.5220588611885202,0.8744691428386772
BIN_000877,0.8659098798189031,0.870098101980867,0.8870455189554347
BIN_000878,0.8659098798189031,1.2181373427732138,0.9014852999310516
BIN_000879,0.8659098798189031,1.5661765835655606,0.9177593234943061
BIN_000880,0.9351826702044154,-1.5661765835655606,0.912026498648515
BIN_000881,0.9351826702044154,-1.2181373427732138,0.9129827954171532
BIN_000882,0.9351826702044154,-0.870098101980867,0.9158497020470642
BIN_000883,0.9351826702044154,-0.5220588611885202,0.9206212880275163
BIN_000884,0.9351826702044154,-0.17401962039617339,0.9272877370717608
BIN_000885,0.9351826702044154,0.17401962039617339,0.9358354472590461
BIN_000886,0.9351826702044154,0.5220588611885202,0.9462471678989601
BIN_000887,0.9351826702044154,0.870098101980867,0.9585021699534875
BIN_000888,0.9351826702044154,1.2181373427732138,0.9725764461779216
BIN_000889,0.9351826702044154,1.5661765835655606,0.9884429366193747
BIN_000890,1.0044554605899276,-1.5661765835655606,0.9847176337395263
BIN_000891,1.0044554605899276,-1.2181373427732138,0.985649418240792
BIN_000892,1.0044554605899276,-0.870098101980867,0.9884429366193747
BIN_000893,1.0044554605899276,-0.5220588611885202,0.9930927015234746
BIN_000894,1.0044554605899276,-0.17401962039617339,0.9995896270347983
BIN_000895,1.0044554605899276,0.17401962039617339,1.007921116747404
BIN_000896,1.0044554605899276,0.5220588611885202,1.0180711842911323
BIN_000897,1.0044554605899276,0.870098101980867,1.0300206036475916
BIN_000898,1.0044554605899276,1.2181373427732138,1.043747086032197
BIN_000899,1.0044554605899276,1.5661765835655606,1.0592254796629803
BIN_000900,1.0737282509754398,-1.5661765835655606,1.0574087688305376
BIN_000901,1.0737282509754398,-1.2181373427732138,1.0583172660886515
BIN_000902,1.0737282509754398,-0.870098101980867,1.0610410568221853
BIN_000903,1.0737282509754398,-0.5220588611885202,1.065575053793934
BIN_000904,1.0737282509754398,-0.17401962039617339,1.0719108308811245
BIN_000905,1.0737282509754398,0.17401962039617339,1.0800367007906977
BIN_000906,1.0737282509754398,0.5220588611885202,1.0899378215210282
BIN_000907,1.0737282509754398,0.870098101980867,1.1015963293382287
BIN_000908,1.0737282509754398,1.2181373427732138,1.1149914955442928
BIN_000909,1.0737282509754398,1.5661765835655606,1.130099903921549
BIN_000910,1.1430010413609522,-1.5661765835655606,1.130099903921549
BIN_000911,1.1430010413609522,-1.2181373427732138,1.1309862493801726
BIN_000912,1.1430010413609522,-0.870098101980867,1.1336437060518167
BIN_000913,1.1430010413609522,-0.5220588611885202,1.1380675488677137
BIN_000914,1.1430010413609522,-0.17401962039617339,1.1442499492359972
BIN_000915,1.1430010413609522,0.17401962039617339,1.1521800438205398
BIN_000916,1.1430010413609522,0.5220588611885202,1.1618440288588634
BIN_000917,1.1430010413609522,0.870098101980867,1.1732252781332606
BIN_000918,1.1430010413609522,1.2181373427732138,1.1863044822886668
BIN_000919,1.1430010413609522,1.5661765835655606,1.2010598068496354
BIN_000920,1.2122738317464643,-1.5661765835655606,1.2027910390125602
BIN_000921,1.2122738317464643,-1.2181373427732138,1.2036562870599226
BIN_000922,1.2122738317464643,-0.870098101980867,1.2062505615658776
BIN_000923,1.2122738317464643,-0.5220588611885202,1.2105694660748259
BIN_000924,1.2122738317464643,-0.17401962039617339,1.2166057144247158
BIN_000925,1.2122738317464643,0.17401962039617339,1.2243491917928107
BIN_000926,1.2122738317464643,0.5220588611885202,1.2337870384901752
BIN_000927,1.2122738317464643,0.870098101980867,1.2449037549052326
BIN_000928,1.2122738317464643,1.2181373427732138,1.257681325635362
BIN_000929,1.2122738317464643,1.5661765835655606,1.2720993605487307
BIN_000930,1.2815466221319765,-1.5661765835655606,1.2754821741035713
BIN_000931,1.2815466221319765,-1.2181373427732138,1.276327305607163
BIN_000932,1.2815466221319765,-0.870098101980867,1.2788613305594696
BIN_000933,1.2815466221319765,-0.5220588611885202,1.2830801513582055
BIN_000934,1.2815466221319765,-0.17401962039617339,1.2889769753683822
BIN_000935,1.2815466221319765,0.17401962039617339,1.2965423692537692
BIN_000936,1.2815466221319765,0.5220588611885202,1.305764333622296
BIN_000937,1.2815466221319765,0.870098101980867,1.316628396623491
BIN_000938,1.2815466221319765,1.2181373427732138,1.3291177248247583
BIN_000939,1.2815466221319765,1.5661765835655606,1.3432132494346987
BIN_000940,1.3508194125174888,-1.5661765835655606,1.3481733091945827
BIN_000941,1.3508194125174888,-1.2181373427732138,1.3489992381803328
BIN_000942,1.3508194125174888,-0.870098101980867,1.3514757467743728
BIN_000943,1.3508194125174888,-0.5220588611885202,1.3555990097598796
BIN_000944,1.3508194125174888,-0.17401962039617339,1.3613626845074822
BIN_000945,1.3508194125174888,0.17401962039617339,1.3687579594582
BIN_000946,1.3508194125174888,0.5220588611885202,1.3777736207897109
BIN_000947,1.3508194125174888,0.870098101980867,1.3883961361023747
BIN_000948,1.3508194125174888,1.2181373427732138,1.4006097536925188
BIN_000949,1.3508194125174888,1.5661765835655606,1.414396615754878
BIN_000950,1.420092202903001,-1.5661765835655606,1.420864444285594
BIN_000951,1.420092202903001,-1.2181373427732138,1.421672023875505
BIN_000952,1.420092202903001,-0.870098101980867,1.4240935675586675
BIN_000953,1.420092202903001,-0.5220588611885202,1.4281254989006333
BIN_000954,1.420092202903001,-0.17401962039617339,1.4337618864432415
BIN_000955,1.420092202903001,0.17401962039617339,1.4409944870775007
BIN_000956,1.420092202903001,0.5220588611885202,1.449812805730228
BIN_000957,1.420092202903001,0.870098101980867,1.4602041703669375
BIN_000958,1.420092202903001,1.2181373427732138,1.4721538210805816
BIN_000959,1.420092202903001,1.5661765835655606,1.485645011838568
BIN_000960,1.4893649932885134,-1.5661765835655606,1.4935555793766053
BIN_000961,1.4893649932885134,-1.2181373427732138,1.494345607081471
BIN_000962,1.4893649932885134,-0.870098101980867,1.4967145713085235
BIN_000963,1.4893649932885134,-0.5220588611885202,1.5006591233033943
BIN_000964,1.4893649932885134,-0.17401962039617339,1.5061737080396458
BIN_000965,1.4893649932885134,0.17401962039617339,1.5132506031136783
BIN_000966,1.4893649932885134,0.5220588611885202,1.521879972308513
BIN_000967,1.4893649932885134,0.870098101980867,1.532049932968539
BIN_000968,1.4893649932885134,1.2181373427732138,1.5437466361251158
BIN_000969,1.4893649932885134,1.5661765835655606,1.5569543581402578
BIN_000970,1.5586377836740255,-1.5661765835655606,1.5662467144676164
BIN_000971,1.5586377836740255,-1.2181373427732138,1.5670199369170954
BIN_000972,1.5586377836740255,-0.870098101980867,1.5693385552354653
BIN_000973,1.5586377836740255,-0.5220588611885202,1.5731994294357718
BIN_000974,1.5586377836740255,-0.17401962039617339,1.5785973497719772
BIN_000975,1.5586377836740255,0.17401962039617339,1.5855250716987177
BIN_000976,1.5586377836740255,0.5220588611885202,1.593973364049058
BIN_000977,1.5586377836740255,0.870098101980867,1.6039310696900826
BIN_000978,1.5586377836740255,1.2181373427732138,1.6153851777401902
BIN_000979,1.5586377836740255,1.5661765835655606,1.6283209062805029
BIN_000980,1.6279105740595379,-1.5661765835655606,1.6389378495586278
BIN_000981,1.6279105740595379,-1.2181373427732138,1.639694966738933
BIN_000982,1.6279105740595379,-0.870098101980867,1.64196533341182
BIN_000983,1.6279105740595379,-0.5220588611885202,1.645746001367769
BIN_000984,1.6279105740595379,-0.17401962039617339,1.6510320781428058
BIN_000985,1.6279105740595379,0.17401962039617339,1.6578167585107995
BIN_000986,1.6279105740595379,0.5220588611885202,1.6660913679108198
BIN_000987,1.6279105740595379,0.870098101980867,1.6758454171691155
BIN_000988,1.6279105740595379,1.2181373427732138,1.6870666677216826
BIN_000989,1.6279105740595379,1.5661765835655606,1.6997412064103479
BIN_000990,1.69718336444505,-1.5661765835655606,1.711628984649639
BIN_000991,1.69718336444505,-1.2181373427732138,1.7123706537091004
BIN_000992,1.69718336444505,-0.870098101980867,1.714594735054763
BIN_000993,1.69718336444505,-0.5220588611885202,1.7182984569574855
BIN_000994,1.69718336444505,-0.17401962039617339,1.7234772190151375
BIN_000995,1.69718336444505,0.17401962039617339,1.7301246205815692
BIN_000996,1.69718336444505,0.5220588611885202,1.7382324999936019
BIN_000997,1.69718336444505,0.870098101980867,1.7477909840401902
BIN_000998,1.69718336444505,1.2181373427732138,1.7587885469837021
BIN_000999,1.69718336444505,1.5661765835655606,1.771212078326084
BIN_001000,-1.69718336444505,-1.5661765835655606,-1.8502366348099135
BIN_001001,-1.69718336444505,-1.2181373427732138,-1.7775454997189022
BIN_001002,-1.69718336444505,-0.870098101980867,-1.704854364627891
BIN_001003,-1.69718336444505,-0.5220588611885202,-1.6321632295368798
BIN_001004,-1.69718336444505,-0.17401962039617339,-1.5594720944458684
BIN_001005,-1.69718336444505,0.17401962039617339,-1.486780959354857
BIN_001006,-1.69718336444505,0.5220588611885202,-1.414089824263846
BIN_001007,-1.69718336444505,0.870098101980867,-1.3413986891728347
BIN_001008,-1.69718336444505,1.2181373427732138,-1.2687075540818233
BIN_001009,-1.69718336444505,1.5661765835655606,-1.196016418990812
BIN_001010,-1.6279105740595379,-1.5661765835655606,-1.7775454997189022
BIN_001011,-1.6279105740595379,-1.2181373427732138,-1.7474358456999106
BIN_001012,-1.6279105740595379,-0.870098101980867,-1.6876943153847919
BIN_001013,-1.6279105740595379,-0.5220588611885202,-1.620367082219327
BIN_001014,-1.6279105740595379,-0.17401962039617339,-1.5505234067836315
BIN_001015,-1.6279105740595379,0.17401962039617339,-1.4795831185156376
BIN_001016,-1.6279105740595379,0.5220588611885202,-1.4080737219934643
BIN_001017,-1.6279105740595379,0.870098101980867,-1.3362326892598988
BIN_001018,-1.6279105740595379,1.2181373427732138,-1.2641819676897914
BIN_001019,-1.6279105740595379,1.5661765835655606,-1.1919904104324308
BIN_001020,-1.5586377836740255,-1.5661765835655606,-1.704854364627891
BIN_001021,-1.5586377836740255,-1.2181373427732138,-1.6876943153847919
BIN_001022,-1.5586377836740255,-0.870098101980867,-1.6446350565899075
BIN_001023,-1.5586377836740255,-0.5220588611885202,-1.5881450199675928
BIN_001024,-1.5586377836740255,-0.17401962039617339,-1.5251519959596704
BIN_001025,-1.5586377836740255,0.17401962039617339,-1.4587828923271395
BIN_001026,-1.5586377836740255,0.5220588611885202,-1.39049752962874
BIN_001027,-1.5586377836740255,0.870098101980867,-1.3210371833708163
BIN_001028,-1.5586377836740255,1.2181373427732138,-1.2508101787573496
BIN_001029,-1.5586377836740255,1.5661765835655606,-1.1800574831872517
BIN_001030,-1.4893649932885134,-1.5661765835655606,-1.6321632295368798
BIN_001031,-1.4893649932885134,-1.2181373427732138,-1.620367082219327
BIN_001032,-1.4893649932885134,-0.870098101980867,-1.5881450199675928
BIN_001033,-1.4893649932885134,-0.5220588611885202,-1.5418342674799048
BIN_001034,-1.4893649932885134,-0.17401962039617339,-1.486780959354857
BIN_001035,-1.4893649932885134,0.17401962039617339,-1.4263781229125256
BIN_001036,-1.4893649932885134,0.5220588611885202,-1.3626096765345488
BIN_001037,-1.4893649932885134,0.870098101980867,-1.2966374431490697
BIN_001038,-1.4893649932885134,1.2181373427732138,-1.2291633043409305
BIN_001039,-1.4893649932885134,1.5661765835655606,-1.1606279770381533
BIN_001040,-1.420092202903001,-1.5661765835655606,-1.5594720944458684
BIN_001041,-1.420092202903001,-1.2181373427732138,-1.5505234067836315
BIN_001042,-1.420092202903001,-0.870098101980867,-1.5251519959596704
BIN_001043,-1.420092202903001,-0.5220588611885202,-1.486780959354857
BIN_001044,-1.420092202903001,-0.17401962039617339,-1.4390334783699017
BIN_001045,-1.420092202903001,0.17401962039617339,-1.3847862658621537
BIN_001046,-1.420092202903001,0.5220588611885202,-1.3260534051252717
BIN_001047,-1.420092202903001,0.870098101980867,-1.2641819676897914
BIN_001048,-1.420092202903001,1.2181373427732138,-1.2000673571094271
BIN_001049,-1.420092202903001,1.5661765835655606,-1.1343119818473926
BIN_001050,-1.3508194125174888,-1.5661765835655606,-1.486780959354857
BIN_001051,-1.3508194125174888,-1.2181373427732138,-1.4795831185156376
BIN_001052,-1.3508194125174888,-0.870098101980867,-1.4587828923271395
BIN_001053,-1.3508194125174888,-0.5220588611885202,-1.4263781229125256
BIN_001054,-1.3508194125174888,-0.17401962039617339,-1.3847862658621537
BIN_001055,-1.3508194125174888,0.17401962039617339,-1.3362326892598988
BIN_001056,-1.3508194125174888,0.5220588611885202,-1.282500720524056
BIN_001057,-1.3508194125174888,0.870098101980867,-1.2249238467264982
BIN_001058,-1.3508194125174888,1.2181373427732138,-1.1644698378935356
BIN_001059,-1.3508194125174888,1.5661765835655606,-1.10183559338434
BIN_001060,-1.2815466221319765,-1.5661765835655606,-1.414089824263846
BIN_001061,-1.2815466221319765,-1.2181373427732138,-1.4080737219934643
BIN_001062,-1.2815466221319765,-0.870098101980867,-1.39049752962874
BIN_001063,-1.2815466221319765,-0.5220588611885202,-1.3626096765345488
BIN_001064,-1.2815466221319765,-0.17401962039617339,-1.3260534051252717
BIN_001065,-1.2815466221319765,0.17401962039617339,-1.282500720524056
BIN_001066,-1.2815466221319765,0.5220588611885202,-1.233431900149896
BIN_001067,-1.2815466221319765,0.870098101980867,-1.1800574831872517
BIN_001068,-1.2815466221319765,1.2181373427732138,-1.1233252838998007
BIN_001069,-1.2815466221319765,1.5661765835655606,-1.063961790282951
BIN_001070,-1.2122738317464643,-1.5661765835655606,-1.3413986891728347
BIN_001071,-1.2122738317464643,-1.2181373427732138,-1.3362326892598988
BIN_001072,-1.2122738317464643,-0.870098101980867,-1.3210371833708163
BIN_001073,-1.2122738317464643,-0.5220588611885202,-1.2966374431490697
BIN_001074,-1.2122738317464643,-0.17401962039617339,-1.2641819676897914
BIN_001075,-1.2122738317464643,0.17401962039617339,-1.2249238467264982
BIN_001076,-1.2122738317464643,0.5220588611885202,-1.1800574831872517
BIN_001077,-1.2122738317464643,0.870098101980867,-1.130631111039893
BIN_001078,-1.2122738317464643,1.2181373427732138,-1.0775192694992712
BIN_001079,-1.2122738317464643,1.5661765835655606,-1.0214301762765872
BIN_001080,-1.1430010413609522,-1.5661765835655606,-1.2687075540818233
BIN_001081,-1.1430010413609522,-1.2181373427732138,-1.2641819676897914
BIN_001082,-1.1430010413609522,-0.870098101980867,-1.2508101787573496
BIN_001083,-1.1430010413609522,-0.5220588611885202,-1.2291633043409305
BIN_001084,-1.1430010413609522,-0.17401962039617339,-1.2000673571094271
BIN_001085,-1.1430010413609522,0.17401962039617339,-1.1644698378935356
BIN_001086,-1.1430010413609522,0.5220588611885202,-1.1233252838998007
BIN_001087,-1.1430010413609522,0.870098101980867,-1.0775192694992712
BIN_001088,-1.1430010413609522,1.2181373427732138,-1.0278303219298899
BIN_001089,-1.1430010413609522,1.5661765835655606,-0.9749194565717337
BIN_001090,-1.0737282509754398,-1.5661765835655606,-1.196016418990812
BIN_001091,-1.0737282509754398,-1.2181373427732138,-1.1919904104324308
BIN_001092,-1.0737282509754398,-0.870098101980867,-1.1800574831872517
BIN_001093,-1.0737282509754398,-0.5220588611885202,-1.1606279770381533
BIN_001094,-1.0737282509754398,-0.17401962039617339,-1.1343119818473926
BIN_001095,-1.0737282509754398,0.17401962039617339,-1.10183559338434
BIN_001096,-1.0737282509754398,0.5220588611885202,-1.063961790282951
BIN_001097,-1.0737282509754398,0.870098101980867,-1.0214301762765872
BIN_001098,-1.0737282509754398,1.2181373427732138,-0.9749194565717337
BIN_001099,-1.0737282509754398,1.5661765835655606,-0.925029532819887
BIN_001100,-1.0044554605899276,-1.5661765835655606,-1.1233252838998007
BIN_001101,-1.0044554605899276,-1.2181373427732138,-1.1196997683871541
BIN_001102,-1.0044554605899276,-0.870098101980867,-1.1089296022213622
BIN_001103,-1.0044554605899276,-0.5220588611885202,-1.0913189039791324
BIN_001104,-1.0044554605899276,-0.17401962039617339,-1.0673291498443658
BIN_001105,-1.0044554605899276,0.17401962039617339,-1.0375250376843057
BIN_001106,-1.0044554605899276,0.5220588611885202,-1.0025196110151378
BIN_001107,-1.0044554605899276,0.870098101980867,-0.9629282515506726
BIN_001108,-1.0044554605899276,1.2181373427732138,-0.9193358969143941
BIN_001109,-1.0044554605899276,1.5661765835655606,-0.8722774317404006
BIN_001110,-0.9351826702044154,-1.5661765835655606,-1.0506341488087896
BIN_001111,-0.9351826702044154,-1.2181373427732138,-1.0473368049805647
BIN_001112,-0.9351826702044154,-0.870098101980867,-1.0375250376843057
BIN_001113,-0.9351826702044154,-0.5220588611885202,-1.0214301762765872
BIN_001114,-0.9351826702044154,-0.17401962039617339,-0.9994087124000456
BIN_001115,-0.9351826702044154,0.17401962039617339,-0.9719063076324506
BIN_001116,-0.9351826702044154,0.5220588611885202,-0.9394193227386699
BIN_001117,-0.9351826702044154,0.870098101980867,-0.9024601893654507
BIN_001118,-0.9351826702044154,1.2181373427732138,-0.8615303046230195
BIN_001119,-0.9351826702044154,1.5661765835655606,-0.817101490501305
BIN_001120,-0.8659098798189031,-1.5661765835655606,-0.9779430137177783
BIN_001121,-0.8659098798189031,-1.2181373427732138,-0.9749194565717337
BIN_001122,-0.8659098798189031,-0.870098101980867,-0.9659108091770146
BIN_001123,-0.8659098798189031,-0.5220588611885202,-0.9510969507310678
BIN_001124,-0.8659098798189031,-0.17401962039617339,-0.9307584244475666
BIN_001125,-0.8659098798189031,0.17401962039617339,-0.9052518786267669
BIN_001126,-0.8659098798189031,0.5220588611885202,-0.874982718259184
BIN_001127,-0.8659098798189031,0.870098101980867,-0.8403791120285102
BIN_001128,-0.8659098798189031,1.2181373427732138,-0.8018701754406301
BIN_001129,-0.8659098798189031,1.5661765835655606,-0.7598696084447444
BIN_001130,-0.7966370894333908,-1.5661765835655606,-0.9052518786267669
BIN_001131,-0.7966370894333908,-1.2181373427732138,-0.9024601893654507
BIN_001132,-0.7966370894333908,-0.870098101980867,-0.8941340284428985
BIN_001133,-0.7966370894333908,-0.5220588611885202,-0.8804159299856157
BIN_001134,-0.7966370894333908,-0.17401962039617339,-0.8615303046230195
BIN_001135,-0.7966370894333908,0.17401962039617339,-0.8377662809530649
BIN_001136,-0.7966370894333908,0.5220588611885202,-0.8094579696903655
BIN_001137,-0.7966370894333908,0.870098101980867,-0.7769648871436089
BIN_001138,-0.7966370894333908,1.2181373427732138,-0.740654613888982
BIN_001139,-0.7966370894333908,1.5661765835655606,-0.70088887185698
BIN_001140,-0.7273642990478786,-1.5661765835655606,-0.8325607435357557
BIN_001141,-0.7273642990478786,-1.2181373427732138,-0.8299679345150003
BIN_001142,-0.7273642990478786,-0.870098101980867,-0.8222287437098839
BIN_001143,-0.7273642990478786,-0.5220588611885202,-0.8094579696903655
BIN_001144,-0.7273642990478786,-0.17401962039617339,-0.7918377319317189
BIN_001145,-0.7273642990478786,0.17401962039617339,-0.7696052232263232
BIN_001146,-0.7273642990478786,0.5220588611885202,-0.7430382514882259
BIN_001147,-0.7273642990478786,0.870098101980867,-0.7124403988340624
BIN_001148,-0.7273642990478786,1.2181373427732138,-0.6781273005696691
BIN_001149,-0.7273642990478786,1.5661765835655606,-0.6404150320655074
BIN_001150,-0.6580915086623663,-1.5661765835655606,-0.7598696084447444
BIN_001151,-0.6580915086623663,-1.2181373427732138,-0.7574492569063979
BIN_001152,-0.6580915086623663,-0.870098101980867,-0.7502201546298664
BIN_001153,-0.6580915086623663,-0.5220588611885202,-0.7382760859270863
BIN_001154,-0.6580915086623663,-0.17401962039617339,-0.7217667547876172
BIN_001155,-0.6580915086623663,0.17401962039617339,-0.70088887185698
BIN_001156,-0.6580915086623663,0.5220588611885202,-0.6758754073615919
BIN_001157,-0.6580915086623663,0.870098101980867,-0.646984247692155
BIN_001158,-0.6580915086623663,1.2181373427732138,-0.6144873382627218
BIN_001159,-0.6580915086623663,1.5661765835655606,-0.5786610991177499
BIN_001160,-0.5888187182768541,-1.5661765835655606,-0.687178473353733
BIN_001161,-0.5888187182768541,-1.2181373427732138,-0.6849090894173528
BIN_001162,-0.5888187182768541,-0.870098101980867,-0.6781273005696691
BIN_001163,-0.5888187182768541,-0.5220588611885202,-0.6669106877364931
BIN_001164,-0.5888187182768541,-0.17401962039617339,-0.6513837227047858
BIN_001165,-0.5888187182768541,0.17401962039617339,-0.6317111673081784
BIN_001166,-0.5888187182768541,0.5220588611885202,-0.6080899738719477
BIN_001167,-0.5888187182768541,0.870098101980867,-0.580740537198742
BIN_001168,-0.5888187182768541,1.2181373427732138,-0.5498980794089409
BIN_001169,-0.5888187182768541,1.5661765835655606,-0.5158047790314993
BIN_001170,-0.5195459278913418,-1.5661765835655606,-0.6144873382627218
BIN_001171,-0.5195459278913418,-1.2181373427732138,-0.6123512099673318
BIN_001172,-0.5195459278913418,-0.870098101980867,-0.605964828330253
BIN_001173,-0.5195459278913418,-0.5220588611885202,-0.5953930851973509
BIN_001174,-0.5195459278913418,-0.17401962039617339,-0.580740537198742
BIN_001175,-0.5195459278913418,0.17401962039617339,-0.5621464392345531
BIN_001176,-0.5195459278913418,0.5220588611885202,-0.5397785605983095
BIN_001177,-0.5195459278913418,0.870098101980867,-0.5138263763798752
BIN_001178,-0.5195459278913418,1.2181373427732138,-0.4844942009486321
BIN_001179,-0.5195459278913418,1.5661765835655606,-0.4519947334554767
BIN_001180,-0.4502731375058296,-1.5661765835655606,-0.5417962031717105
BIN_001181,-0.4502731375058296,-1.2181373427732138,-0.5397785605983095
BIN_001182,-0.4502731375058296,-0.870098101980867,-0.5337441860549479
BIN_001183,-0.4502731375058296,-0.5220588611885202,-0.5237478963605652
BIN_001184,-0.4502731375058296,-0.17401962039617339,-0.5098783315645908
BIN_001185,-0.4502731375058296,0.17401962039617339,-0.4922541639487985
BIN_001186,-0.4502731375058296,0.5220588611885202,-0.47101931926639296
BIN_001187,-0.4502731375058296,0.870098101980867,-0.44633762915967445
BIN_001188,-0.4502731375058296,1.2181373427732138,-0.4183873288848716
BIN_001189,-0.4502731375058296,1.5661765835655606,-0.38735575998381927
BIN_001190,-0.38100034712031733,-1.5661765835655606,-0.46910506808069924
BIN_001191,-0.38100034712031733,-1.2181373427732138,-0.46719346638142467
BIN_001192,-0.38100034712031733,-0.870098101980867,-0.46147444886907635
BIN_001193,-0.38100034712031733,-0.5220588611885202,-0.4519947334554767
BIN_001194,-0.38100034712031733,-0.17401962039617339,-0.43883009431599596
BIN_001195,-0.38100034712031733,0.17401962039617339,-0.42208243002795615
BIN_001196,-0.38100034712031733,0.5220588611885202,-0.40187602882623713
BIN_001197,-0.38100034712031733,0.870098101980867,-0.3783533311692829
BIN_001198,-0.38100034712031733,1.2181373427732138,-0.3516704946785038
BIN_001199,-0.38100034712031733,1.5661765835655606,-0.32199303662201795
BIN_001200,-0.3117275567348051,-1.5661765835655606,-0.39641393298968797
BIN_001201,-0.3117275567348051,-1.2181373427732138,-0.3945977889938641
BIN_001202,-0.3117275567348051,-0.870098101980867,-0.38916290196439457
BIN_001203,-0.3117275567348051,-0.5220588611885202,-0.38014940664444263
BIN_001204,-0.3117275567348051,-0.17401962039617339,-0.3676225696328109
BIN_001205,-0.3117275567348051,0.17401962039617339,-0.3516704946785038
BIN_001206,-0.3117275567348051,0.5220588611885202,-0.33240117314835116
BIN_001207,-0.3117275567348051,0.870098101980867,-0.3099390975632868
BIN_001208,-0.3117275567348051,1.2181373427732138,-0.2844216648788182
BIN_001209,-0.3117275567348051,1.5661765835655606,-0.25599558054169147
BIN_001210,-0.24245476634929286,-1.5661765835655606,-0.3237227978986767
BIN_001211,-0.24245476634929286,-1.2181373427732138,-0.32199303662201795
BIN_001212,-0.24245476634929286,-0.870098101980867,-0.3168154601925989
BIN_001213,-0.24245476634929286,-0.5220588611885202,-0.30822479815986914
BIN_001214,-0.24245476634929286,-0.17401962039617339,-0.2962776545872758
BIN_001215,-0.24245476634929286,0.17401962039617339,-0.2810506922581846
BIN_001216,-0.24245476634929286,0.5220588611885202,-0.2626382804926216
BIN_001217,-0.24245476634929286,0.870098101980867,-0.24114976667580687
BIN_001218,-0.24245476634929286,1.2181373427732138,-0.21670654141893972
BIN_001219,-0.24245476634929286,1.5661765835655606,-0.18943905982738152
BIN_001220,-0.17318197596378063,-1.5661765835655606,-0.2510316628076654
BIN_001221,-0.17318197596378063,-1.2181373427732138,-0.24938044401777043
BIN_001222,-0.17318197596378063,-0.870098101980867,-0.24443697515121593
BIN_001223,-0.17318197596378063,-0.5220588611885202,-0.23623150701010132
BIN_001224,-0.17318197596378063,-0.17401962039617339,-0.22481344055869792
BIN_001225,-0.17318197596378063,0.17401962039617339,-0.21024987556543617
BIN_001226,-0.17318197596378063,0.5220588611885202,-0.19262371774326065
BIN_001227,-0.17318197596378063,0.870098101980867,-0.17203146338513386
BIN_001228,-0.17318197596378063,1.2181373427732138,-0.14858078999017763
BIN_001229,-0.17318197596378063,1.5661765835655606,-0.12238807858077973
BIN_001230,-0.10390918557826836,-1.5661765835655606,-0.17834052771665415
BIN_001231,-0.10390918557826836,-1.2181373427732138,-0.1767610317506951
BIN_001232,-0.10390918557826836,-0.870098101980867,-0.17203146338513386
BIN_001233,-0.10390918557826836,-0.5220588611885202,-0.1641783312507003
BIN_001234,-0.10390918557826836,-0.17401962039617339,-0.15324499934239894
BIN_001235,-0.10390918557826836,0.17401962039617339,-0.1392905161568197
BIN_001236,-0.10390918557826836,0.5220588611885202,-0.12238807858077973
BIN_001237,-0.10390918557826836,0.870098101980867,-0.10262321993986363
BIN_001238,-0.10390918557826836,1.2181373427732138,-0.08009182021251667
BIN_001239,-0.10390918557826836,1.5661765835655606,-0.05489803618847609
BIN_001240,-0.034636395192756124,-1.5661765835655606,-0.10564939262564287
BIN_001241,-0.034636395192756124,-1.2181373427732138,-0.10413565069904646
BIN_001242,-0.034636395192756124,-0.870098101980867,-0.0996022783335539
BIN_001243,-0.034636395192756124,-0.5220588611885202,-0.09207263344954683
BIN_001244,-0.034636395192756124,-0.17401962039617339,-0.08158498354411552
BIN_001245,-0.034636395192756124,0.17401962039617339,-0.06819155299727594
BIN_001246,-0.034636395192756124,0.5220588611885202,-0.051957266652222056
BIN_001247,-0.034636395192756124,0.870098101980867,-0.032958257534631594
BIN_001248,-0.034636395192756124,1.2181373427732138,-0.011280214085219446
BIN_001249,-0.034636395192756124,1.5661765835655606,0.0129833565970356
BIN_001250,0.034636395192756124,-1.5661765835655606,-0.032958257534631594
BIN_001251,0.034636395192756124,-1.2181373427732138,-0.0315050158971335
BIN_001252,0.034636395192756124,-0.870098101980867,-0.027152241536919437
BIN_001253,0.034636395192756124,-0.5220588611885202,-0.019920620947919524
BIN_001254,0.034636395192756124,-0.17401962039617339,-0.009844090148477242
BIN_001255,0.034636395192756124,0.17401962039617339,0.0030309466614651605
BIN_001256,0.034636395192756124,0.5220588611885202,0.018646652306162248
BIN_001257,0.034636395192756124,0.870098101980867,0.03693499369461791
BIN_001258,0.034636395192756124,1.2181373427732138,0.05781912230116733
BIN_001259,0.034636395192756124,1.5661765835655606,0.08121483786515062
BIN_001260,0.10390918557826836,-1.5661765835655606,0.039732877556379685
BIN_001261,0.10390918557826836,-1.2181373427732138,0.0411302674052289
BIN_001262,0.10390918557826836,-0.870098101980867,0.04531625607901237
BIN_001263,0.10390918557826836,-0.5220588611885202,0.05227243685346777
BIN_001264,0.10390918557826836,-0.17401962039617339,0.06196857792411689
BIN_001265,0.10390918557826836,0.17401962039617339,0.0743632679476896
BIN_001266,0.10390918557826836,0.5220588611885202,0.08940477483868228
BIN_001267,0.10390918557826836,0.870098101980867,0.10703207760395606
BIN_001268,0.10390918557826836,1.2181373427732138,0.12717602556387456
BIN_001269,0.10390918557826836,1.5661765835655606,0.14976057730326234
BIN_001270,0.17318197596378063,-1.5661765835655606,0.11242401264739096
BIN_001271,0.17318197596378063,-1.2181373427732138,0.11376968345852456
BIN_001272,0.17318197596378063,-0.870098101980867,0.11780117518277167
BIN_001273,0.17318197596378063,-0.5220588611885202,0.12450203832253467
BIN_001274,0.17318197596378063,-0.17401962039617339,0.13384522716318545
BIN_001275,0.17318197596378063,0.17401962039617339,0.14579363677867574
BIN_001276,0.17318197596378063,0.5220588611885202,0.160300820058071
BIN_001277,0.17318197596378063,0.870098101980867,0.17731185338899697
BIN_001278,0.17318197596378063,1.2181373427732138,0.1967643150701749
BIN_001279,0.17318197596378063,1.5661765835655606,0.21858933850536666
BIN_001280,0.24245476634929286,-1.5661765835655606,0.18511514773840224
BIN_001281,0.24245476634929286,-1.2181373427732138,0.18641279006502703
BIN_001282,0.24245476634929286,-0.870098101980867,0.1903007657799129
BIN_001283,0.24245476634929286,-0.5220588611885202,0.1967643150701749
BIN_001284,0.24245476634929286,-0.17401962039617339,0.2057791473901459
BIN_001285,0.24245476634929286,0.17401962039617339,0.21731189103974544
BIN_001286,0.24245476634929286,0.5220588611885202,0.23132069542918274
BIN_001287,0.24245476634929286,0.870098101980867,0.24775596137405995
BIN_001288,0.24245476634929286,1.2181373427732138,0.26656117094647563
BIN_001289,0.24245476634929286,1.5661765835655606,0.28767378649145564
BIN_001290,0.3117275567348051,-1.5661765835655606,0.25780628282941354
BIN_001291,0.3117275567348051,-1.2181373427732138,0.25905920592228354
BIN_001292,0.3117275567348051,-0.870098101980867,0.2628135177166671
BIN_001293,0.3117275567348051,-0.5220588611885202,0.2690559246770263
BIN_001294,0.3117275567348051,-0.17401962039617339,0.27776453073075413
BIN_001295,0.3117275567348051,0.17401962039617339,0.2889092159047629
BIN_001296,0.3117275567348051,0.5220588611885202,0.3024521450555907
BIN_001297,0.3117275567348051,0.870098101980867,0.3183483871639751
BIN_001298,0.3117275567348051,1.2181373427732138,0.3365466224750384
BIN_001299,0.3117275567348051,1.5661765835655606,0.3569899130088005
BIN_001300,0.38100034712031733,-1.5661765835655606,0.3304974179204248
BIN_001301,0.38100034712031733,-1.2181373427732138,0.3317086004924086
BIN_001302,0.38100034712031733,-0.870098101980867,0.3353381209971178
BIN_001303,0.38100034712031733,-0.5220588611885202,0.34137396445836493
BIN_001304,0.38100034712031733,-0.17401962039617339,0.34979632555018114
BIN_001305,0.38100034712031733,0.17401962039617339,0.3605779292723339
BIN_001306,0.38100034712031733,0.5220588611885202,0.373684462955741
BIN_001307,0.38100034712031733,0.870098101980867,0.389075104019196
BIN_001308,0.38100034712031733,1.2181373427732138,0.4067031252346793
BIN_001309,0.38100034712031733,1.5661765835655606,0.42651655768242985
BIN_001310,0.4502731375058296,-1.5661765835655606,0.4031885530114361
BIN_001311,0.4502731375058296,-1.2181373427732138,0.4043606858281876
BIN_001312,0.4502731375058296,-0.870098101980867,0.4078734337188469
BIN_001313,0.4502731375058296,-0.5220588611885202,0.4137159016172666
BIN_001314,0.4502731375058296,-0.17401962039617339,0.42187011775273836
BIN_001315,0.4502731375058296,0.17401962039617339,0.43231130666430145
BIN_001316,0.4502731375058296,0.5220588611885202,0.44500825788829096
BIN_001317,0.4502731375058296,0.870098101980867,0.4599237778081904
BIN_001318,0.4502731375058296,1.2181373427732138,0.4770152099288853
BIN_001319,0.4502731375058296,1.5661765835655606,0.496235007442359
BIN_001320,0.5195459278913418,-1.5661765835655606,0.47587968810244735
BIN_001321,0.5195459278913418,-1.2181373427732138,0.4770152099288853
BIN_001322,0.5195459278913418,-0.870098101980867,0.4804184559752078
BIN_001323,0.5195459278913418,-0.5220588611885202,0.48607951627210544
BIN_001324,0.5195459278913418,-0.17401962039617339,0.4939820336705754
BIN_001325,0.5195459278913418,0.17401962039617339,0.5041034374268509
BIN_001326,0.5195459278913418,0.5220588611885202,0.5164152593369274
BIN_001327,0.5195459278913418,0.870098101980867,0.5308835223093119
BIN_001328,0.5195459278913418,1.2181373427732138,0.547469189400342
BIN_001329,0.5195459278913418,1.5661765835655606,0.566128660112548
BIN_001330,0.5888187182768541,-1.5661765835655606,0.5485708231934586
BIN_001331,0.5888187182768541,-1.2181373427732138,0.5496719513019449
BIN_001332,0.5888187182768541,-0.870098101980867,0.5529723084690266
BIN_001333,0.5888187182768541,-0.5220588611885202,0.5584628546781333
BIN_001334,0.5888187182768541,-0.17401962039617339,0.566128660112548
BIN_001335,0.5888187182768541,0.17401962039617339,0.5759491059348242
BIN_001336,0.5888187182768541,0.5220588611885202,0.58789815656691
BIN_001337,0.5888187182768541,0.870098101980867,0.6019446952496647
BIN_001338,0.5888187182768541,1.2181373427732138,0.618052913096705
BIN_001339,0.5888187182768541,1.5661765835655606,0.6361827407900662
BIN_001340,0.6580915086623663,-1.5661765835655606,0.62126195828447
BIN_001341,0.6580915086623663,-1.2181373427732138,0.6223307144827882
BIN_001342,0.6580915086623663,-0.870098101980867,0.62553421487525
BIN_001343,0.6580915086623663,-0.5220588611885202,0.6308641905808833
BIN_001344,0.6580915086623663,-0.17401962039617339,0.6383069781494076
BIN_001345,0.6580915086623663,0.17401962039617339,0.6478436928993471
BIN_001346,0.6580915086623663,0.5220588611885202,0.6594504644152117
BIN_001347,0.6580915086623663,0.870098101980867,0.6730987274809732
BIN_001348,0.6580915086623663,1.2181373427732138,0.6887555604124297
BIN_001349,0.6580915086623663,1.5661765835655606,0.7063840618234194
BIN_001350,0.7273642990478786,-1.5661765835655606,0.6939530933754812
BIN_001351,0.7273642990478786,-1.2181373427732138,0.6949913263214458
BIN_001352,0.7273642990478786,-0.870098101980867,0.6981034872082114
BIN_001353,0.7273642990478786,-0.5220588611885202,0.7032819931016688
BIN_001354,0.7273642990478786,-0.17401962039617339,0.7105143079678463
BIN_001355,0.7273642990478786,0.17401962039617339,0.7197830929401605
BIN_001356,0.7273642990478786,0.5220588611885202,0.731066410815218
BIN_001357,0.7273642990478786,0.870098101980867,0.7443379792500169
BIN_001358,0.7273642990478786,1.2181373427732138,0.7595674660253444
BIN_001359,0.7273642990478786,1.5661765835655606,0.776720818935857
BIN_001360,0.7966370894333908,-1.5661765835655606,0.7666442284664925
BIN_001361,0.7966370894333908,-1.2181373427732138,0.7676536328871663
BIN_001362,0.7966370894333908,-0.870098101980867,0.770679513613295
BIN_001363,0.7966370894333908,-0.5220588611885202,0.7757148999046252
BIN_001364,0.7966370894333908,-0.17401962039617339,0.7827482627000177
BIN_001365,0.7966370894333908,0.17401962039617339,0.7917636453949842
BIN_001366,0.7966370894333908,0.5220588611885202,0.8027408420887833
BIN_001367,0.7966370894333908,0.870098101980867,0.8156556187334346
BIN_001368,0.7966370894333908,1.2181373427732138,0.8304799716807325
BIN_001369,0.7966370894333908,1.5661765835655606,0.8471824174266245
BIN_001370,0.8659098798189031,-1.5661765835655606,0.8393353635575037
BIN_001371,0.8659098798189031,-1.2181373427732138,0.8403174968742864
BIN_001372,0.8659098798189031,-0.870098101980867,0.8432617481272995
BIN_001373,0.8659098798189031,-0.5220588611885202,0.848161694660641
BIN_001374,0.8659098798189031,-0.17401962039617339,0.8550067095743245
BIN_001375,0.8659098798189031,0.17401962039617339,0.8637820759624708
BIN_001376,0.8659098798189031,0.5220588611885202,0.8744691428386772
BIN_001377,0.8659098798189031,0.870098101980867,0.8870455189554347
BIN_001378,0.8659098798189031,1.2181373427732138,0.9014852999310516
BIN_001379,0.8659098798189031,1.5661765835655606,0.9177593234943061
BIN_001380,0.9351826702044154,-1.5661765835655606,0.912026498648515
BIN_001381,0.9351826702044154,-1.2181373427732138,0.9129827954171532
BIN_001382,0.9351826702044154,-0.870098101980867,0.9158497020470642
BIN_001383,0.9351826702044154,-0.5220588611885202,0.9206212880275163
BIN_001384,0.9351826702044154,-0.17401962039617339,0.9272877370717608
BIN_001385,0.9351826702044154,0.17401962039617339,0.9358354472590461
BIN_001386,0.9351826702044154,0.5220588611885202,0.9462471678989601
BIN_001387,0.9351826702044154,0.870098101980867,0.9585021699534875
BIN_001388,0.9351826702044154,1.2181373427732138,0.9725764461779216
BIN_001389,0.9351826702044154,1.5661765835655606,0.9884429366193747
BIN_001390,1.0044554605899276,-1.5661765835655606,0.9847176337395263
BIN_001391,1.0044554605899276,-1.2181373427732138,0.985649418240792
BIN_001392,1.0044554605899276,-0.870098101980867,0.9884429366193747
BIN_001393,1.0044554605899276,-0.5220588611885202,0.9930927015234746
BIN_001394,1.0044554605899276,-0.17401962039617339,0.9995896270347983
BIN_001395,1.0044554605899276,0.17401962039617339,1.007921116747404
BIN_001396,1.0044554605899276,0.5220588611885202,1.0180711842911323
BIN_001397,1.0044554605899276,0.870098101980867,1.0300206036475916
BIN_001398,1.0044554605899276,1.2181373427732138,1.043747086032197
BIN_001399,1.0044554605899276,1.5661765835655606,1.0592254796629803
BIN_001400,1.0737282509754398,-1.5661765835655606,1.0574087688305376
BIN_001401,1.0737282509754398,-1.2181373427732138,1.0583172660886515
BIN_001402,1.0737282509754398,-0.870098101980867,1.0610410568221853
BIN_001403,1.0737282509754398,-0.5220588611885202,1.065575053793934
BIN_001404,1.0737282509754398,-0.17401962039617339,1.0719108308811245
BIN_001405,1.0737282509754398,0.17401962039617339,1.0800367007906977
BIN_001406,1.0737282509754398,0.5220588611885202,1.0899378215210282
BIN_001407,1.0737282509754398,0.870098101980867,1.1015963293382287
BIN_001408,1.0737282509754398,1.2181373427732138,1.1149914955442928
BIN_001409,1.0737282509754398,1.5661765835655606,1.130099903921549
BIN_001410,1.1430010413609522,-1.5661765835655606,1.130099903921549
BIN_001411,1.1430010413609522,-1.2181373427732138,1.1309862493801726
BIN_001412,1.1430010413609522,-0.870098101980867,1.1336437060518167
BIN_001413,1.1430010413609522,-0.5220588611885202,1.1380675488677137
BIN_001414,1.1430010413609522,-0.17401962039617339,1.1442499492359972
BIN_001415,1.1430010413609522,0.17401962039617339,1.1521800438205398
BIN_001416,1.1430010413609522,0.5220588611885202,1.1618440288588634
BIN_001417,1.1430010413609522,0.870098101980867,1.1732252781332606
BIN_001418,1.1430010413609522,1.2181373427732138,1.1863044822886668
BIN_001419,1.1430010413609522,1.5661765835655606,1.2010598068496354
BIN_001420,1.2122738317464643,-1.5661765835655606,1.2027910390125602
BIN_001421,1.2122738317464643,-1.2181373427732138,1.2036562870599226
BIN_001422,1.2122738317464643,-0.870098101980867,1.2062505615658776
BIN_001423,1.2122738317464643,-0.5220588611885202,1.2105694660748259
BIN_001424,1.2122738317464643,-0.17401962039617339,1.2166057144247158
BIN_001425,1.2122738317464643,0.17401962039617339,1.2243491917928107
BIN_001426,1.2122738317464643,0.5220588611885202,1.2337870384901752
BIN_001427,1.2122738317464643,0.870098101980867,1.2449037549052326
BIN_001428,1.2122738317464643,1.2181373427732138,1.257681325635362
BIN_001429,1.2122738317464643,1.5661765835655606,1.2720993605487307
BIN_001430,1.2815466221319765,-1.5661765835655606,1.2754821741035713
BIN_001431,1.2815466221319765,-1.2181373427732138,1.276327305607163
BIN_001432,1.2815466221319765,-0.870098101980867,1.2788613305594696
BIN_001433,1.2815466221319765,-0.5220588611885202,1.2830801513582055
BIN_001434,1.2815466221319765,-0.17401962039617339,1.2889769753683822
BIN_001435,1.2815466221319765,0.17401962039617339,1.2965423692537692
BIN_001436,1.2815466221319765,0.5220588611885202,1.305764333622296
BIN_001437,1.2815466221319765,0.870098101980867,1.316628396623491
BIN_001438,1.2815466221319765,1.2181373427732138,1.3291177248247583
BIN_001439,1.2815466221319765,1.5661765835655606,1.3432132494346987
BIN_001440,1.3508194125174888,-1.5661765835655606,1.3481733091945827
BIN_001441,1.3508194125174888,-1.2181373427732138,1.3489992381803328
BIN_001442,1.3508194125174888,-0.870098101980867,1.3514757467743728
BIN_001443,1.3508194125174888,-0.5220588611885202,1.3555990097598796
BIN_001444,1.3508194125174888,-0.17401962039617339,1.3613626845074822
BIN_001445,1.3508194125174888,0.17401962039617339,1.3687579594582
BIN_001446,1.3508194125174888,0.5220588611885202,1.3777736207897109
BIN_001447,1.3508194125174888,0.870098101980867,1.3883961361023747
BIN_001448,1.3508194125174888,1.2181373427732138,1.4006097536925188
BIN_001449,1.3508194125174888,1.5661765835655606,1.414396615754878
BIN_001450,1.420092202903001,-1.5661765835655606,1.420864444285594
BIN_001451,1.420092202903001,-1.2181373427732138,1.421672023875505
BIN_001452,1.420092202903001,-0.870098101980867,1.4240935675586675
BIN_001453,1.420092202903001,-0.5220588611885202,1.4281254989006333
BIN_001454,1.420092202903001,-0.17401962039617339,1.4337618864432415
BIN_001455,1.420092202903001,0.17401962039617339,1.4409944870775007
BIN_001456,1.420092202903001,0.5220588611885202,1.449812805730228
BIN_001457,1.420092202903001,0.870098101980867,1.4602041703669375
BIN_001458,1.420092202903001,1.2181373427732138,1.4721538210805816
BIN_001459,1.420092202903001,1.5661765835655606,1.485645011838568
BIN_001460,1.4893649932885134,-1.5661765835655606,1.4935555793766053
BIN_001461,1.4893649932885134,-1.2181373427732138,1.494345607081471
BIN_001462,1.4893649932885134,-0.870098101980867,1.4967145713085235
BIN_001463,1.4893649932885134,-0.5220588611885202,1.5006591233033943
BIN_001464,1.4893649932885134,-0.17401962039617339,1.5061737080396458
BIN_001465,1.4893649932885134,0.17401962039617339,1.5132506031136783
BIN_001466,1.4893649932885134,0.5220588611885202,1.521879972308513
BIN_001467,1.4893649932885134,0.870098101980867,1.532049932968539
BIN_001468,1.4893649932885134,1.2181373427732138,1.5437466361251158
BIN_001469,1.4893649932885134,1.5661765835655606,1.5569543581402578
BIN_001470,1.5586377836740255,-1.5661765835655606,1.5662467144676164
BIN_001471,1.5586377836740255,-1.2181373427732138,1.5670199369170954
BIN_001472,1.5586377836740255,-0.870098101980867,1.5693385552354653
BIN_001473,1.5586377836740255,-0.5220588611885202,1.5731994294357718
BIN_001474,1.5586377836740255,-0.17401962039617339,1.5785973497719772
BIN_001475,1.5586377836740255,0.17401962039617339,1.5855250716987177
BIN_001476,1.5586377836740255,0.5220588611885202,1.593973364049058
BIN_001477,1.5586377836740255,0.870098101980867,1.6039310696900826
BIN_001478,1.5586377836740255,1.2181373427732138,1.6153851777401902
BIN_001479,1.5586377836740255,1.5661765835655606,1.6283209062805029
BIN_001480,1.6279105740595379,-1.5661765835655606,1.6389378495586278
BIN_001481,1.6279105740595379,-1.2181373427732138,1.639694966738933
BIN_001482,1.6279105740595379,-0.870098101980867,1.64196533341182
BIN_001483,1.6279105740595379,-0.5220588611885202,1.645746001367769
BIN_001484,1.6279105740595379,-0.17401962039617339,1.6510320781428058
BIN_001485,1.6279105740595379,0.17401962039617339,1.6578167585107995
BIN_001486,1.6279105740595379,0.5220588611885202,1.6660913679108198
BIN_001487,1.6279105740595379,0.870098101980867,1.6758454171691155
BIN_001488,1.6279105740595379,1.2181373427732138,1.6870666677216826
BIN_001489,1.6279105740595379,1.5661765835655606,1.6997412064103479
BIN_001490,1.69718336444505,-1.5661765835655606,1.711628984649639
BIN_001491,1.69718336444505,-1.2181373427732138,1.7123706537091004
BIN_001492,1.69718336444505,-0.870098101980867,1.714594735054763
BIN_001493,1.69718336444505,-0.5220588611885202,1.7182984569574855
BIN_001494,1.69718336444505,-0.17401962039617339,1.7234772190151375
BIN_001495,1.69718336444505,0.17401962039617339,1.7301246205815692
BIN_001496,1.69718336444505,0.5220588611885202,1.7382324999936019
BIN_001497,1.69718336444505,0.870098101980867,1.7477909840401902
BIN_001498,1.69718336444505,1.2181373427732138,1.7587885469837021
BIN_001499,1.69718336444505,1.5661765835655606,1.771212078326084
