sku_id,unit_cost,annual_demand,weight_kg_x,volume_cu_m_x,pick_frequency_x,avg_daily_demand,demand_std,pick_frequency_y,volume_cu_m_y,weight_kg_y,abc_class,abc_priority
SKU_00678,1.6403857154968984,1.595466926335397,17.93,0.087,119,132.75616438356164,38.50678899148098,119,0.087,17.93,A,1.226586632396466
SKU_00134,1.549450210358479,1.6421372150350457,1.24,0.184,125,135.72054794520548,38.66272503835236,125,0.184,1.24,A,1.226586632396466
SKU_00475,1.720810044375972,1.4351950067590595,6.37,0.103,141,127.18356164383562,36.35413052131988,141,0.103,6.37,A,1.226586632396466
SKU_00971,1.5286353152659589,1.5892488788888872,20.31,0.054,140,131.8849315068493,37.90550596162559,140,0.054,20.31,A,1.226586632396466
SKU_00825,1.470547235937995,1.6229241470823461,2.9,0.02,138,132.4,40.5002916825747,138,0.02,2.9,A,1.226586632396466
SKU_00412,1.5757973034822341,1.445046070691171,3.87,0.106,127,127.55890410958904,38.076411879966656,127,0.106,3.87,A,1.226586632396466
SKU_00112,1.5042244914531357,1.507016948051333,4.08,0.152,151,127.9972602739726,38.53901253248165,151,0.152,4.08,A,1.226586632396466
SKU_00427,1.3604564951164257,1.6536650558066655,13.61,0.078,134,134.2,38.27583520237752,134,0.078,13.61,A,1.226586632396466
SKU_00512,1.5145973627617006,1.4533600891870666,5.1,0.023,125,125.33698630136986,34.98891310605719,125,0.023,5.1,A,1.226586632396466
SKU_00305,1.6622378977202754,1.298118500129254,6.17,0.153,148,119.61643835616438,36.29073313472279,148,0.153,6.17,A,1.226586632396466
SKU_00313,1.617012178814932,1.333400679460575,27.9,0.181,119,122.57534246575342,35.380008404907066,119,0.181,27.9,A,1.226586632396466
SKU_00814,1.2995331642974544,1.660931088777868,13.81,0.092,139,134.38630136986302,39.34562724446744,139,0.092,13.81,A,1.226586632396466
SKU_00577,1.4935750102430094,1.4259028684401176,18.82,0.115,124,126.85753424657534,35.974525166238486,124,0.115,18.82,A,1.226586632396466
SKU_00150,1.4308537150638863,1.475297919503967,24.93,0.047,121,129.2876712328767,37.43106464330362,121,0.047,24.93,A,1.226586632396466
SKU_00581,1.676552460126095,1.2242005877875952,12.93,0.174,139,118.9835616438356,32.67320294333793,139,0.174,12.93,A,1.226586632396466
SKU_00810,1.693010749269018,1.1994681294048473,4.06,0.137,131,117.013698630137,33.30721679986012,131,0.137,4.06,A,1.226586632396466
SKU_00799,1.4796062102141416,1.389991897793981,23.49,0.015,145,122.94246575342466,36.52546123020463,145,0.015,23.49,A,1.226586632396466
SKU_00249,1.241721694871052,1.6321464196996418,25.27,0.088,141,133.8082191780822,39.24579404015083,141,0.088,25.27,A,1.226586632396466
SKU_00948,1.3132253544247598,1.5420895302777156,26.88,0.116,129,131.13972602739727,36.6509326288172,129,0.116,26.88,A,1.226586632396466
SKU_00228,1.3753242773253687,1.4507750582261578,26.46,0.166,161,125.52054794520548,37.46731527591277,161,0.166,26.46,A,1.226586632396466
SKU_00679,1.2845270771377302,1.5321686006439579,16.53,0.155,119,133.2958904109589,38.97540940144098,119,0.155,16.53,A,1.226586632396466
SKU_00203,1.397591374401088,1.4087857715368035,22.62,0.144,142,126.10684931506847,36.901369613222,142,0.144,22.62,A,1.226586632396466
SKU_00183,1.3249812752411334,1.4712457088084887,4.99,0.089,116,126.34794520547943,36.212847993180674,116,0.089,4.99,A,1.226586632396466
SKU_00517,1.0963631916003622,1.6646339709651157,10.28,0.144,146,136.1260273972603,39.579527770246685,146,0.144,10.28,A,1.226586632396466
SKU_00324,1.5903884757896156,1.1431563738780262,18.97,0.107,127,115.18082191780822,33.92299237111176,127,0.107,18.97,A,1.226586632396466
SKU_00923,1.0597815321188229,1.7029902411688687,13.67,0.16,112,136.66575342465754,39.369942442249865,112,0.16,13.67,A,1.226586632396466
SKU_00758,1.3816863050612886,1.3144670743144602,27.78,0.004,122,122.27397260273972,34.958790603991915,122,0.004,27.78,A,1.226586632396466
SKU_00245,1.4995221231265863,1.191223976610598,22.51,0.145,149,116.28219178082192,34.84920160241487,149,0.145,22.51,A,1.226586632396466
SKU_00731,1.110124534203058,1.6014753766769687,5.05,0.041,129,133.4904109589041,40.19305118850313,129,0.041,5.05,A,1.226586632396466
SKU_00575,1.5720630698111506,1.0902680377318676,10.28,0.068,148,113.23561643835616,30.9938728873268,148,0.068,10.28,A,1.226586632396466
SKU_00943,1.1620580432212735,1.4946507188599591,3.17,0.171,157,128.87123287671233,40.62982677818471,157,0.171,3.17,A,1.226586632396466
SKU_00836,1.4533974220411678,1.1843072721476262,21.8,0.195,128,114.65753424657534,32.80303321964071,128,0.195,21.8,A,1.226586632396466
SKU_00498,1.657258919492164,1.0019577908510957,5.82,0.101,116,110.02465753424656,32.13889747634527,116,0.101,5.82,A,1.226586632396466
SKU_00648,1.0231998726372837,1.6386439299527367,15.99,0.076,117,133.65753424657535,38.156782979045175,117,0.076,15.99,A,1.226586632396466
SKU_00393,0.9794955081905301,1.6616996114959761,19.96,0.11,137,131.4,39.02111291015744,137,0.11,19.96,A,1.226586632396466
SKU_00446,1.6969524403662726,0.9338387317460699,10.96,0.088,137,107.34794520547943,29.99490849463261,137,0.088,10.96,A,1.226586632396466
SKU_00390,1.7123734423783392,0.9139270067769085,25.42,0.104,137,104.14794520547945,29.23643721242569,137,0.104,25.42,A,1.226586632396466
SKU_00240,1.5410827608362365,1.0371701044807706,15.77,0.11,139,109.32054794520548,31.82142376902614,139,0.11,15.77,A,1.226586632396466
SKU_00710,0.9241043754027933,1.6936981028499267,2.11,0.131,139,134.77534246575345,39.89992901485712,139,0.131,2.11,A,1.226586632396466
SKU_00671,1.3915059565667298,1.152099183688737,1.31,0.078,150,117.92876712328768,34.65870282004432,150,0.078,1.31,A,1.226586632396466
SKU_00447,0.9006616862454366,1.6978900449486976,26.93,0.199,138,138.75342465753425,39.471989241335066,138,0.199,26.93,A,1.226586632396466
SKU_00308,1.043807310303633,1.515959757862044,5.04,0.11,145,127.69589041095892,37.32472753099053,145,0.11,5.04,A,1.226586632396466
SKU_00197,1.3926815486483675,1.0837705274787728,29.35,0.047,136,111.65753424657534,33.458609487670174,136,0.047,29.35,A,1.226586632396466
SKU_00937,1.4515303052056259,1.0277382347585362,4.84,0.187,142,109.33698630136986,32.84100687632632,142,0.187,4.84,A,1.226586632396466
SKU_00869,1.560445453945558,0.8589426995813647,6.1,0.003,147,103.11232876712327,28.721684313106117,147,0.003,6.1,A,1.226586632396466
SKU_00769,1.1330140035572913,1.255989482036607,13.38,0.079,147,120.5945205479452,35.74067115050759,147,0.079,13.38,A,1.226586632396466
SKU_00705,1.7105063255427972,0.7388435584515808,27.31,0.046,132,98.94246575342466,29.368527661091235,132,0.046,27.31,A,1.226586632396466
SKU_00627,0.8804691634314301,1.546141740973194,14.24,0.004,140,129.91232876712328,36.44283475152257,140,0.004,14.24,A,1.226586632396466
SKU_00178,1.5282895528890066,0.8593618937912417,18.0,0.097,140,102.67671232876712,29.37189787477004,140,0.097,18.0,A,1.226586632396466
SKU_00127,1.2681379404701976,1.0819540192359722,26.69,0.128,145,109.6027397260274,33.15379568461889,145,0.128,26.69,A,1.226586632396466
SKU_00384,0.8380095435417043,1.5617217924402922,12.18,0.039,134,131.5013698630137,39.91671443800096,134,0.039,12.18,A,1.226586632396466
SKU_00419,0.8972732149513054,1.460556256456623,16.78,0.043,127,127.63287671232877,38.048725465630696,127,0.043,16.78,A,1.226586632396466
SKU_00996,1.4618340240388004,0.8791338873571107,12.53,0.13,123,102.92328767123288,32.195055079609766,123,0.13,12.53,A,1.226586632396466
SKU_00120,1.0857137103902352,1.2238512592793642,7.67,0.135,134,116.1945205479452,35.62268650830455,134,0.135,7.67,A,1.226586632396466
SKU_00991,0.6997737452362287,1.6773495286647204,23.15,0.142,119,135.0,37.61539023348795,119,0.142,23.15,A,1.226586632396466
SKU_00070,0.9652500982601009,1.3272524977157112,5.3,0.013,143,121.17260273972605,36.97304208115158,143,0.013,5.3,A,1.226586632396466
SKU_00905,1.3774680040624723,0.9070801680155829,6.41,0.07,151,105.32328767123288,31.31854469653367,151,0.07,6.41,A,1.226586632396466
SKU_00431,0.9285301338277809,1.3637922596766634,5.95,0.045,147,122.24383561643836,34.57613428610412,147,0.045,5.95,A,1.226586632396466
SKU_00795,1.3071399365904017,0.9659769545033129,29.99,0.127,128,104.72602739726028,29.91033315603056,128,0.127,29.99,A,1.226586632396466
SKU_00271,1.0949109896171627,1.1683778921722971,21.12,0.077,146,116.54520547945204,33.224779913508385,146,0.077,21.12,A,1.226586632396466
SKU_00403,1.1508553422080234,1.09278320299113,29.34,0.019,121,113.52876712328766,33.08908006623461,121,0.019,29.34,A,1.226586632396466
SKU_00378,1.109778771826106,1.1296024277586671,12.6,0.091,122,115.46301369863014,35.10552188355626,122,0.091,12.6,A,1.226586632396466
SKU_00932,1.6914893948104281,0.6301325266901242,16.94,0.148,134,93.83561643835615,27.844354340578334,134,0.148,16.94,A,1.226586632396466
SKU_00035,1.0890330292089763,1.1389644317792553,14.4,0.08,137,115.63835616438357,33.41490187955145,137,0.08,14.4,A,1.226586632396466
SKU_00891,1.2509189740979796,0.9736621816843927,19.0,0.096,132,107.66575342465754,32.27394851147672,132,0.096,19.0,A,1.226586632396466
SKU_00737,1.117108934217492,1.0810457651145717,15.57,0.15,121,112.62191780821918,32.21228626505415,121,0.15,15.57,A,1.226586632396466
SKU_00267,0.7264666007369359,1.5393647679135145,15.35,0.045,139,129.5150684931507,39.03278303474668,139,0.045,15.35,A,1.226586632396466
SKU_00139,1.6482690976914076,0.6059589939205459,1.16,0.166,129,93.10684931506847,25.122602278937837,129,0.166,1.16,A,1.226586632396466
SKU_00509,0.8059919474359338,1.3984456476931688,9.52,0.003,132,124.91780821917808,37.31156076354172,132,0.003,9.52,A,1.226586632396466
SKU_00367,1.4208957586076638,0.7657418535853602,29.39,0.157,135,100.92602739726028,28.746571832865644,135,0.157,29.39,A,1.226586632396466
SKU_00207,0.5930023232334001,1.6757426175268584,3.33,0.168,127,136.3890410958904,39.95143879749591,127,0.168,3.33,A,1.226586632396466
SKU_00002,0.8274983672823583,1.3371734273494686,23.61,0.159,147,120.2958904109589,36.110181048737125,147,0.159,23.61,A,1.226586632396466
SKU_00780,0.6972151036467826,1.4905985081644806,16.01,0.124,136,125.61917808219178,36.6084894433326,136,0.124,16.01,A,1.226586632396466
SKU_00748,1.4246991447541377,0.7097794265667697,16.83,0.115,138,97.08767123287672,28.69607673727184,138,0.115,16.83,A,1.226586632396466
SKU_00471,1.641768765004707,0.5448265049801382,20.64,0.099,146,91.56712328767124,26.531735376458258,146,0.099,20.64,A,1.226586632396466
SKU_00352,0.576544034090477,1.5933709552860118,16.9,0.039,125,134.54246575342466,39.742875226460335,125,0.039,16.9,A,1.226586632396466
SKU_00614,1.312118914818513,0.7581963578075727,8.22,0.094,122,99.82465753424655,28.629346835472862,122,0.094,8.22,A,1.226586632396466
SKU_00464,1.615421671880952,0.5233777345747608,3.76,0.044,141,90.16438356164385,26.25268887255724,141,0.044,3.76,A,1.226586632396466
SKU_00558,0.9066779516044043,1.1468592560652735,13.55,0.107,138,113.87671232876713,34.2208989248888,138,0.107,13.55,A,1.226586632396466
SKU_00745,1.4011181506460004,0.6619214209391363,15.98,0.135,141,96.0054794520548,27.429830008381867,141,0.135,15.98,A,1.226586632396466
SKU_00759,1.0212636033263518,0.9986741028737253,12.48,0.004,147,109.18904109589042,32.05301052893612,147,0.004,12.48,A,1.226586632396466
SKU_00798,0.7064815353491005,1.3505177763638891,6.3,0.195,128,123.02191780821916,37.03962181534786,128,0.195,6.3,A,1.226586632396466
SKU_00645,1.3701378416710863,0.6688381254021082,24.52,0.146,130,96.08219178082192,26.977378305495947,130,0.146,24.52,A,1.226586632396466
SKU_00226,1.6524873986902242,0.4614068572145989,24.37,0.093,131,89.1972602739726,26.11354103602792,131,0.093,24.37,A,1.226586632396466
SKU_00680,1.1186994411514717,0.8748720795566938,27.02,0.171,140,103.04109589041096,32.02018523575391,140,0.171,27.02,A,1.226586632396466
SKU_00574,1.2737392909768226,0.7293418230277002,9.98,0.054,111,98.36712328767123,29.68362507294253,111,0.054,9.98,A,1.226586632396466
SKU_00450,0.9820541497799762,0.9921765926206305,17.98,0.134,140,108.28219178082192,32.80042608300774,140,0.134,17.98,A,1.226586632396466
SKU_00238,0.5313183151851337,1.5478185178127022,11.32,0.186,135,129.56712328767122,37.71340761525721,135,0.186,11.32,A,1.226586632396466
SKU_00094,0.9608934923105037,1.00279617927085,6.05,0.068,135,109.1041095890411,30.77202792870666,135,0.068,6.05,A,1.226586632396466
SKU_00707,1.0940811599124776,0.8655799412377518,6.56,0.165,120,103.74246575342464,29.42992196880873,120,0.165,6.56,A,1.226586632396466
SKU_00524,1.1914478452622075,0.750161802118262,22.8,0.111,134,98.4958904109589,29.570238780341604,134,0.111,22.8,A,1.226586632396466
SKU_00435,0.7212801650826535,1.2378243996086002,22.75,0.044,123,119.11232876712327,32.78603606370762,123,0.044,22.75,A,1.226586632396466
SKU_00170,0.6411324461051413,1.3384310099791,3.51,0.179,139,122.82739726027395,35.438157169804285,139,0.179,3.51,A,1.226586632396466
SKU_00073,1.113167243120237,0.812551873688301,21.76,0.198,136,102.71232876712328,29.465047020759503,136,0.198,21.76,A,1.226586632396466
SKU_00137,0.7282645650970871,1.1430166424747337,24.08,0.004,124,114.62739726027397,32.96798838748018,124,0.004,24.08,A,1.226586632396466
SKU_00573,0.4512397486830125,1.5077156050677947,26.33,0.05,146,128.41095890410958,38.040693803701714,146,0.05,26.33,A,1.226586632396466
SKU_00950,0.3774540574414203,1.6153087856029125,14.06,0.075,137,133.1917808219178,38.20852902823244,137,0.075,14.06,A,1.226586632396466
SKU_00719,0.8236258286604939,1.005940135844928,11.59,0.15,145,108.81643835616438,31.220093442086156,145,0.15,11.59,A,1.226586632396466
SKU_00727,1.0440839202051948,0.75714837228288,0.92,0.126,141,98.97534246575344,29.16393499892301,141,0.126,0.92,A,1.226586632396466
SKU_00485,1.406512043726454,0.4475734482886552,19.58,0.183,146,88.3945205479452,25.78595265854074,146,0.183,19.58,A,1.226586632396466
SKU_00513,1.2863941939732717,0.533508261313457,19.69,0.104,135,90.32054794520548,26.28152193658744,135,0.104,19.69,A,1.226586632396466
SKU_00357,0.32697275040640417,1.6185924735802828,7.18,0.121,129,132.15068493150685,37.47463289737893,129,0.121,7.18,A,1.226586632396466
SKU_00113,1.0880648945535099,0.692802061066748,3.15,0.11,146,97.83835616438355,28.758632866034308,146,0.11,3.15,A,1.226586632396466
SKU_00752,0.4705332893169434,1.3886644494627036,6.93,0.178,142,124.31506849315068,33.385805330880444,142,0.178,6.93,A,1.226586632396466
SKU_00803,0.39861471491089284,1.4949301816665437,23.8,0.083,148,127.52054794520548,36.4169647057556,148,0.083,23.8,A,1.226586632396466
SKU_00813,1.4739357072321262,0.3860916308400165,10.67,0.091,148,84.94520547945206,24.672854244387807,148,0.091,10.67,A,1.226586632396466
SKU_00118,1.37712224168552,0.44708438837713194,8.45,0.097,134,87.01643835616439,26.223987706599623,134,0.097,8.45,A,1.226586632396466
SKU_00961,0.3864438792421767,1.4668441696047794,28.3,0.051,132,125.76986301369864,36.46376601674651,132,0.051,28.3,A,1.226586632396466
SKU_00252,1.235290514659742,0.5294560506179785,3.83,0.039,129,90.36164383561643,26.084091769586827,129,0.039,3.83,A,1.226586632396466
SKU_00480,0.4762729447743492,1.3324225596375285,27.55,0.086,121,119.2109589041096,37.43722790777437,121,0.086,27.55,A,1.226586632396466
SKU_00165,1.1810749739536426,0.5712357402023943,14.4,0.103,122,92.52054794520548,26.45840068356169,122,0.103,14.4,A,1.226586632396466
SKU_00820,1.0700160984766072,0.6582185387518887,14.06,0.117,135,96.28493150684932,26.818189616279984,135,0.117,14.06,A,1.226586632396466
SKU_00052,1.537763442017496,0.3061652681567863,5.83,0.129,148,82.26027397260275,24.3991687151564,148,0.129,5.83,A,1.226586632396466
SKU_00709,0.6546171788062757,1.0771332858223857,24.52,0.056,131,112.05205479452054,32.38657345254339,131,0.056,24.52,A,1.226586632396466
SKU_00398,0.8920867792970228,0.8000459130936347,22.5,0.185,130,99.78082191780824,27.787185052983485,130,0.185,22.5,A,1.226586632396466
SKU_00541,0.39681675055074167,1.3879657924462419,14.42,0.07,119,123.30958904109588,36.15823042652807,119,0.07,14.42,A,1.226586632396466
SKU_00414,0.4846403942965915,1.2522865998493597,4.93,0.001,146,120.53424657534246,34.78169050347747,146,0.001,4.93,A,1.226586632396466
SKU_00697,0.3114134434435567,1.5070868137529791,24.89,0.089,129,125.2027397260274,39.24909872487569,129,0.089,24.89,A,1.226586632396466
SKU_00872,0.526270184481632,1.183399018026226,0.17,0.126,138,116.25479452054796,34.06697121514615,138,0.126,0.17,A,1.226586632396466
SKU_00508,1.5730312044666166,0.22512105424721718,3.28,0.143,139,78.59726027397261,22.584991932811224,139,0.143,3.28,A,1.226586632396466
SKU_00947,1.4026395051045897,0.32509887330290116,17.85,0.121,141,82.43561643835616,22.819389828831287,141,0.121,17.85,A,1.226586632396466
SKU_00221,0.26715585919367973,1.5351029601130974,17.36,0.008,139,129.1917808219178,38.812474463988565,139,0.008,17.36,A,1.226586632396466
SKU_00463,0.31874360583494266,1.4447666078845862,14.61,0.086,134,126.95616438356164,37.19658566653168,134,0.086,14.61,A,1.226586632396466
SKU_00182,1.4870746775563086,0.25907578524726077,11.72,0.012,116,78.58082191780822,22.909453022369014,116,0.012,11.72,A,1.226586632396466
SKU_00355,0.5208762914011784,1.136588997923285,23.18,0.087,151,115.46849315068494,34.19332913506012,151,0.087,23.18,A,1.226586632396466
SKU_00200,0.5195623943687603,1.1367985950282236,5.5,0.136,132,114.48493150684932,32.54106311724064,132,0.136,5.5,A,1.226586632396466
SKU_00839,0.48609259627979085,1.1796262701373321,13.36,0.16,139,115.47945205479452,31.350863418119257,139,0.16,13.36,A,1.226586632396466
SKU_00771,1.2192471403691614,0.40970623799642547,16.41,0.128,138,85.61643835616438,24.833417608879085,138,0.128,16.41,A,1.226586632396466
SKU_00860,0.9765219517487415,0.6008587977003748,15.86,0.096,142,92.43287671232876,26.21747621357716,142,0.096,15.86,A,1.226586632396466
SKU_00886,0.5562132063256898,1.0414319122811875,8.48,0.021,114,111.43561643835616,34.53401480473705,114,0.021,8.48,A,1.226586632396466
SKU_00065,0.17947052039861064,1.5932312238827193,18.58,0.18,125,131.3041095890411,38.25454235169212,125,0.18,18.58,A,1.226586632396466
SKU_00473,1.3722815684081897,0.28373837792836243,0.98,0.158,124,80.28493150684932,24.524173268726617,124,0.158,0.98,A,1.226586632396466
SKU_00325,0.8476908900963648,0.7076135898157382,1.59,0.109,141,98.36438356164383,27.025249538158388,141,0.109,1.59,A,1.226586632396466
SKU_00568,1.4168157625596285,0.24929458701679555,6.87,0.117,154,79.98904109589041,24.417047062754968,154,0.117,6.87,A,1.226586632396466
SKU_00295,0.10948821530349241,1.7015230614342989,9.05,0.026,116,136.93424657534246,40.84083356871384,116,0.026,9.05,A,1.226586632396466
SKU_00401,1.4112835645283939,0.2462903618460098,3.45,0.139,127,77.3917808219178,23.42717118736145,127,0.139,3.45,A,1.226586632396466
SKU_00774,1.050999167744238,0.5096840570521094,4.63,0.029,136,91.22465753424656,25.25374404198098,136,0.029,4.63,A,1.226586632396466
SKU_00807,1.4901173864734878,0.19053753193235792,25.59,0.091,140,77.4958904109589,21.718557153345227,140,0.091,25.59,A,1.226586632396466
SKU_00914,0.2114881165043811,1.4906683738661268,16.51,0.188,153,127.7068493150685,38.77327846968413,153,0.188,16.51,A,1.226586632396466
SKU_00647,0.646457186710205,0.8840943521739896,24.56,0.142,131,105.14520547945206,31.56030787663676,131,0.142,24.56,A,1.226586632396466
SKU_00388,0.8911877971169473,0.6320887663362174,18.43,0.016,129,94.6,28.02969383107382,129,0.016,18.43,A,1.226586632396466
SKU_00903,0.3176371662286959,1.3153753284358605,21.33,0.073,119,122.04931506849314,35.15652255025063,119,0.073,21.33,A,1.226586632396466
SKU_00247,1.6307043689422378,0.08531978525321043,20.38,0.042,132,73.2958904109589,21.478972840284317,132,0.042,20.38,A,1.226586632396466
SKU_00154,1.6957768482846352,0.04808136627579634,15.49,0.153,149,70.72328767123288,19.999248066551356,149,0.153,15.49,A,1.226586632396466
SKU_00549,0.9655267081616628,0.5458744905048308,24.8,0.06,123,91.9890410958904,26.48397588115467,123,0.06,24.8,A,1.226586632396466
SKU_00532,1.7333957948970307,0.025514744644080108,0.11,0.157,128,69.9041095890411,20.92107380654077,128,0.157,0.11,A,1.226586632396466
SKU_00949,0.36680457623129387,1.211764492894575,17.54,0.112,141,116.5972602739726,35.071974553290886,141,0.112,17.54,A,1.226586632396466
SKU_00396,1.260185405800298,0.298689638080645,25.87,0.119,144,80.93424657534247,24.52047932581266,144,0.119,25.87,A,1.226586632396466
SKU_00020,0.41624859613545334,1.1092016428779825,28.72,0.021,146,114.02191780821916,34.91755693095092,146,0.021,28.72,A,1.226586632396466
SKU_00548,0.10284957766601098,1.5985410172078292,29.19,0.004,131,133.44931506849315,39.899816585299845,131,0.004,29.19,A,1.226586632396466
SKU_00489,1.3692388594910108,0.2023448355105624,26.41,0.083,152,76.89041095890411,21.76697370011318,152,0.083,26.41,A,1.226586632396466
SKU_00107,0.9081301535876033,0.5190460610726976,24.34,0.071,146,91.213698630137,27.57653343782332,146,0.071,24.34,A,1.226586632396466
SKU_00609,0.6851134204534568,0.7309487341655624,4.04,0.143,133,96.9808219178082,27.316162031182284,133,0.143,4.04,A,1.226586632396466
SKU_00462,0.8755593376787095,0.540914025687952,29.65,0.072,133,91.06575342465752,27.47818424977,133,0.072,29.65,A,1.226586632396466
SKU_00966,0.7831716305570909,0.6262200473979381,3.57,0.125,133,95.09041095890412,26.514562473899087,133,0.125,3.57,A,1.226586632396466
SKU_00358,1.5402529311315516,0.06296276072643274,22.0,0.05,125,71.42465753424658,22.525637291553743,125,0.05,22.0,A,1.226586632396466
SKU_00970,0.5936246955119139,0.8193288467479805,25.34,0.047,132,102.94794520547946,30.72574586040683,132,0.047,25.34,A,1.226586632396466
SKU_00791,0.32849410486499386,1.152099183688737,24.94,0.073,120,114.786301369863,34.13609363642942,120,0.073,24.94,A,1.226586632396466
SKU_00755,1.0397964667309878,0.3860916308400165,4.16,0.004,118,82.76986301369863,25.36040591489019,118,0.004,4.16,A,1.226586632396466
SKU_00631,1.3861812159616667,0.13527376193022933,14.28,0.096,128,75.06575342465753,21.884086616236587,128,0.096,14.28,A,1.226586632396466
SKU_00421,1.0247212270958734,0.3721883562124267,2.92,0.002,126,85.36438356164383,24.6235691270736,126,0.002,2.92,A,1.226586632396466
SKU_00534,0.9541165497222411,0.4262644092865702,11.75,0.075,121,86.08767123287672,25.243495219177248,121,0.075,11.75,A,1.226586632396466
SKU_00720,1.5338217509202412,0.03068480656589745,13.56,0.031,116,70.5095890410959,20.69514571461942,116,0.031,13.56,A,1.226586632396466
SKU_00467,1.2951074058724663,0.17307110652081287,29.91,0.075,131,78.2986301369863,22.37311286873158,131,0.075,29.91,A,1.226586632396466
SKU_00233,0.0077649240041655935,1.634172525047381,9.4,0.165,146,133.26027397260273,42.24946433019559,146,0.165,9.4,A,1.226586632396466
SKU_00688,0.955845361607002,0.4177407936857362,18.0,0.038,131,86.92328767123287,26.28760268825571,131,0.038,18.0,A,1.226586632396466
SKU_00336,1.2500891443932944,0.18187418492823157,0.5,0.136,127,76.91232876712328,22.401137782656253,127,0.136,0.5,A,1.226586632396466
SKU_00510,0.42157333674051656,0.9445980497995817,0.21,0.082,114,105.63013698630137,30.93786170809312,114,0.082,0.21,A,1.226586632396466
SKU_00781,0.17960882534939138,1.2789752978782005,5.13,0.127,126,121.04109589041096,33.26493647665243,126,0.127,5.13,A,1.226586632396466
SKU_00824,0.16135257184631716,1.3033584277527175,15.44,0.148,113,120.5972602739726,35.68666283867398,113,0.148,15.44,A,1.226586632396466
SKU_00420,1.0314290172087452,0.300226683516861,16.62,0.188,156,81.3945205479452,23.82636301009294,156,0.188,16.62,A,1.226586632396466
SKU_00847,1.7341564721263256,-0.12679248494459291,19.24,0.188,158,63.87123287671233,18.355385767197923,158,0.188,19.24,A,1.226586632396466
SKU_00551,1.2388864433800444,0.14016436104546195,25.2,0.083,135,76.46849315068494,21.57626950355878,135,0.083,25.2,A,1.226586632396466
SKU_00662,0.3954337010429331,0.9111323787110613,20.27,0.086,134,107.2986301369863,31.78552997357033,134,0.086,20.27,A,1.226586632396466
SKU_00119,0.16799120948379898,1.237335339697077,27.92,0.18,141,118.27397260273972,35.460882438976306,141,0.18,27.92,A,1.226586632396466
SKU_00953,1.4518760675825781,0.007559259321011776,2.57,0.188,133,70.58356164383562,21.8565943835968,133,0.188,2.57,A,1.226586632396466
SKU_00789,1.5644562975182033,-0.06202697951858378,20.35,0.19,136,67.41643835616438,19.63126440718729,136,0.19,20.35,A,1.226586632396466
SKU_00438,0.7393289611595562,0.5151335817805115,19.32,0.149,136,89.3013698630137,27.104136241817844,136,0.149,19.32,A,1.226586632396466
SKU_00204,0.3976465802554269,0.8745227510484629,8.15,0.113,149,103.18082191780822,31.58261735674886,149,0.113,8.15,A,1.226586632396466
SKU_00494,-0.09091565837798238,1.6749740948087504,21.6,0.107,157,136.16164383561645,40.141147362477,157,0.107,21.6,A,1.226586632396466
SKU_00321,0.7678889334958053,0.47146751825164884,13.11,0.112,125,88.83013698630137,26.8120989425755,125,0.112,13.11,A,1.226586632396466
SKU_00453,1.4243533823771857,-0.013470316874488488,22.01,0.131,144,68.2986301369863,20.581281458402167,144,0.131,22.01,A,1.226586632396466
SKU_00337,0.730477444309581,0.47950207394095956,8.55,0.125,138,90.4,28.226789550915036,138,0.125,8.55,A,1.226586632396466
SKU_00700,0.14489428270339413,1.1739671483039915,20.88,0.087,123,114.96712328767124,35.343821657245186,123,0.087,20.88,A,1.226586632396466
SKU_00104,1.4285025309006116,-0.037224655434189784,25.95,0.084,118,67.5068493150685,21.06265071532552,118,0.084,25.95,A,1.226586632396466
SKU_00716,1.1651007521384527,0.12046223318123911,25.87,0.197,141,72.88767123287671,21.345045653676856,141,0.197,25.87,A,1.226586632396466
SKU_00661,1.6987504047264237,-0.17975068679239756,7.82,0.117,141,61.97808219178082,18.08343184522557,141,0.117,7.82,A,1.226586632396466
SKU_00894,0.6086999351470282,0.5626422588999141,0.28,0.063,130,90.57534246575342,27.457118318928664,130,0.063,0.28,A,1.226586632396466
SKU_00176,0.686911384813608,0.4751005347372502,1.41,0.099,141,87.81095890410958,24.96249693437854,141,0.099,1.41,A,1.226586632396466
SKU_00187,0.22227590266528865,1.0183063650363018,14.93,0.078,127,109.24931506849316,31.00603948297317,127,0.078,14.93,A,1.226586632396466
SKU_00815,0.09780144696250925,1.1986996066867395,1.24,0.137,118,116.09041095890412,35.04095000179718,118,0.137,1.24,A,1.226586632396466
SKU_00831,-0.12943358717045353,1.598820480014414,16.93,0.124,118,132.77534246575345,36.007919538020694,118,0.124,16.93,A,1.226586632396466
SKU_00725,1.2034803759801425,0.05094586004328973,0.47,0.178,126,71.86027397260274,21.39116806893217,126,0.178,0.47,A,1.226586632396466
SKU_00359,0.29170498795728356,0.8854916662069132,16.49,0.072,119,104.84383561643835,30.07555041059724,119,0.072,16.49,A,1.226586632396466
SKU_00595,-0.055786200879642325,1.4275796452796259,0.85,0.196,121,126.69315068493152,37.18802953734024,121,0.196,0.85,A,1.226586632396466
SKU_00523,1.2044485106356089,0.03347943463174466,12.31,0.089,151,69.8027397260274,21.23273683142143,151,0.089,12.31,A,1.226586632396466
SKU_00802,0.2944710869729007,0.8499998897706535,9.84,0.162,122,102.18082191780822,29.029166166694917,122,0.162,9.84,A,1.226586632396466
SKU_00766,0.9317803001711316,0.2066066433109794,11.17,0.188,119,78.58904109589041,21.454293107890887,119,0.188,11.17,A,1.226586632396466
SKU_00086,0.8193383751862875,0.28960709686664154,23.73,0.056,125,80.04657534246576,23.09275421653801,125,0.056,23.73,A,1.226586632396466
SKU_00884,1.059988989544994,0.10886452670797318,12.03,0.197,126,74.67671232876712,22.247968919199256,126,0.197,12.03,A,1.226586632396466
SKU_00723,0.8586861336834438,0.2571894113028139,3.06,0.054,153,79.58082191780822,22.41411359687427,153,0.054,3.06,A,1.226586632396466
SKU_00972,0.8294346365932905,0.2666911467266944,4.26,0.111,115,79.41095890410959,24.21800915609229,115,0.111,4.26,A,1.226586632396466
SKU_00076,0.96193077944136,0.16098434013602367,19.66,0.131,147,76.24657534246575,23.163288511523408,147,0.131,19.66,A,1.226586632396466
SKU_00851,0.8889749179044535,0.2143617361937054,7.76,0.088,124,77.18356164383562,23.264526442129597,124,0.088,7.76,A,1.226586632396466
SKU_00196,0.8068217771406191,0.2543947832369667,6.71,0.151,149,80.0986301369863,23.89321765201731,149,0.151,6.71,A,1.226586632396466
SKU_00876,0.7726604542977452,0.26969537189748016,2.16,0.074,124,79.36438356164383,24.388935125498467,124,0.074,2.16,A,1.226586632396466
SKU_00797,0.2562989205573818,0.7985787333590649,24.52,0.129,128,100.83835616438355,30.367233236388813,128,0.129,24.52,A,1.226586632396466
SKU_00686,0.27849686515771066,0.768746078756146,19.43,0.078,144,100.4876712328767,29.310163753078463,144,0.078,19.43,A,1.226586632396466
SKU_00093,0.24309079775780892,0.8135998592129937,18.92,0.19,138,101.12054794520547,30.24182279315813,138,0.19,18.92,A,1.226586632396466
SKU_00242,1.453466574516558,-0.18121786652696734,25.21,0.118,130,62.28493150684932,19.66829092527157,130,0.118,25.21,A,1.226586632396466
SKU_00186,1.1191835084792048,0.005253691166687826,20.31,0.198,155,70.36986301369863,19.09080876696391,155,0.198,20.31,A,1.226586632396466
SKU_00633,0.14330377576941405,0.9464145580423824,16.16,0.149,152,108.52602739726028,31.94814663577197,152,0.149,16.16,A,1.226586632396466
SKU_00862,0.11681837769487832,0.9844913654395506,19.37,0.189,127,108.9013698630137,30.7228147192305,127,0.189,19.37,A,1.226586632396466
SKU_00074,0.7414035354212692,0.2757038222390517,23.78,0.049,120,79.28219178082192,23.3306343822324,120,0.049,23.78,A,1.226586632396466
SKU_00535,1.555812238094399,-0.2423503554673751,11.45,0.055,134,60.67123287671233,18.89419266158209,134,0.055,11.45,A,1.226586632396466
SKU_00276,1.0544567915137597,0.02355850499798706,0.79,0.104,130,70.78630136986301,20.280812367692327,130,0.104,0.79,A,1.226586632396466
SKU_00861,-0.12652918320405543,1.3708486955429275,19.01,0.012,124,122.10958904109587,35.483381671292946,124,0.012,19.01,A,1.226586632396466
SKU_00490,-0.11843834358337466,1.3398981897136697,15.81,0.175,132,122.83013698630135,36.22030684199728,132,0.175,15.81,A,1.226586632396466
SKU_00554,1.3226300910778588,-0.15404010858660322,16.82,0.098,167,62.68219178082192,18.021136418668565,167,0.098,16.82,A,1.226586632396466
SKU_00444,1.1041082688440902,-0.03359163894858841,5.06,0.164,120,67.67123287671232,19.74720372089479,120,0.164,5.06,A,1.226586632396466
SKU_00981,0.9606860348843326,0.05995853555564699,14.31,0.118,126,71.74794520547945,20.27332539112839,126,0.118,14.31,A,1.226586632396466
SKU_00364,1.5445403846057582,-0.2739296526114486,23.65,0.042,159,58.42739726027397,17.01319187799472,159,0.042,23.65,A,1.226586632396466
SKU_00501,0.15692681342132955,0.8333718527788627,17.36,0.041,126,101.0164383561644,31.3586967348169,126,0.041,17.36,A,1.226586632396466
SKU_00838,0.3092005642310629,0.6345340658938337,13.73,0.076,136,94.87123287671233,26.90116974994582,136,0.076,13.73,A,1.226586632396466
SKU_00399,0.9046725298180817,0.07721536386225351,8.79,0.015,146,73.02191780821917,21.653225063545783,146,0.015,8.79,A,1.226586632396466
SKU_00915,-0.18530878728592348,1.3920180031417202,6.66,0.004,137,124.75890410958904,36.14708899416063,137,0.004,6.66,A,1.226586632396466
SKU_00258,0.27317212455264744,0.6531183425317175,19.92,0.122,133,94.91780821917808,29.40404090523145,133,0.122,19.92,A,1.226586632396466
SKU_00136,0.0976631420117285,0.8882164285711142,19.81,0.044,125,105.05479452054794,31.836416709053413,125,0.044,19.81,A,1.226586632396466
SKU_00778,0.7865601018512222,0.1477098568232494,29.41,0.076,132,76.40547945205479,21.534153108792097,132,0.076,29.41,A,1.226586632396466
SKU_00804,-0.22638535766784068,1.4622330332961313,13.9,0.042,136,127.76712328767124,37.96054941326233,136,0.042,13.9,A,1.226586632396466
SKU_00017,0.11806312225190617,0.849371098455838,0.78,0.165,133,101.9835616438356,29.0685010108211,133,0.165,0.78,A,1.226586632396466
SKU_00543,0.6210782282419159,0.27542435943246696,12.7,0.159,136,81.1041095890411,23.53767402377505,136,0.159,12.7,A,1.226586632396466
SKU_00890,0.7941668741441695,0.12081156168947,16.52,0.032,142,74.31506849315069,21.074225646567385,142,0.032,16.52,A,1.226586632396466
SKU_00749,0.45863906354978873,0.40802946115691713,3.25,0.062,126,86.0986301369863,26.42969365901785,126,0.062,3.25,A,1.226586632396466
SKU_00474,0.12815938365890925,0.7959937023981563,24.71,0.08,127,100.35890410958903,30.12008856327385,127,0.08,24.71,A,1.226586632396466
SKU_00695,0.4120302951366368,0.4475734482886552,22.26,0.117,133,86.37260273972603,24.63231405450293,133,0.117,22.26,A,1.226586632396466
SKU_00823,-0.31524628854454706,1.6065057071954936,28.48,0.017,140,133.7013698630137,38.34174156803473,140,0.017,28.48,A,1.226586632396466
SKU_00191,1.3930273110253195,-0.26058530359702814,9.58,0.181,124,59.608219178082194,17.013809464058962,124,0.181,9.58,A,1.226586632396466
SKU_00048,0.19323186300130687,0.6952473606243643,18.12,0.067,137,97.52054794520548,27.223590685448176,137,0.067,18.12,A,1.226586632396466
SKU_00159,0.8145668543843476,0.08392247122028683,20.05,0.076,139,71.45479452054795,21.58897409556256,139,0.076,20.05,A,1.226586632396466
SKU_00976,0.3587828890860035,0.4815281792886988,8.43,0.19,125,88.40547945205479,25.704469457915295,125,0.19,8.43,A,1.226586632396466
SKU_00027,0.08210383504888108,0.8184205926265801,4.26,0.007,123,101.97260273972604,29.71040286729219,123,0.007,4.26,A,1.226586632396466
SKU_00437,1.1350885778190043,-0.14572609009070775,9.44,0.1,140,63.7945205479452,18.40550480850114,140,0.1,9.44,A,1.226586632396466
SKU_00116,1.0728513499676147,-0.11100283637255616,24.29,0.113,164,66.14794520547945,19.011275641982856,164,0.113,24.29,A,1.226586632396466
SKU_00683,0.6106362044579606,0.21946193241387657,22.52,0.062,135,78.15616438356165,22.94080405613838,135,0.062,22.52,A,1.226586632396466
SKU_00296,0.9575741734917628,-0.04358243428399219,5.29,0.17,141,66.46849315068494,19.623019090284576,141,0.17,5.29,A,1.226586632396466
SKU_00302,0.1724169679087866,0.6785494579309271,22.44,0.133,131,96.7917808219178,28.326402826597757,131,0.133,22.44,A,1.226586632396466
SKU_00081,0.4553888972064382,0.3564685733420361,11.67,0.145,141,81.35068493150685,25.33506844693532,141,0.145,11.67,A,1.226586632396466
SKU_00055,1.4774624834770382,-0.336878649794657,22.65,0.133,139,55.47945205479452,17.304250247323857,139,0.133,22.65,A,1.226586632396466
SKU_00054,0.36846423564066394,0.4346482934841118,14.59,0.114,156,87.04657534246576,26.485544897438423,156,0.114,14.59,A,1.226586632396466
SKU_00692,0.05942182312081885,0.819119249643042,4.71,0.145,146,102.65205479452057,30.46484241734191,146,0.145,4.71,A,1.226586632396466
SKU_00913,-0.27672835975207594,1.4193354924853767,25.28,0.153,147,123.68219178082192,37.97841833093052,147,0.153,25.28,A,1.226586632396466
SKU_00739,-0.3878563877045017,1.685314218652385,0.3,0.142,135,134.4986301369863,38.91153849166915,135,0.142,0.3,A,1.226586632396466
SKU_00717,1.6251721709110032,-0.41009790511985394,17.75,0.158,124,53.12876712328767,15.827794785173127,124,0.158,17.75,A,1.226586632396466
SKU_00939,0.29530091667758596,0.49585064812616575,24.73,0.057,131,88.93972602739726,27.033590926591145,131,0.057,24.73,A,1.226586632396466
SKU_00363,0.18949762933022335,0.6211897168794132,24.85,0.015,133,94.0986301369863,26.813173801829425,133,0.015,24.85,A,1.226586632396466
SKU_00968,0.26065552650697904,0.5254038399225001,16.98,0.012,165,90.82465753424655,25.711350920553897,165,0.012,16.98,A,1.226586632396466
SKU_00921,-0.009661499794223595,0.871448660176031,21.62,0.132,124,102.67397260273972,29.7935295514163,124,0.132,21.62,A,1.226586632396466
SKU_00408,1.4209649110830547,-0.3425377716279976,16.39,0.113,143,55.45479452054794,15.438152407319274,143,0.113,16.39,A,1.226586632396466
SKU_00525,-0.07383499695654544,0.9752690928222548,27.12,0.052,147,107.13150684931507,33.065689185235456,147,0.052,27.12,A,1.226586632396466
SKU_00989,1.1256838411659054,-0.19861442623686623,3.42,0.187,145,62.07123287671233,18.520566823233587,145,0.187,3.42,A,1.226586632396466
SKU_00738,-0.1750050684527489,1.1386151032710243,11.43,0.163,128,112.44931506849316,33.72995181222252,128,0.163,11.43,A,1.226586632396466
SKU_00956,0.09807805686407112,0.6951076292210719,3.98,0.146,152,98.52602739726028,28.898600803600157,152,0.146,3.98,A,1.226586632396466
SKU_00521,-0.37437165500336733,1.5666822572571708,2.15,0.003,136,130.93698630136987,36.96819061390882,136,0.003,2.15,A,1.226586632396466
SKU_00691,-0.2218904467674625,1.2114151643863442,3.56,0.174,119,116.7917808219178,34.76918299450932,119,0.174,3.56,A,1.226586632396466
SKU_00162,0.4904492022293881,0.2338542669529897,7.9,0.01,127,80.5095890410959,23.81909938914084,127,0.01,7.9,A,1.226586632396466
SKU_00788,-0.09672446631077877,0.9679331941494059,15.27,0.101,130,107.1917808219178,30.43848847448196,130,0.101,15.27,A,1.226586632396466
SKU_00993,0.34218629499229974,0.3631756807000694,25.78,0.135,139,83.74794520547945,23.684905644346667,139,0.135,25.78,A,1.226586632396466
SKU_00677,-0.3162835756754036,1.37336386080219,2.86,0.121,132,123.52328767123288,39.01208083017347,132,0.121,2.86,A,1.226586632396466
SKU_00315,0.7041995036612163,0.03809057094039256,1.78,0.157,135,71.73424657534247,19.709234038074765,135,0.157,1.78,A,1.226586632396466
SKU_00817,-0.31234188457814893,1.3618360200305704,16.52,0.128,141,123.33698630136986,36.42354444303531,141,0.128,16.52,A,1.226586632396466
SKU_00248,1.620331497633673,-0.46787684038124505,22.71,0.003,145,51.02191780821918,14.797704070647455,145,0.003,22.71,A,1.226586632396466
SKU_00188,0.13486717377178142,0.5769647277373811,0.48,0.115,148,91.8958904109589,27.71668100876804,148,0.115,0.48,A,1.226586632396466
SKU_00865,0.23748944725118384,0.4489707623215788,22.02,0.106,128,89.22739726027397,25.799636147627997,128,0.106,22.02,A,1.226586632396466
SKU_00415,-0.14312577729775938,0.9791815721144409,7.74,0.036,124,108.0191780821918,32.61896509605997,124,0.036,7.74,A,1.226586632396466
SKU_00516,-0.38951604711387217,1.4895505226397878,2.4,0.15,136,130.13150684931506,36.58880840087165,136,0.15,2.4,A,1.226586632396466
SKU_00578,0.006381874496356815,0.7336036308281173,15.99,0.197,144,98.73424657534248,26.8254032218708,144,0.197,15.99,A,1.226586632396466
SKU_00129,0.07014045680633604,0.6394246650090663,26.49,0.082,140,96.11232876712327,25.529685076620016,140,0.082,26.49,A,1.226586632396466
SKU_00533,0.22310573236997389,0.4454774772392698,5.16,0.127,134,86.98082191780821,25.91092442999865,134,0.127,5.16,A,1.226586632396466
SKU_00275,0.0385377755529082,0.6753356356552029,18.1,0.055,138,96.11780821917807,26.735576076642374,138,0.055,18.1,A,1.226586632396466
SKU_00742,0.8809532307591631,-0.13049536713184046,17.92,0.181,141,63.73698630136986,20.297563235774174,141,0.181,17.92,A,1.226586632396466
SKU_00423,0.01426525669086628,0.6989502428116118,8.54,0.125,145,96.03561643835616,28.358601278022935,145,0.125,8.54,A,1.226586632396466
SKU_00078,-0.45113090268674794,1.6110469778024954,15.81,0.113,148,132.22465753424655,38.98074961933314,148,0.113,15.81,A,1.226586632396466
SKU_00160,-0.4192516115317582,1.5255313589875708,0.41,0.111,158,128.96438356164384,38.146210078708485,158,0.111,0.41,A,1.226586632396466
SKU_00504,0.6656815748687451,0.012170395629659674,25.33,0.094,134,69.18904109589042,20.874688664150884,134,0.094,25.33,A,1.226586632396466
SKU_00270,1.0922831955523264,-0.2618428862266594,6.84,0.031,130,59.51780821917808,16.91487529282763,130,0.031,6.84,A,1.226586632396466
SKU_00994,-0.4425559957383342,1.563608166384739,5.66,0.153,137,130.23835616438356,37.91018387249559,137,0.153,5.66,A,1.226586632396466
SKU_00488,1.5751057787283296,-0.5011329143648269,24.6,0.158,115,49.56164383561644,15.070335373819391,115,0.158,24.6,A,1.226586632396466
SKU_00277,0.5466701647218101,0.08217582867913231,9.73,0.055,131,71.7068493150685,21.909380854819183,131,0.055,9.73,A,1.226586632396466
SKU_00103,0.06267198946416938,0.5903090767518014,3.9,0.01,117,91.26849315068492,27.54375578263208,117,0.01,3.9,A,1.226586632396466
SKU_00461,0.544111523132364,0.08007985762974691,9.66,0.182,124,73.33698630136986,21.219389762235863,124,0.182,9.66,A,1.226586632396466
SKU_00303,0.5037956299797413,0.11172902047546657,22.23,0.032,147,74.03835616438356,21.5661175426132,147,0.032,22.23,A,1.226586632396466
SKU_00034,1.6272467451727162,-0.529498389233176,3.74,0.009,127,49.25205479452055,14.351437780606371,127,0.009,3.74,A,1.226586632396466
SKU_00848,0.04088895971618295,0.5997409464740359,9.02,0.155,140,93.43835616438356,28.79111312701504,140,0.155,9.02,A,1.226586632396466
SKU_00998,1.5745525589252063,-0.5177609513566177,11.2,0.134,112,49.43013698630137,14.718929698340814,112,0.134,11.2,A,1.226586632396466
SKU_00274,0.07214587859265874,0.5488088499739704,18.02,0.005,137,92.57534246575342,26.46442657327333,137,0.005,18.02,A,1.226586632396466
SKU_00348,-0.3958780748497919,1.3581331378433228,4.78,0.033,129,122.64931506849317,35.96858795650067,129,0.033,4.78,A,1.226586632396466
SKU_00793,0.41486554662764474,0.15930756329651535,5.04,0.023,132,76.21917808219177,22.19175087763249,132,0.023,5.04,A,1.226586632396466
SKU_00732,0.5988111311661963,-0.004038447152254151,19.41,0.103,150,68.61369863013698,20.58822689201958,150,0.103,19.41,A,1.226586632396466
SKU_00570,0.08120485286880548,0.5098237884554018,18.0,0.043,131,89.88493150684931,25.944740893079523,131,0.043,18.0,A,1.226586632396466
SKU_00623,-0.019619456250445935,0.644385129825945,27.23,0.097,130,94.67945205479452,28.59856178136702,130,0.097,27.23,A,1.226586632396466
SKU_00255,0.22780810069652338,0.3308977265395341,23.43,0.128,133,83.89315068493151,25.212003991465917,133,0.128,23.43,A,1.226586632396466
SKU_00612,0.47115566159545713,0.09111863848984339,29.13,0.14,135,73.22191780821917,22.44143933905779,135,0.14,29.13,A,1.226586632396466
SKU_00751,1.5389390340991334,-0.5351575110665167,29.16,0.192,162,48.18356164383562,14.179452453999334,162,0.192,29.16,A,1.226586632396466
SKU_00674,-0.27333988845794466,1.034235745011631,19.99,0.079,118,110.53972602739726,33.197406308912456,118,0.079,19.99,A,1.226586632396466
SKU_00219,1.2287901819730411,-0.4094691138050383,4.63,0.06,137,53.33150684931507,16.529434923100485,137,0.06,4.63,A,1.226586632396466
SKU_00263,0.09607263507774842,0.4255657522701084,5.52,0.026,149,86.27397260273973,26.06345820647304,149,0.026,5.52,A,1.226586632396466
SKU_00978,0.02090389432834771,0.5192556581776362,20.32,0.122,148,91.02191780821916,25.31992139381224,148,0.122,20.32,A,1.226586632396466
SKU_00545,-0.4521681898176045,1.3803504309668082,28.99,0.07,132,122.61917808219178,35.39650079532386,132,0.07,28.99,A,1.226586632396466
SKU_00043,1.434449643784189,-0.533341002823716,26.3,0.016,125,48.52876712328767,14.3887307042017,125,0.016,26.3,A,1.226586632396466
SKU_00417,-0.5531308038876367,1.614330665779866,16.85,0.09,134,132.73424657534247,37.90746475813946,134,0.09,16.85,A,1.226586632396466
SKU_00999,-0.15149322682000163,0.7371667816120725,26.11,0.094,152,98.67397260273972,29.07720883201801,152,0.094,26.11,A,1.226586632396466
SKU_00863,-0.1694037179461238,0.7662309134968834,24.61,0.016,136,100.4876712328767,30.574948200676204,136,0.016,24.61,A,1.226586632396466
SKU_00268,-0.44760412644183595,1.327601826223942,21.73,0.153,132,117.66849315068494,35.076011952350136,132,0.153,21.73,A,1.226586632396466
SKU_00125,-0.21615079131005666,0.8446202307438977,13.56,0.132,138,103.38356164383562,30.700981718645973,138,0.132,13.56,A,1.226586632396466
SKU_00714,-0.4839783284972036,1.4154230131931906,2.42,0.165,134,124.4,37.14116226056922,134,0.165,2.42,A,1.226586632396466
SKU_00560,0.7319296462927799,-0.18324397187470656,3.7,0.06,115,62.87123287671233,18.18728483088653,115,0.06,3.7,A,1.226586632396466
SKU_00338,-0.055025523650347664,0.5779428475604276,1.43,0.064,142,91.8958904109589,27.574576393566957,142,0.064,1.43,A,1.226586632396466
SKU_00194,-0.5176555840123446,1.4809570413373077,16.37,0.006,155,127.0986301369863,38.00984723896308,155,0.006,16.37,A,1.226586632396466
SKU_00039,-0.1714782922078369,0.7390531555565193,23.32,0.045,135,99.43561643835616,29.68588931946693,135,0.045,23.32,A,1.226586632396466
SKU_00564,-0.47810036808901685,1.3610674973124623,17.06,0.147,127,122.5095890410959,35.188316634614694,127,0.147,17.06,A,1.226586632396466
SKU_00246,-0.2124857101143637,0.7882386095154302,22.78,0.041,122,101.11780821917807,29.840783281128036,122,0.041,22.78,A,1.226586632396466
SKU_00499,1.6976439651201771,-0.6568635633341627,18.45,0.157,135,44.29041095890411,13.314580997475703,135,0.157,18.45,A,1.226586632396466
SKU_00786,0.318812758310333,0.10502191311743327,21.3,0.093,124,73.20821917808219,21.40582334129805,124,0.093,21.3,A,1.226586632396466
SKU_00395,1.5078204201734386,-0.5950324173772932,3.02,0.03,138,45.35068493150685,13.86642640059026,138,0.03,3.02,A,1.226586632396466
SKU_00089,-0.06173331376321966,0.5278491394801164,5.77,0.181,130,90.26849315068492,26.09996040538621,130,0.181,5.77,A,1.226586632396466
SKU_00484,0.32199377217829317,0.08811441331905764,27.05,0.173,123,73.62465753424658,21.96485567540077,123,0.173,27.05,A,1.226586632396466
SKU_00304,0.8073058444683521,-0.27763253479869615,28.51,0.025,150,58.19178082191781,16.56394330990684,150,0.025,28.51,A,1.226586632396466
SKU_00607,-0.43128414224969364,1.172569834271068,19.22,0.177,112,116.53150684931506,33.587956030481884,112,0.177,19.22,A,1.226586632396466
SKU_00161,0.48623090123057155,-0.06328456214821503,7.74,0.161,143,67.34246575342466,19.787899495166965,143,0.161,7.74,A,1.226586632396466
SKU_00217,0.8770806921372988,-0.33457308164033306,18.4,0.042,146,57.136986301369866,16.28161765029051,146,0.042,18.4,A,1.226586632396466
SKU_00174,0.5302810280542775,-0.11247001610712594,18.53,0.198,123,65.12328767123287,19.20332589488758,123,0.198,18.53,A,1.226586632396466
SKU_00365,-0.35653031635263555,0.9681427912543444,18.77,0.077,111,109.15890410958905,31.07818850888075,111,0.077,18.77,A,1.226586632396466
SKU_00910,0.3424629048938612,0.019715891407447145,8.06,0.01,151,68.25479452054795,20.635860717542563,151,0.01,8.06,A,1.226586632396466
SKU_00502,-0.6186181980823767,1.6065755728971398,22.17,0.118,149,130.813698630137,41.2292349168888,149,0.118,22.17,A,1.226586632396466
SKU_00639,-0.38668079562286445,0.9965781318243399,13.94,0.198,120,109.72602739726028,31.516723396961314,120,0.198,13.94,A,1.226586632396466
SKU_00343,-0.193053864529652,0.6264296445028767,29.25,0.187,152,94.30958904109588,27.80416288493051,152,0.187,29.25,A,1.226586632396466
SKU_00553,0.24191520567617186,0.08657736788284168,18.68,0.078,123,74.44109589041096,21.72910032637169,123,0.078,18.68,A,1.226586632396466
SKU_00990,1.0582601776602332,-0.4675275118730141,19.07,0.076,137,51.69041095890411,14.916619579040464,137,0.076,19.07,A,1.226586632396466
SKU_00069,1.6999951492834517,-0.7164590068383545,6.7,0.095,116,41.11780821917808,12.538066679596996,116,0.095,6.7,A,1.226586632396466
SKU_00153,-0.002746252255180295,0.3468271065148632,2.57,0.192,153,85.53150684931506,22.38995602865098,153,0.192,2.57,A,1.226586632396466
SKU_00857,-0.062286533566343213,0.41340912018367304,27.88,0.158,131,85.63835616438357,24.847129480972765,131,0.158,27.88,A,1.226586632396466
SKU_00003,0.37109202970550037,-0.04840316769757863,17.28,0.151,138,67.85479452054794,20.228862534061275,138,0.151,17.28,A,1.226586632396466
SKU_00085,-0.5650250296547911,1.3693815158083578,12.62,0.064,132,124.0027397260274,35.22287738635759,132,0.064,12.62,A,1.226586632396466
SKU_00657,-0.43529498582233883,1.0395455383367407,11.76,0.127,116,110.6054794520548,33.92668197912819,116,0.127,11.76,A,1.226586632396466
SKU_00195,-0.48280273641556615,1.145042747822473,19.12,0.168,130,115.75342465753424,33.98083688385869,130,0.168,19.12,A,1.226586632396466
SKU_00853,1.3959317149917179,-0.6351353301222006,29.15,0.134,138,44.345205479452055,13.520284324419984,138,0.134,29.15,A,1.226586632396466
SKU_00785,1.4314760873424004,-0.6505057844843602,24.82,0.172,121,43.8986301369863,12.646422561848295,121,0.172,24.82,B,0.07809727621999978
SKU_00376,1.2138532472887076,-0.5687629135583293,0.76,0.183,141,47.87123287671233,13.638075734485987,141,0.183,0.76,B,0.07809727621999978
SKU_00451,0.23327114625236772,0.03711245111734603,1.1,0.14,135,69.8082191780822,20.490454447579047,135,0.14,1.1,B,0.07809727621999978
SKU_00122,-0.5896433108937853,1.3654690365161717,24.77,0.199,142,124.7835616438356,36.90401499084724,142,0.199,24.77,B,0.07809727621999978
SKU_00045,0.5896830044146593,-0.2590482581608122,25.56,0.074,153,59.26849315068493,17.100839230678027,153,0.074,25.56,B,0.07809727621999978
SKU_00106,-0.2734090409333352,0.650952505780686,19.59,0.152,125,96.65205479452057,27.85435092174497,125,0.152,19.59,B,0.07809727621999978
SKU_00906,1.1199441857084995,-0.5490607856941065,25.92,0.11,126,48.68767123287671,13.73037005581558,126,0.11,25.92,B,0.07809727621999978
SKU_00684,1.503118051846889,-0.6972459388856549,12.44,0.084,128,41.72054794520548,12.014814103459498,128,0.084,12.44,B,0.07809727621999978
SKU_00157,0.9288758962047332,-0.46347530117753566,6.91,0.167,136,51.57808219178082,15.438554622741728,136,0.167,6.91,B,0.07809727621999978
SKU_00618,1.0814954093914189,-0.5386507961488256,12.27,0.058,139,48.25479452054795,13.634082224457444,139,0.058,12.27,B,0.07809727621999978
SKU_00452,-0.22603959529088843,0.547481401642693,10.97,0.042,125,92.5972602739726,26.92418115625465,125,0.042,10.97,B,0.07809727621999978
SKU_00547,0.6206633133895734,-0.3051596212472912,21.26,0.083,161,57.49041095890411,17.034484774537372,161,0.083,21.26,B,0.07809727621999978
SKU_00102,-0.6020907564640631,1.3257853179811414,4.56,0.047,134,123.85753424657534,35.80950023513549,134,0.047,4.56,B,0.07809727621999978
SKU_00526,-0.2581954963474398,0.5756372794061037,7.06,0.149,116,91.93698630136986,27.389415552349096,116,0.149,7.06,B,0.07809727621999978
SKU_00660,-0.4592217423074285,0.9486502604950602,20.16,0.011,132,108.04657534246576,30.45074424013247,132,0.011,20.16,B,0.07809727621999978
SKU_00572,-0.3207784865757818,0.6680696026840002,26.33,0.034,125,96.47671232876712,27.81152480966201,125,0.034,26.33,B,0.07809727621999978
SKU_00743,0.04268692407633415,0.15644306952902196,3.13,0.187,142,76.16712328767123,21.77070856258881,142,0.187,3.13,B,0.07809727621999978
SKU_00896,-0.6747008556240177,1.49500004736819,26.08,0.036,120,126.37260273972603,35.61968394989844,120,0.036,26.08,B,0.07809727621999978
SKU_00756,0.4443936536193595,-0.21244783516280993,3.07,0.017,145,61.55342465753424,17.90268322169064,145,0.017,3.07,B,0.07809727621999978
SKU_00566,-0.335507963833944,0.6741479187272178,24.75,0.025,127,95.84109589041095,27.836491957680483,127,0.025,24.75,B,0.07809727621999978
SKU_00849,0.3598893286922506,-0.1558566168294039,7.29,0.026,139,63.41917808219178,18.51349862102586,139,0.026,7.29,B,0.07809727621999978
SKU_00734,-0.4498861581297201,0.889683608305684,22.88,0.088,116,104.54246575342464,31.589946228105035,116,0.088,22.88,B,0.07809727621999978
SKU_00373,0.6598036144605582,-0.3819420273564433,28.42,0.198,118,54.47397260273973,16.55236468778672,118,0.198,28.42,B,0.07809727621999978
SKU_00341,-0.05744586028901278,0.21785502127601442,8.34,0.015,161,77.35342465753425,20.958449751514387,161,0.015,8.34,B,0.07809727621999978
SKU_00917,1.5683979886154578,-0.7876521568158121,6.52,0.095,125,38.75068493150685,11.193393892706178,125,0.095,6.52,B,0.07809727621999978
SKU_00685,0.22766979574574264,-0.09744889025319718,19.42,0.143,136,65.77808219178083,19.60341867594617,136,0.143,19.42,B,0.07809727621999978
SKU_00567,-0.18067557143476437,0.35206703413832674,2.32,0.127,111,83.75616438356164,24.355612810141285,111,0.127,2.32,B,0.07809727621999978
SKU_00675,1.6845741472713849,-0.8254495014063957,24.03,0.033,146,36.84931506849315,11.325444503899114,146,0.033,24.03,B,0.07809727621999978
SKU_00082,-0.5455240315946891,1.0123677803963766,28.92,0.124,120,110.72876712328768,29.967388316081703,120,0.124,28.92,B,0.07809727621999978
SKU_00138,-0.4334278689867971,0.757916895000988,3.25,0.004,127,99.27945205479452,29.32310981000653,127,0.004,3.25,B,0.07809727621999978
SKU_00584,0.4899651349016547,-0.31752585043866505,17.24,0.151,129,56.12876712328767,16.30571159498096,129,0.151,17.24,B,0.07809727621999978
SKU_00024,-0.11705529407556607,0.24014218010114594,14.43,0.168,134,78.1917808219178,22.55058875370311,134,0.168,14.43,B,0.07809727621999978
SKU_00279,1.045881884565346,-0.6164113220810243,4.56,0.097,136,45.16986301369863,13.861904124982043,136,0.097,4.56,B,0.07809727621999978
SKU_00596,0.6069019707868771,-0.39598503338732555,20.86,0.103,137,53.41095890410959,15.604341830660047,137,0.103,20.86,B,0.07809727621999978
SKU_00012,1.1713244749235914,-0.6698585838403522,21.67,0.094,124,43.827397260273976,12.801326986009682,124,0.094,21.67,B,0.07809727621999978
SKU_00986,0.6782673253898039,-0.44118814235240417,11.62,0.152,122,52.032876712328765,15.877761547420228,122,0.152,11.62,B,0.07809727621999978
SKU_00529,1.2818301305975035,-0.7127561246511069,26.98,0.166,144,42.01095890410959,12.93304356430531,144,0.166,26.98,B,0.07809727621999978
SKU_00115,1.3048579049025175,-0.7218386658651104,28.29,0.092,152,41.06849315068493,12.182595186183445,152,0.092,28.29,B,0.07809727621999978
SKU_00025,1.0095076825099782,-0.6085164977950059,9.48,0.142,156,45.38356164383562,14.001403125317326,156,0.142,9.48,B,0.07809727621999978
SKU_00843,1.6116182857344785,-0.825170038599811,14.35,0.044,144,36.93698630136986,11.272785312196229,144,0.044,14.35,B,0.07809727621999978
SKU_00229,0.4822200576579266,-0.3363197241814876,8.41,0.01,126,56.85479452054795,17.21066179500217,126,0.01,8.41,B,0.07809727621999978
SKU_00232,0.29661481371000414,-0.20609005631300753,19.76,0.071,105,62.12602739726027,17.426943483441722,105,0.071,19.76,B,0.07809727621999978
SKU_00455,0.00811068638111764,0.05625565336839943,9.46,0.011,130,72.15616438356165,19.99437411465136,130,0.011,9.46,B,0.07809727621999978
SKU_00050,1.6407314778738507,-0.8436145838344026,11.66,0.148,134,36.92328767123288,11.147099861191233,134,0.148,11.66,B,0.07809727621999978
SKU_00091,0.7633248701200366,-0.512031963821631,9.77,0.129,141,49.78082191780822,14.754256766411126,141,0.129,9.77,B,0.07809727621999978
SKU_00344,-0.3140706964629098,0.46895235299238636,11.2,0.17,134,86.78356164383561,24.810263593673024,134,0.17,11.2,B,0.07809727621999978
SKU_00018,-0.19962334969174306,0.29533608440162834,4.7,0.157,121,80.98630136986301,22.466515469171227,121,0.157,4.7,B,0.07809727621999978
SKU_00765,0.2726189047495241,-0.20064053158460546,25.08,0.002,134,61.03013698630137,18.040908070054915,134,0.002,25.08,B,0.07809727621999978
SKU_00651,0.1603844371908512,-0.11365773303511101,0.99,0.071,149,65.5068493150685,19.613941055464405,149,0.071,0.99,B,0.07809727621999978
SKU_00261,1.7108520879197495,-0.8730979099290906,0.97,0.051,128,35.74794520547945,9.945291414316149,128,0.051,0.97,B,0.07809727621999978
SKU_00051,0.9751389022409329,-0.6266815802230128,16.98,0.045,144,44.87671232876713,13.465406639782929,144,0.045,16.98,B,0.07809727621999978
SKU_00506,1.4399818418154238,-0.8005773116203555,1.03,0.043,136,38.21369863013699,10.972159011355302,136,0.043,1.03,B,0.07809727621999978
SKU_00062,1.1586695719271423,-0.7103108250934906,8.04,0.059,135,42.20821917808219,12.275027734628337,135,0.059,8.04,B,0.07809727621999978
SKU_00375,-0.5863239920750446,0.9520038141740768,5.57,0.188,127,107.5041095890411,31.28437642561546,127,0.188,5.57,B,0.07809727621999978
SKU_00144,-0.7031225230094859,1.2596224985222086,29.13,0.191,133,119.0109589041096,34.91433614696797,133,0.191,29.13,B,0.07809727621999978
SKU_00624,0.43816993083422073,-0.3595850028296656,7.24,0.004,140,55.16986301369863,16.371164385370754,140,0.004,7.24,B,0.07809727621999978
SKU_00918,0.9356528387929958,-0.6307337909184912,12.54,0.132,143,44.12876712328767,13.642909435726803,143,0.132,12.54,B,0.07809727621999978
SKU_00349,0.46417126158102345,-0.3843873269140596,25.61,0.038,161,54.44109589041096,15.792088675339649,161,0.038,25.61,B,0.07809727621999978
SKU_00904,-0.23558263689476816,0.27158174584192707,20.04,0.039,135,80.73150684931507,23.080466484946303,135,0.039,20.04,B,0.07809727621999978
SKU_00611,1.0582601776602332,-0.6931238624885303,23.62,0.147,140,41.83561643835616,12.140900923617314,140,0.147,23.62,B,0.07809727621999978
SKU_00289,0.3442608692540124,-0.31654773061561853,7.15,0.09,141,56.43561643835616,15.917518943071036,141,0.09,7.15,B,0.07809727621999978
SKU_00522,1.641907069955488,-0.8859531990319879,22.92,0.185,123,35.41917808219178,10.40378018701558,123,0.185,22.92,B,0.07809727621999978
SKU_00768,-0.507213560228389,0.7089410381470156,14.27,0.081,123,97.43561643835616,28.52643544491909,123,0.081,14.27,B,0.07809727621999978
SKU_00061,-0.7493163765702952,1.331863634024359,23.5,0.122,138,123.36712328767123,35.65373789720304,138,0.122,23.5,B,0.07809727621999978
SKU_00808,-0.13489663272629787,0.1141044543314367,21.36,0.19,150,74.44383561643835,21.144070079654576,150,0.19,21.36,B,0.07809727621999978
SKU_00954,-0.24471076364630545,0.24440398790156292,27.93,0.179,119,78.86575342465754,22.900550758637305,119,0.179,27.93,B,0.07809727621999978
SKU_00538,-0.13593391985715422,0.10299580776969404,3.95,0.181,142,72.28493150684932,21.787457774434504,142,0.181,3.95,B,0.07809727621999978
SKU_00673,0.11723329254722094,-0.15983896182323618,7.78,0.07,145,63.14794520547945,18.269804169519546,145,0.07,7.78,B,0.07809727621999978
SKU_00740,-0.09437328214750404,0.05003760592188938,11.64,0.193,142,72.12328767123287,22.034903135582194,142,0.193,11.64,B,0.07809727621999978
SKU_00095,0.012121529953762842,-0.06356402495479975,2.03,0.145,142,66.45205479452055,20.159965424847712,142,0.145,2.03,B,0.07809727621999978
SKU_00394,-0.5115701661779865,0.6788987864391581,6.56,0.138,129,96.77260273972604,28.31039328951712,129,0.138,6.56,B,0.07809727621999978
SKU_00569,-0.4860529027589167,0.6239144792436142,21.93,0.025,123,94.2958904109589,26.7819873366829,123,0.025,21.93,B,0.07809727621999978
SKU_00457,-0.07390414943193581,0.013917038170814182,29.04,0.007,140,69.69589041095891,19.72121938557277,140,0.007,29.04,B,0.07809727621999978
SKU_00931,1.1798302293966147,-0.7685089545647588,8.77,0.103,130,40.26027397260274,11.454193767777264,130,0.103,8.77,B,0.07809727621999978
SKU_00280,1.368339877310935,-0.8367677450730769,20.89,0.073,124,36.61917808219178,11.157226228986888,124,0.073,20.89,B,0.07809727621999978
SKU_00361,0.5238498478429671,-0.4782169642248797,26.48,0.067,136,51.11780821917808,14.995597728228605,136,0.067,26.48,B,0.07809727621999978
SKU_00310,-0.17555828825587244,0.1116591547738204,17.62,0.097,123,74.61917808219178,22.17005118740741,123,0.097,17.62,B,0.07809727621999978
SKU_00909,-0.37845165105140294,0.385882033735078,4.65,0.041,116,84.36438356164383,23.84384507088909,116,0.041,4.65,B,0.07809727621999978
SKU_00329,-0.8301556203017113,1.486895625977233,0.31,0.025,138,127.3972602739726,37.31523704266399,138,0.025,0.31,B,0.07809727621999978
SKU_00496,0.319711740490409,-0.37970632490376555,27.17,0.157,133,55.99178082191781,16.865741281153884,133,0.157,27.17,B,0.07809727621999978
SKU_00907,-0.5081125424084648,0.5875144486859543,12.1,0.198,130,92.07397260273972,28.03858226513618,130,0.198,12.1,B,0.07809727621999978
SKU_00964,-0.6899835526853035,1.0065689271597436,28.1,0.118,133,109.26301369863012,32.05672987772007,133,0.118,28.1,B,0.07809727621999978
SKU_00088,1.3587968357070555,-0.8733075070340292,20.46,0.106,131,35.26575342465753,10.54206929634423,131,0.106,20.46,B,0.07809727621999978
SKU_00272,1.2898518177427933,-0.8525573936451136,1.68,0.083,140,36.51780821917808,10.78143681511346,140,0.083,1.68,B,0.07809727621999978
SKU_00822,-0.536603362269323,0.5987628266509893,29.09,0.129,133,92.13424657534246,27.42494362330087,133,0.129,29.09,B,0.07809727621999978
SKU_00416,-0.6744933981978467,0.9135078125670315,28.4,0.024,160,104.65753424657534,30.607412724429643,160,0.024,28.4,B,0.07809727621999978
SKU_00301,0.14067598170457762,-0.2834313880353291,29.73,0.043,147,57.14794520547945,17.223323931510347,147,0.043,29.73,B,0.07809727621999978
SKU_00432,0.4380316258834396,-0.49959586892861085,5.68,0.145,128,49.52876712328767,14.037718806843776,128,0.145,5.68,B,0.07809727621999978
SKU_00216,-0.5643335049008869,0.60057933489379,22.33,0.109,137,94.18356164383562,28.69423408452342,137,0.109,22.33,B,0.07809727621999978
SKU_00877,0.5773738637951623,-0.5917487293999226,0.27,0.071,140,46.72876712328768,13.716532491330645,140,0.071,0.27,B,0.07809727621999978
SKU_00184,-0.7952336202295426,1.1902458567875516,8.29,0.056,147,118.13424657534246,32.71490326103064,147,0.056,8.29,B,0.07809727621999978
SKU_00879,-0.9183250264245134,1.6502416364260026,24.68,0.195,128,133.42465753424656,41.01725642216488,128,0.195,24.68,B,0.07809727621999978
SKU_00140,1.616320654061028,-0.970490698023866,15.31,0.147,118,31.457534246575342,9.07880513584062,118,0.147,15.31,B,0.07809727621999978
SKU_00483,0.46998006951381965,-0.547314143152952,29.64,0.067,125,48.57534246575342,13.864649696794098,125,0.067,29.64,B,0.07809727621999978
SKU_00552,0.2110040491766481,-0.38487638682558284,29.46,0.145,151,53.49589041095891,16.401826137576826,151,0.145,29.46,B,0.07809727621999978
SKU_00108,-0.8949514897425469,1.5058292311233479,18.46,0.19,122,127.16986301369865,35.78689475938984,122,0.19,18.46,B,0.07809727621999978
SKU_00537,-0.8314695173341295,1.2646528290407335,11.51,0.064,140,117.37260273972603,35.460600564329944,140,0.064,11.51,B,0.07809727621999978
SKU_00067,1.067803219264113,-0.8206986336944555,6.94,0.188,140,36.69315068493151,10.928040462160451,140,0.188,6.94,B,0.07809727621999978
SKU_00131,-0.9179101115721707,1.59267229826955,29.65,0.105,131,131.46575342465752,37.46444548633245,131,0.105,29.65,B,0.07809727621999978
SKU_00544,0.43768586350648775,-0.538371333342241,0.91,0.177,159,48.28493150684932,15.553025846312506,159,0.177,0.91,B,0.07809727621999978
SKU_00666,-0.8362410381360694,1.276390266917292,21.67,0.136,157,119.76712328767124,34.73451926024384,157,0.136,21.67,B,0.07809727621999978
SKU_00527,-0.7422628240804708,0.9487201261967063,24.24,0.016,159,104.57534246575342,30.3808779001536,159,0.016,24.24,B,0.07809727621999978
SKU_00322,0.5817304697447596,-0.6331092247744614,28.13,0.101,130,45.71780821917808,12.902629241233951,130,0.101,28.13,B,0.07809727621999978
SKU_00911,-0.7605882300589357,0.9814871402687649,0.76,0.026,109,110.8054794520548,30.82978744767708,109,0.026,0.76,B,0.07809727621999978
SKU_00873,-0.27907954391535067,0.04724297785604217,1.42,0.045,157,71.16438356164383,22.54568847127284,157,0.045,1.42,B,0.07809727621999978
SKU_00561,-0.9491670304486466,1.6536650558066655,2.14,0.109,129,133.0109589041096,40.83987615025405,129,0.109,2.14,B,0.07809727621999978
SKU_00962,-0.8383156123977823,1.2161660320982846,12.73,0.104,139,118.75068493150684,31.949578765936657,139,0.104,12.73,B,0.07809727621999978
SKU_00224,-0.7703387290889867,0.9926656525321538,4.91,0.06,129,108.61917808219178,32.66311836797579,129,0.06,4.91,B,0.07809727621999978
SKU_00327,0.41576452880772036,-0.5590515810295102,27.29,0.062,144,48.156164383561645,13.866524104552456,144,0.062,27.29,B,0.07809727621999978
SKU_00173,-0.9028348719370564,1.4338675584277822,15.67,0.032,125,126.71506849315068,37.0302952570219,125,0.032,15.67,B,0.07809727621999978
SKU_00591,0.5155515507961153,-0.6169702476941937,1.08,0.14,148,45.17808219178082,13.53743534250734,148,0.14,1.08,B,0.07809727621999978
SKU_00829,-0.13019426439974838,-0.13957790834584388,14.79,0.047,134,64.7095890410959,18.747982780745566,134,0.047,14.79,B,0.07809727621999978
SKU_00410,-0.5851483999934071,0.5237969287846379,22.65,0.135,152,88.66575342465754,26.164380089894784,152,0.135,22.65,B,0.07809727621999978
SKU_00941,0.21881827889576702,-0.4389524398997264,8.22,0.171,138,51.99452054794521,14.681227177303066,138,0.171,8.22,B,0.07809727621999978
SKU_00540,1.587622376773998,-0.9999740241185541,24.09,0.166,118,30.068493150684933,8.928791507147672,118,0.166,24.09,B,0.07809727621999978
SKU_00381,0.7067581452506624,-0.7149219614021385,16.4,0.11,125,41.24383561643835,13.169155044583851,125,0.11,16.4,B,0.07809727621999978
SKU_00155,-0.849587465886423,1.2149783151702993,26.98,0.171,148,116.76712328767124,36.42240002861765,148,0.171,26.98,B,0.07809727621999978
SKU_00210,0.20014711054035017,-0.44398277041825135,28.96,0.181,149,51.84657534246576,16.75726906557879,149,0.181,28.96,B,0.07809727621999978
SKU_00169,0.3444683266801839,-0.5393494531652875,14.28,0.081,124,48.24383561643835,13.858517695632411,124,0.081,14.28,B,0.07809727621999978
SKU_00227,-0.3326035598675457,0.056465250473337975,22.28,0.02,130,72.13150684931507,20.388916919805407,130,0.02,22.28,B,0.07809727621999978
SKU_00826,-0.49262238792100776,0.2969429955394905,22.66,0.119,122,80.88219178082191,23.491168216882865,122,0.119,22.66,B,0.07809727621999978
SKU_00638,-0.7565082340109001,0.8706801374579229,8.62,0.103,142,102.88767123287673,29.007975150106557,142,0.103,8.62,B,0.07809727621999978
SKU_00835,-0.24415754384318192,-0.060978993993891076,10.93,0.101,133,67.72602739726027,20.059978932677552,133,0.101,10.93,B,0.07809727621999978
SKU_00307,-0.5727009544231291,0.42717266340797055,29.39,0.088,148,86.21095890410959,24.636966115021167,148,0.088,29.39,B,0.07809727621999978
SKU_00141,-0.8163251252236247,1.0171186481083168,11.69,0.072,135,112.05753424657534,31.83291681270279,135,0.072,11.69,B,0.07809727621999978
SKU_00185,0.5809697925154648,-0.6915868170523143,27.86,0.125,144,42.602739726027394,12.696088051598393,144,0.125,27.86,B,0.07809727621999978
SKU_00536,1.2302423839562402,-0.9418457603489321,6.88,0.047,147,33.054794520547944,9.65630581844374,147,0.047,6.88,B,0.07809727621999978
SKU_00251,-0.3599879401221572,0.044657946895133506,15.11,0.011,149,70.88767123287671,20.924274412075437,149,0.011,15.11,B,0.07809727621999978
SKU_00550,0.102365510338278,-0.429101375967615,21.01,0.092,149,52.40821917808219,16.096734989259975,149,0.092,21.01,B,0.07809727621999978
SKU_00234,-1.0098137513660561,1.6924405202202955,22.3,0.104,137,134.46575342465752,39.17223246736767,137,0.104,22.3,B,0.07809727621999978
SKU_00426,-0.1667759238812874,-0.21328622358256408,11.22,0.126,128,60.84931506849315,18.88475112568421,128,0.126,11.22,B,0.07809727621999978
SKU_00594,1.3915751090421207,-1.0061222058634178,28.68,0.088,127,30.07397260273973,9.179378875376516,127,0.088,28.68,B,0.07809727621999978
SKU_00608,0.04503810823960889,-0.4127528017824088,20.33,0.045,134,53.79726027397261,16.1635695774253,134,0.045,20.33,B,0.07809727621999978
SKU_00328,-0.24187551215529773,-0.14481783596930742,23.43,0.097,132,63.37260273972603,18.951305880618374,132,0.097,23.43,B,0.07809727621999978
SKU_00992,-0.7466194300300681,0.7057272158712913,0.19,0.096,121,95.77260273972604,29.407992392524573,121,0.096,0.19,B,0.07809727621999978
SKU_00880,-0.8872064124988185,1.1274365910076354,24.29,0.035,114,112.6082191780822,32.82985505312155,114,0.035,24.29,B,0.07809727621999978
SKU_00007,1.2868091088256144,-0.9878872577337648,11.98,0.026,122,30.7013698630137,9.126770385999611,122,0.026,11.98,B,0.07809727621999978
SKU_00314,1.1834261581169172,-0.9598711113736466,23.5,0.004,117,32.11506849315069,9.45770909510931,117,0.004,23.5,B,0.07809727621999978
SKU_00935,-0.7460662102269447,0.6785494579309271,21.65,0.081,131,95.35616438356163,27.981827827079684,131,0.081,21.65,B,0.07809727621999978
SKU_00146,0.40836521394094405,-0.6712558978732758,23.54,0.079,134,42.73698630136986,12.428780704227094,134,0.079,23.54,B,0.07809727621999978
SKU_00041,0.016823898280312333,-0.4232326570293358,17.87,0.172,131,53.06575342465754,16.02937052895148,131,0.172,17.87,B,0.07809727621999978
SKU_00690,-0.5702114653090736,0.26375678725755486,4.25,0.172,129,78.58904109589041,24.54656687821228,129,0.172,4.25,B,0.07809727621999978
SKU_00929,-0.7954410776557138,0.7611307172767123,7.12,0.178,130,97.18082191780822,30.17076243511262,130,0.178,7.12,B,0.07809727621999978
SKU_00845,-0.2588870211013441,-0.19672805229241935,1.88,0.121,123,62.032876712328765,18.30957876069517,123,0.121,1.88,B,0.07809727621999978
SKU_00699,-0.03123707211603873,-0.41750366949434903,24.62,0.192,136,53.41917808219178,15.069332965526108,136,0.192,24.62,B,0.07809727621999978
SKU_00059,-0.5645409623270581,0.21317401926572035,5.2,0.11,140,78.44383561643835,23.270984777193604,140,0.11,5.2,B,0.07809727621999978
SKU_00733,0.11232346679450034,-0.538790527552118,1.44,0.148,153,48.49041095890411,14.25100887486665,153,0.148,1.44,B,0.07809727621999978
SKU_00635,-0.1466525535426714,-0.33583066426996433,1.58,0.11,126,56.96712328767124,16.130444006432306,126,0.11,1.58,B,0.07809727621999978
SKU_00385,1.0721598252137106,-0.9744730430176982,16.32,0.117,131,32.11506849315069,9.532357722268705,131,0.117,16.32,B,0.07809727621999978
SKU_00172,0.07477367265749517,-0.5211843707372806,27.62,0.18,119,48.85753424657534,14.408730543714752,119,0.18,27.62,B,0.07809727621999978
SKU_00800,0.7427174324536875,-0.8668798624825806,22.06,0.111,120,35.23013698630137,10.470873848777249,120,0.111,22.06,B,0.07809727621999978
SKU_00256,1.5263532835780742,-1.0900309135404804,6.59,0.084,125,26.73972602739726,8.02747239867855,125,0.084,6.59,B,0.07809727621999978
SKU_00026,-0.9946693592555513,1.350447910662243,18.23,0.19,147,123.35616438356163,35.737662077171926,147,0.19,18.23,B,0.07809727621999978
SKU_00362,-0.10951767425800885,-0.38354893849430544,11.86,0.136,170,53.75342465753425,15.960270748341944,170,0.136,11.86,B,0.07809727621999978
SKU_00702,-0.5259538810591964,0.10481231601249473,13.52,0.107,132,73.22191780821917,22.12669715708014,132,0.107,13.52,B,0.07809727621999978
SKU_00721,-1.0578055692870167,1.608601678244879,17.42,0.044,132,131.46301369863014,38.71971523701497,132,0.044,17.42,B,0.07809727621999978
SKU_00036,-0.6354914020776423,0.2734681197863739,15.23,0.153,123,81.42739726027398,23.682963577464893,123,0.153,15.23,B,0.07809727621999978
SKU_00762,-0.8275969787122652,0.7177441165544344,4.5,0.062,130,98.63287671232877,28.64191606217678,130,0.062,4.5,B,0.07809727621999978
SKU_00615,1.4740048597075166,-1.0924762130980967,14.24,0.175,119,26.81917808219178,7.765460607296532,119,0.175,14.24,B,0.07809727621999978
SKU_00652,0.3306378316020973,-0.70465170326015,20.3,0.186,121,41.84657534246576,11.804195591787288,121,0.186,20.3,B,0.07809727621999978
SKU_00402,0.051330983500138275,-0.5387206618504718,10.74,0.092,141,49.04657534246575,14.6969579175661,141,0.092,10.74,B,0.07809727621999978
SKU_00360,-0.3494767638628115,-0.1722051910146101,3.93,0.018,129,62.701369863013696,17.368220419372335,129,0.018,3.93,B,0.07809727621999978
SKU_00763,0.8683674802381043,-0.9392607293880234,14.69,0.027,137,32.78904109589041,9.997631060667798,137,0.027,14.69,B,0.07809727621999978
SKU_00713,-0.26843006270522385,-0.27190354726370936,12.18,0.156,113,59.13972602739726,17.27761954921367,113,0.156,12.18,B,0.07809727621999978
SKU_00180,-0.5106711839979107,0.03124373217906689,11.34,0.019,111,71.65479452054795,20.886697493122256,111,0.019,11.34,B,0.07809727621999978
SKU_00744,-0.8832647214015638,0.8446900964455439,25.43,0.16,128,102.3890410958904,30.40463184803,128,0.16,25.43,B,0.07809727621999978
SKU_00783,-0.49483526713350157,0.0024590631008406154,25.17,0.089,127,69.64931506849315,21.112799638975265,127,0.089,25.17,B,0.07809727621999978
SKU_00015,-1.05033710194485,1.476485636431952,24.58,0.01,154,128.81643835616438,35.79216185028795,154,0.01,24.58,B,0.07809727621999978
SKU_00658,0.5328396696437235,-0.8299209063117512,21.92,0.02,127,36.83835616438356,10.589423374304712,127,0.02,21.92,B,0.07809727621999978
SKU_00342,-1.0853282544924092,1.6360588989918279,23.64,0.063,120,133.55068493150685,39.34834261868307,120,0.063,23.64,B,0.07809727621999978
SKU_00198,1.3583819208547128,-1.0885637338059106,22.47,0.191,117,26.912328767123288,7.969584095851294,117,0.191,22.47,B,0.07809727621999978
SKU_00920,1.2946233385447332,-1.0743809963717361,5.72,0.138,135,26.794520547945204,7.648455464472663,135,0.138,5.72,B,0.07809727621999978
SKU_00269,-0.6731795011654282,0.2636170558542625,3.21,0.109,123,79.33698630136986,24.138994869510466,123,0.109,3.21,B,0.07809727621999978
SKU_00397,-0.20971961109874634,-0.3711128436012853,13.86,0.035,138,54.61095890410959,17.36808651012055,138,0.035,13.86,B,0.07809727621999978
SKU_00495,-0.4686264789605275,-0.07830568800214378,12.66,0.03,142,65.87671232876713,19.00198457353736,142,0.03,12.66,B,0.07809727621999978
SKU_00689,-1.037889656374572,1.3573646151252148,15.11,0.12,131,121.786301369863,37.3595292692055,131,0.12,15.11,B,0.07809727621999978
SKU_00293,-0.4452529422785612,-0.1161728982943735,23.02,0.161,150,64.03287671232877,18.954080244384908,150,0.161,23.02,B,0.07809727621999978
SKU_00142,0.023946603245526745,-0.5703698246961915,13.91,0.14,135,47.0986301369863,14.77844150386484,135,0.14,13.91,B,0.07809727621999978
SKU_00016,-0.6367361466346702,0.17125459827801218,9.74,0.134,132,76.23561643835616,22.27609822568056,132,0.134,9.74,B,0.07809727621999978
SKU_00893,-0.31856560736328776,-0.285317761979776,20.96,0.061,125,59.43835616438356,17.38414262691143,125,0.061,20.96,B,0.07809727621999978
SKU_00406,-0.3459499876178993,-0.25709201851471913,10.26,0.141,134,58.44657534246576,16.692945162090332,134,0.141,10.26,B,0.07809727621999978
SKU_00477,0.21771183928952031,-0.7080751226408128,29.21,0.198,149,41.62465753424657,11.973365368507704,149,0.198,29.21,B,0.07809727621999978
SKU_00643,-0.5571416474602816,0.0088867076522892,1.43,0.09,144,70.23561643835616,20.364382353601727,144,0.09,1.43,B,0.07809727621999978
SKU_00404,-0.5826589108793516,0.04605526092805711,23.84,0.111,156,71.58904109589041,22.260715172968784,156,0.111,23.84,B,0.07809727621999978
SKU_00143,-0.6482846100248724,0.1321996710577974,29.75,0.08,135,74.13424657534246,22.55959275006805,135,0.08,29.75,B,0.07809727621999978
SKU_00777,0.7941668741441695,-0.9730757289847747,23.23,0.174,147,32.1945205479452,9.637265845147374,147,0.174,23.23,B,0.07809727621999978
SKU_00796,1.5125227884999877,-1.1582198383471525,4.6,0.012,137,24.145205479452056,7.462599808743897,137,0.012,4.6,B,0.07809727621999978
SKU_00469,1.6190176006012547,-1.1795288773492374,19.72,0.177,132,23.495890410958904,6.815311590519486,132,0.177,19.72,B,0.07809727621999978
SKU_00225,-0.8430179807243319,0.5342069183299187,16.79,0.176,133,90.69589041095892,26.496902360714405,133,0.176,16.79,B,0.07809727621999978
SKU_00505,-1.1214949991216054,1.6269064920761782,7.69,0.007,147,135.94246575342467,40.6201849819679,147,0.007,7.69,B,0.07809727621999978
SKU_00105,-0.8248308796966479,0.48411321024960746,7.38,0.061,122,89.16164383561645,24.40880442697095,122,0.061,7.38,B,0.07809727621999978
SKU_00386,-0.7127347170887559,0.21359321347559743,23.77,0.042,137,77.89041095890411,22.20630147908695,137,0.042,23.77,B,0.07809727621999978
SKU_00092,0.9260406447137253,-1.0387494885321842,25.05,0.162,142,28.77260273972603,8.601067852722437,142,0.162,25.05,B,0.07809727621999978
SKU_00761,-0.6111497307402098,0.0037166457304718607,9.46,0.142,139,69.9945205479452,19.85801171401052,139,0.142,9.46,B,0.07809727621999978
SKU_00852,-0.9596782067079923,0.8314156131327697,1.02,0.08,124,102.43013698630136,28.861714083130018,124,0.08,1.02,B,0.07809727621999978
SKU_00340,0.0046530626115959895,-0.639187540817679,8.34,0.101,134,44.45753424657534,14.216206486626096,134,0.101,8.34,B,0.07809727621999978
SKU_00979,0.36486830692036154,-0.8445927036574491,28.33,0.185,129,36.45479452054794,11.190471823910205,129,0.185,28.33,B,0.07809727621999978
SKU_00585,-0.8561569510485141,0.48453240445948453,19.8,0.042,128,88.88493150684931,27.633749030913968,128,0.042,19.8,B,0.07809727621999978
SKU_00250,-0.6702750971990301,0.07714549816060734,14.16,0.177,134,72.66575342465754,20.36704553267955,134,0.177,14.16,B,0.07809727621999978
SKU_00663,-0.8661149075047364,0.4941040055850113,8.97,0.11,154,89.05205479452054,26.624681340449964,154,0.11,8.97,B,0.07809727621999978
SKU_00963,-0.34560422524094725,-0.3759335770148718,11.38,0.105,128,55.6,16.363286432044863,128,0.105,11.38,B,0.07809727621999978
SKU_00175,-1.0813174109197639,1.2686351740345658,4.78,0.191,125,120.7917808219178,35.962594094666834,125,0.191,4.78,B,0.07809727621999978
SKU_00632,0.07332147067429581,-0.7073065999227048,17.77,0.037,130,42.00547945205479,12.58902245516455,130,0.037,17.77,B,0.07809727621999978
SKU_00842,-1.0687316603987052,1.2005859806311863,24.22,0.041,130,116.83835616438355,34.72329644448667,130,0.041,24.22,B,0.07809727621999978
SKU_00881,0.62176975299582,-0.9633643964559556,26.54,0.18,143,31.56986301369863,8.874811326449944,143,0.18,26.54,B,0.07809727621999978
SKU_00819,-0.5307945543365269,-0.16158560436439068,20.45,0.176,137,62.73698630136986,18.617664916326788,137,0.176,20.45,B,0.07809727621999978
SKU_00801,-1.1560020843414316,1.6633763883354844,9.08,0.15,128,135.413698630137,42.15781872872304,128,0.15,9.08,B,0.07809727621999978
SKU_00605,-0.10087361483420472,-0.5955913429904626,13.41,0.135,129,46.1945205479452,13.69218003346964,129,0.135,13.41,B,0.07809727621999978
SKU_00064,-0.7165381032352298,0.1300338343067658,20.78,0.031,149,75.14246575342466,22.24665623601844,149,0.031,20.78,B,0.07809727621999978
SKU_00984,0.8144285494335665,-1.032950635295551,3.23,0.141,154,28.994520547945207,8.103721340436769,154,0.141,3.23,B,0.07809727621999978
SKU_00000,-0.3960855322759632,-0.34882568477615383,26.21,0.146,127,55.61643835616438,15.491782771317489,127,0.146,26.21,B,0.07809727621999978
SKU_00757,0.1478678391451828,-0.7717926425421292,6.35,0.063,131,39.61643835616438,11.464985079983274,131,0.063,6.35,B,0.07809727621999978
SKU_00912,0.4582933011728365,-0.9194887358221544,17.54,0.113,170,33.73424657534247,10.105653667028916,170,0.113,17.54,B,0.07809727621999978
SKU_00670,-1.0847058822138953,1.1765521792649003,24.9,0.143,117,116.46027397260274,35.416465484252626,117,0.143,24.9,B,0.07809727621999978
SKU_00046,-0.6111497307402098,-0.09828727867295135,0.11,0.037,113,66.17808219178082,19.49312534901332,113,0.037,0.11,B,0.07809727621999978
SKU_00033,1.5699193430740472,-1.2210291041270684,20.02,0.176,137,21.605479452054794,6.320468459020447,137,0.176,20.02,B,0.07809727621999978
SKU_00309,-0.7511143409304464,0.14575361717715637,21.04,0.063,129,76.55068493150685,22.17588980887337,129,0.063,21.04,B,0.07809727621999978
SKU_00693,-0.8484118738047857,0.36156876956220724,5.24,0.149,123,84.92876712328767,24.659446841540948,123,0.149,5.24,B,0.07809727621999978
SKU_00855,-1.025442210804294,0.9107830502028305,22.05,0.062,119,102.85753424657534,29.21362168074262,119,0.062,22.05,B,0.07809727621999978
SKU_00597,-1.0883018109341978,1.1706834603266212,2.56,0.024,136,116.72602739726028,32.17306406736487,136,0.024,2.56,B,0.07809727621999978
SKU_00698,-1.1497783615562926,1.484590057822909,29.74,0.091,155,129.71506849315068,37.325578505607474,155,0.091,29.74,B,0.07809727621999978
SKU_00124,-0.8979250461843356,0.4638521567722152,11.65,0.079,146,87.57260273972602,27.75695764808285,146,0.079,11.65,B,0.07809727621999978
SKU_00266,0.7077262799061284,-1.0324615753840278,26.24,0.082,138,29.293150684931508,8.422502707574505,138,0.082,26.24,B,0.07809727621999978
SKU_00298,0.4540058476986296,-0.9463171652542876,14.94,0.007,141,32.02465753424657,9.885161774231351,141,0.007,14.94,B,0.07809727621999978
SKU_00110,-0.6863184714896106,-0.014238839592596472,11.83,0.125,146,69.58904109589041,20.8320307686531,146,0.125,11.83,B,0.07809727621999978
SKU_00779,0.5165196854515812,-0.9725866690732514,14.39,0.075,130,31.416438356164385,9.464320124114128,130,0.075,14.39,B,0.07809727621999978
SKU_00642,-0.954353466102929,0.594780481657157,11.96,0.01,136,92.55616438356164,29.03692697419568,136,0.01,11.96,B,0.07809727621999978
SKU_00212,0.553516259785463,-0.9907517515012583,4.61,0.081,162,30.553424657534247,9.609720384946844,162,0.081,4.61,B,0.07809727621999978
SKU_00507,1.1374397619822794,-1.1554252102813052,22.2,0.057,131,24.55890410958904,7.636304188078655,131,0.057,22.2,B,0.07809727621999978
SKU_00583,-0.5528541939860749,-0.24849853721223894,23.7,0.083,155,60.08493150684932,17.398241600180818,155,0.083,23.7,B,0.07809727621999978
SKU_00075,0.8172638009245744,-1.0820662235528158,12.2,0.107,165,27.698630136986303,8.250349528904167,165,0.107,12.2,B,0.07809727621999978
SKU_00816,0.3457822237126021,-0.9218641696781245,22.4,0.182,129,33.35890410958904,9.32059983119688,129,0.182,22.4,B,0.07809727621999978
SKU_00934,-1.0905146901466916,1.066373967768874,27.51,0.174,134,112.47123287671234,33.52934371501111,134,0.174,27.51,B,0.07809727621999978
SKU_00023,-0.42409228480908867,-0.4151981013400251,17.3,0.182,146,53.65205479452055,15.812153741064348,146,0.182,17.3,B,0.07809727621999978
SKU_00167,-1.0396876207347232,0.8355376895298943,9.73,0.052,126,102.69589041095892,28.99067886557431,126,0.052,9.73,B,0.07809727621999978
SKU_00589,-1.1582149635539254,1.3452079830387795,22.15,0.005,137,122.13424657534246,36.2571107810838,137,0.005,22.15,B,0.07809727621999978
SKU_00987,-0.1897345457109111,-0.6512044415008221,25.99,0.103,136,44.0,13.046409130821836,136,0.103,25.99,B,0.07809727621999978
SKU_00637,-0.8482044163786143,0.2040216123500707,25.33,0.091,143,78.7095890410959,21.70501641252573,143,0.091,25.33,B,0.07809727621999978
SKU_00389,1.0836391361285223,-1.1717737844665113,6.86,0.121,120,23.78082191780822,7.024381743828764,120,0.121,6.86,C,-1.0703920799564663
SKU_00213,-0.9105107967053943,0.3547219308008816,10.34,0.153,132,84.21917808219177,24.488193261502676,132,0.153,10.34,C,-1.0703920799564663
SKU_00430,-1.1887112052011064,1.4909478366727116,13.29,0.188,136,127.83835616438355,39.24008459532957,136,0.188,13.29,C,-1.0703920799564663
SKU_00951,0.5982579113630729,-1.0450374016803403,10.28,0.157,134,28.553424657534247,8.478189247111082,134,0.157,10.28,C,-1.0703920799564663
SKU_00579,-0.794196333098686,0.07910173780670038,25.16,0.084,129,72.5013698630137,22.759568046840425,129,0.084,25.16,C,-1.0703920799564663
SKU_00478,1.6397633432183847,-1.2788779050901058,10.17,0.059,129,19.27671232876712,5.86549138278486,129,0.059,10.17,C,-1.0703920799564663
SKU_00286,-0.0844153256912817,-0.7423093164474411,11.27,0.142,126,40.66849315068493,12.27264532497446,126,0.142,11.27,C,-1.0703920799564663
SKU_00659,0.27566161366670316,-0.9340208017645598,26.48,0.022,119,33.24383561643835,9.687323005137722,119,0.022,26.48,C,-1.0703920799564663
SKU_00282,-0.3925587560310512,-0.5039275424306741,29.46,0.127,111,49.04931506849315,14.356442855131538,111,0.127,29.46,C,-1.0703920799564663
SKU_00980,-0.5340447206798772,-0.35371628389138643,8.14,0.157,142,55.28493150684932,16.386838655089427,142,0.157,8.14,C,-1.0703920799564663
SKU_00511,-0.24650872800645665,-0.6410040490604798,20.48,0.185,145,44.84657534246576,12.909597781799857,145,0.185,20.48,C,-1.0703920799564663
SKU_00177,-0.3543865896155321,-0.5506676968319687,3.41,0.103,147,48.88219178082192,14.32529598552885,147,0.103,3.41,C,-1.0703920799564663
SKU_00582,0.00811068638111764,-0.8190917225565933,8.11,0.136,150,37.53150684931507,11.57665418735986,150,0.136,8.11,C,-1.0703920799564663
SKU_00944,-0.9715724324751467,0.4557477353812583,5.75,0.099,120,88.61369863013698,25.53141415071443,120,0.099,5.75,C,-1.0703920799564663
SKU_00600,-1.0999194267997905,0.9207738455382343,4.21,0.155,139,104.7095890410959,31.142494925989205,139,0.155,4.21,C,-1.0703920799564663
SKU_00223,-0.41945906895792956,-0.516712965831925,13.07,0.074,126,49.345205479452055,13.627753689832351,126,0.074,13.07,C,-1.0703920799564663
SKU_00806,1.520198713268326,-1.2808341447361988,4.52,0.116,149,19.21917808219178,5.921757645185209,149,0.116,4.52,C,-1.0703920799564663
SKU_00747,0.18244407684039932,-0.9296192625608505,17.45,0.094,128,33.0027397260274,10.37868129582526,128,0.094,17.45,C,-1.0703920799564663
SKU_00022,-0.6781584793935395,-0.22264822760315225,27.99,0.049,124,60.43013698630137,17.02466443595902,124,0.049,27.99,C,-1.0703920799564663
SKU_00622,-0.41005433230483074,-0.5467552175397826,18.16,0.082,138,48.00547945205479,14.47904786358474,138,0.082,18.16,C,-1.0703920799564663
SKU_00629,-0.8140430935357403,0.009445633265458643,14.15,0.042,152,69.66027397260274,21.05643085008741,152,0.042,14.15,C,-1.0703920799564663
SKU_00556,-1.2194149042744586,1.4807474442323691,16.03,0.148,153,126.87945205479453,41.01951746285839,153,0.148,16.03,C,-1.0703920799564663
SKU_00531,1.7439069711563768,-1.3219151773041529,26.24,0.162,129,17.624657534246577,5.467078815533223,129,0.162,26.24,C,-1.0703920799564663
SKU_00235,0.7947892464226837,-1.1504647454644263,24.47,0.093,131,24.542465753424658,7.224536903068351,131,0.093,24.47,C,-1.0703920799564663
SKU_00317,-1.084982492115457,0.7433848290585825,6.84,0.16,122,98.0931506849315,30.098228968228923,122,0.16,6.84,C,-1.0703920799564663
SKU_00946,-1.209595252769017,1.3525438817116284,21.48,0.181,125,122.72054794520548,35.45990987707299,125,0.181,21.48,C,-1.0703920799564663
SKU_00715,1.5036712716500125,-1.2966936590098816,16.32,0.093,133,18.405479452054795,5.628125271255497,133,0.093,16.32,C,-1.0703920799564663
SKU_00215,-0.866045755029346,0.07602764693426844,22.77,0.178,156,73.3972602739726,20.67244524659045,156,0.178,22.77,C,-1.0703920799564663
SKU_00942,0.5516491429499211,-1.1037245910631317,12.13,0.034,141,26.435616438356163,7.559968491253125,141,0.034,12.13,C,-1.0703920799564663
SKU_00703,-1.21803185476665,1.3378720843659304,2.62,0.128,145,123.24109589041096,37.17366370861235,145,0.128,2.62,C,-1.0703920799564663
SKU_00885,-1.0670028485139444,0.5778729818587814,21.72,0.055,129,91.06301369863014,27.404857929670364,129,0.055,21.72,C,-1.0703920799564663
SKU_00482,-0.12224172972984855,-0.8294318464002279,22.81,0.16,151,36.87945205479452,11.314035809221124,151,0.16,22.81,C,-1.0703920799564663
SKU_00158,-0.8647318579969278,-0.004108312853900331,29.28,0.157,146,68.59178082191781,20.013194503565447,146,0.157,29.28,C,-1.0703920799564663
SKU_00892,1.1637177026306436,-1.26197040529173,17.35,0.156,150,20.15890410958904,5.749052373333298,150,0.156,17.35,C,-1.0703920799564663
SKU_00997,-1.2098027101951885,1.2017736975591713,21.62,0.046,127,115.26027397260276,35.1543798551711,127,0.046,21.62,C,-1.0703920799564663
SKU_00130,-0.2493439794974644,-0.7631292955380029,3.26,0.191,141,39.48767123287672,11.698970852707262,141,0.191,3.26,C,-1.0703920799564663
SKU_00902,-1.0571140445331124,0.48991206348624045,4.44,0.057,158,88.87671232876713,24.82175202875309,158,0.057,4.44,C,-1.0703920799564663
SKU_00870,-0.40030383327477975,-0.6601472513115332,29.84,0.032,132,44.25205479452055,13.210345071952734,132,0.032,29.84,C,-1.0703920799564663
SKU_00319,-0.8215807133532975,-0.12811993327587032,13.91,0.169,152,64.84931506849315,19.003665951192808,152,0.169,13.91,C,-1.0703920799564663
SKU_00625,-0.41537907290989395,-0.6625226851675033,14.14,0.083,127,44.00547945205479,13.068709908951591,127,0.083,14.14,C,-1.0703920799564663
SKU_00418,0.6239134797329234,-1.1668133196496326,22.55,0.123,135,24.145205479452056,6.986506639683637,135,0.123,22.55,C,-1.0703920799564663
SKU_00049,-1.0454272761921293,0.37889546357045994,11.01,0.069,133,83.57534246575342,26.02498683546719,133,0.069,11.01,C,-1.0703920799564663
SKU_00927,0.17587459167830827,-1.0289682903017188,15.84,0.103,144,29.068493150684933,9.31902338761908,144,0.103,15.84,C,-1.0703920799564663
SKU_00866,-1.146804805114504,0.7375859758219495,15.9,0.197,122,97.3945205479452,28.31820702329156,122,0.197,15.9,C,-1.0703920799564663
SKU_00811,1.1933841145731394,-1.2987896300592672,17.83,0.006,136,18.627397260273973,5.551785681300328,136,0.006,17.83,C,-1.0703920799564663
SKU_00445,1.564317992567422,-1.354961654182796,18.44,0.103,137,16.12876712328767,4.838873025525455,137,0.103,18.44,C,-1.0703920799564663
SKU_00326,0.21944065117428113,-1.0541199428943437,27.13,0.086,121,28.304109589041097,8.121543023764543,121,0.086,27.13,C,-1.0703920799564663
SKU_00350,0.04406997358414293,-0.9822281359004242,1.49,0.005,132,31.22465753424657,9.509044000751029,132,0.005,1.49,C,-1.0703920799564663
SKU_00887,-0.862864741161386,-0.12385812547545333,20.65,0.166,143,63.88219178082192,17.89698346540336,143,0.166,20.65,C,-1.0703920799564663
SKU_00958,-1.1089784010759371,0.5530706577743874,26.01,0.068,114,91.28219178082192,26.83598608266617,114,0.068,26.01,C,-1.0703920799564663
SKU_00730,-1.1158936486149804,0.5787812359801817,15.4,0.086,127,90.9013698630137,26.35672700768976,127,0.086,15.4,C,-1.0703920799564663
SKU_00973,-0.942390087860384,0.044168886983610246,7.7,0.041,116,70.86849315068493,21.116480183982592,116,0.041,7.7,C,-1.0703920799564663
SKU_00636,0.14503258765417487,-1.0312039927543966,25.02,0.196,120,28.83013698630137,8.27339647707624,120,0.196,25.02,C,-1.0703920799564663
SKU_00767,1.3230450059302015,-1.3283428218556013,11.31,0.084,142,17.378082191780823,5.229834284332301,142,0.084,11.31,C,-1.0703920799564663
SKU_00380,-1.2736995974559486,1.3536617329379672,20.54,0.022,134,123.89041095890413,34.731925350704536,134,0.022,20.54,C,-1.0703920799564663
SKU_00413,0.2847205879428499,-1.097995603528145,19.82,0.051,139,26.375342465753423,7.933372632411933,139,0.051,19.82,C,-1.0703920799564663
SKU_00366,1.612033200586821,-1.3768994844996967,14.88,0.196,127,15.46027397260274,4.770753958372434,127,0.196,14.88,C,-1.0703920799564663
SKU_00604,-1.2652629954583157,1.2461384181044959,28.45,0.172,111,117.84931506849315,34.31739027998024,111,0.172,28.45,C,-1.0703920799564663
SKU_00405,1.387218503092523,-1.3504902492774404,14.97,0.129,127,16.63013698630137,5.10146189270503,127,0.129,14.97,C,-1.0703920799564663
SKU_00262,-1.1986691616573288,0.8263154169125985,5.09,0.055,139,101.14246575342466,29.82709291777082,139,0.055,5.09,C,-1.0703920799564663
SKU_00519,-1.1632630942574271,0.6536074024432408,6.54,0.09,132,95.88219178082193,27.20828969542065,132,0.09,6.54,C,-1.0703920799564663
SKU_00097,-0.2146985893268575,-0.8948261431410527,11.21,0.013,140,34.87123287671233,10.059841273244436,140,0.013,11.21,C,-1.0703920799564663
SKU_00479,0.1123926192698907,-1.0590105420095763,8.97,0.154,145,27.827397260273973,8.366620956462254,145,0.154,8.97,C,-1.0703920799564663
SKU_00087,0.5042105448320839,-1.1910567181208571,17.51,0.196,127,23.186301369863013,6.984152293626985,127,0.196,17.51,C,-1.0703920799564663
SKU_00316,-0.2783188666860558,-0.8704430132665358,25.6,0.026,146,35.45753424657534,10.342831007225064,146,0.026,25.6,C,-1.0703920799564663
SKU_00787,-0.3060490093176196,-0.8597535609146703,5.4,0.188,136,35.556164383561644,10.86810266685494,136,0.188,5.4,C,-1.0703920799564663
SKU_00790,-1.1532359853258143,0.5372810092023507,7.13,0.167,135,92.36164383561643,26.4101349496668,135,0.167,7.13,C,-1.0703920799564663
SKU_00588,-1.2398840369900268,0.9581519959189406,14.7,0.116,146,108.013698630137,32.88094288852729,146,0.116,14.7,C,-1.0703920799564663
SKU_00729,-1.1179682228766934,0.39349739521451166,15.82,0.157,150,85.15068493150685,24.79325016310809,150,0.157,15.82,C,-1.0703920799564663
SKU_00028,0.34972391480985676,-1.1642282886887239,26.96,0.148,119,23.687671232876717,7.299027957364212,119,0.148,26.96,C,-1.0703920799564663
SKU_00644,-1.2682365519001044,1.1004684301722099,8.41,0.015,159,111.97260273972604,32.35193346581261,159,0.015,8.41,C,-1.0703920799564663
SKU_00493,-1.034224575178879,0.09971211979232357,2.71,0.1,149,72.64931506849315,21.13984781729451,149,0.1,2.71,C,-1.0703920799564663
SKU_00135,-0.5718019722430535,-0.6672036871777973,22.41,0.036,136,43.53424657534247,12.693212463019016,136,0.036,22.41,C,-1.0703920799564663
SKU_00555,-0.2970591875168632,-0.8886080956945427,18.88,0.086,139,35.32328767123288,10.441602658816324,139,0.086,18.88,C,-1.0703920799564663
SKU_00011,1.641907069955488,-1.408828110152001,16.02,0.137,130,14.027397260273972,4.266443956190113,130,0.137,16.02,C,-1.0703920799564663
SKU_00156,0.6225995827005053,-1.2454820997032316,23.5,0.121,129,20.85753424657534,5.953250054470183,129,0.121,23.5,C,-1.0703920799564663
SKU_00206,-1.3308195421284463,1.5260902846007403,21.87,0.066,139,130.83561643835617,38.354768783345655,139,0.066,21.87,C,-1.0703920799564663
SKU_00084,-0.6136392198542655,-0.6366723755584166,4.1,0.17,138,44.8027397260274,12.92346418493178,138,0.17,4.1,C,-1.0703920799564663
SKU_00520,0.35553272274265296,-1.1799480715591144,10.88,0.161,124,23.263013698630136,6.5580147016254,124,0.161,10.88,C,-1.0703920799564663
SKU_00546,-1.2894663618449673,1.1699149376085132,3.91,0.093,99,114.9835616438356,34.141910589602524,99,0.093,3.91,C,-1.0703920799564663
SKU_00133,-0.5224962572896747,-0.739514688381594,1.53,0.092,128,40.37808219178082,12.039749260095618,128,0.092,1.53,C,-1.0703920799564663
SKU_00784,-1.056560824729989,0.10355473338286349,10.75,0.099,135,73.77260273972603,21.325455950666992,135,0.099,10.75,C,-1.0703920799564663
SKU_00294,-1.243272508284158,0.8442010365340207,22.04,0.025,145,102.26849315068492,30.042720849148655,145,0.025,22.04,C,-1.0703920799564663
SKU_00425,0.20291320955596734,-1.1427795182833465,23.97,0.011,117,24.8,7.364228957050973,117,0.011,23.97,C,-1.0703920799564663
SKU_00975,-0.78043499049599,-0.47032213993886135,5.57,0.048,139,50.77534246575343,14.978150577801523,139,0.048,5.57,C,-1.0703920799564663
SKU_00653,0.8734847634169964,-1.3166752496806893,1.44,0.076,156,17.945205479452056,5.646379786790223,156,0.076,1.44,C,-1.0703920799564663
SKU_00900,-0.9665934542470356,-0.16207466427591394,7.34,0.08,178,63.41917808219178,18.62888470833512,178,0.08,7.34,C,-1.0703920799564663
SKU_00123,-1.3014297400875123,1.1467893903636275,14.91,0.106,147,114.63013698630137,33.49016045809062,147,0.106,14.91,C,-1.0703920799564663
SKU_00587,-1.2369796330236287,0.7446424116882138,6.68,0.11,132,99.3890410958904,28.682266420996257,132,0.11,6.68,C,-1.0703920799564663
SKU_00047,0.10201974796132575,-1.12552268997674,0.63,0.088,149,25.663013698630134,7.436092314828197,149,0.088,0.63,C,-1.0703920799564663
SKU_00590,-1.2029566151315356,0.5528610606694488,15.8,0.189,139,91.82465753424655,27.604286679480488,139,0.189,15.8,C,-1.0703920799564663
SKU_00985,0.017930337886559237,-1.1016984857153926,15.01,0.123,140,26.85753424657534,8.039837585974697,140,0.123,15.01,C,-1.0703920799564663
SKU_00422,-1.3659489996267862,1.6280942090041635,10.38,0.155,122,132.19452054794522,38.57087058656066,122,0.155,10.38,C,-1.0703920799564663
SKU_00967,-0.6610778179721025,-0.6695092553321214,1.36,0.12,136,44.10958904109589,12.623196905117751,136,0.12,1.36,C,-1.0703920799564663
SKU_00372,-1.354884603564317,1.4868257602755868,9.33,0.121,140,125.27123287671232,37.59983589312758,140,0.121,9.33,C,-1.0703920799564663
SKU_00218,0.545563725115563,-1.2694460353678714,3.27,0.052,140,19.895890410958906,6.114305832401012,140,0.052,3.27,C,-1.0703920799564663
SKU_00330,-0.45963665715977114,-0.8539547076780373,1.81,0.192,132,36.55068493150685,11.080414402033384,132,0.192,1.81,C,-1.0703920799564663
SKU_00750,-1.278056203405546,0.8996045379394416,5.1,0.064,141,106.34520547945203,31.03031591517517,141,0.064,5.1,C,-1.0703920799564663
SKU_00562,-1.2113932171291684,0.5350453067496729,7.97,0.07,139,90.00821917808219,25.42900996193398,139,0.07,7.97,C,-1.0703920799564663
SKU_00346,0.4957739428344513,-1.2617608081867915,25.36,0.126,144,19.797260273972604,6.058550687196075,144,0.126,25.36,C,-1.0703920799564663
SKU_00014,-1.0558001475006942,-0.029329831148171413,6.44,0.018,149,67.02191780821917,20.42379461368034,149,0.018,6.44,C,-1.0703920799564663
SKU_00297,-0.9394165314185954,-0.2996402308172429,19.16,0.07,127,57.10958904109589,17.06963891337034,127,0.07,19.16,C,-1.0703920799564663
SKU_00283,-1.3564751104982968,1.4011704100573699,6.37,0.027,123,124.26575342465752,34.684655612230515,123,0.027,6.37,C,-1.0703920799564663
SKU_00038,0.6640219154593747,-1.3097585452177174,2.49,0.054,120,18.076712328767123,5.519160445091839,120,0.054,2.49,C,-1.0703920799564663
SKU_00919,-1.198530856706548,0.4110336863277029,22.81,0.112,159,83.58904109589041,26.27037964334449,159,0.112,22.81,C,-1.0703920799564663
SKU_00353,-1.120457711990749,0.06617658300215704,10.44,0.083,126,72.2931506849315,20.20252084672595,126,0.083,10.44,C,-1.0703920799564663
SKU_00676,-1.2946527974992497,0.8311361503261849,19.91,0.052,122,103.02739726027396,29.283838603775493,122,0.052,19.91,C,-1.0703920799564663
SKU_00805,0.8427119118682538,-1.3604111789111981,21.95,0.009,145,16.424657534246574,5.110638033056383,145,0.009,21.95,C,-1.0703920799564663
SKU_00837,-0.437715322461004,-0.9316453679085898,26.84,0.137,126,32.95068493150685,9.786331622088635,126,0.137,26.84,C,-1.0703920799564663
SKU_00708,-0.8065054737181832,-0.5866485331797515,14.05,0.093,136,46.54246575342466,12.383367054950874,136,0.093,14.05,C,-1.0703920799564663
SKU_00214,0.7596597889243435,-1.3484641439297014,12.46,0.165,137,16.526027397260275,4.9694126888169405,137,0.165,12.46,C,-1.0703920799564663
SKU_00287,0.1793322154478299,-1.2164179678184206,3.76,0.035,136,21.852054794520548,6.111601955177367,136,0.035,3.76,C,-1.0703920799564663
SKU_00867,-1.0554543851237421,-0.1467042099137543,23.82,0.034,147,64.22739726027397,18.742919983978407,147,0.034,23.82,C,-1.0703920799564663
SKU_00460,-1.275843324193052,0.6786891893342195,22.22,0.016,141,97.2082191780822,27.477772002794204,141,0.016,22.22,C,-1.0703920799564663
SKU_00809,-1.2905728014512143,0.7611307172767123,27.22,0.013,134,99.13698630136986,29.5375134309555,134,0.013,27.22,C,-1.0703920799564663
SKU_00694,-1.28510975589537,0.7235429697910672,19.17,0.112,125,97.02739726027396,31.08530119887399,125,0.112,19.17,C,-1.0703920799564663
SKU_00243,-0.4110916194356873,-0.9630150679477247,25.0,0.013,130,31.583561643835612,9.048814713508277,130,0.013,25.0,C,-1.0703920799564663
SKU_00933,0.12131328859525671,-1.2034928130138771,3.69,0.103,133,21.78356164383561,6.328876210910616,133,0.103,3.69,C,-1.0703920799564663
SKU_00284,0.30131718203655367,-1.2570798061764974,24.77,0.112,111,20.46575342465753,6.193940214321906,111,0.112,24.77,C,-1.0703920799564663
SKU_00454,-1.297557201465648,0.7821602934722125,24.63,0.164,127,99.33424657534246,28.375001666157114,127,0.164,24.63,C,-1.0703920799564663
SKU_00434,-1.3902906709642187,1.5185447888229526,10.76,0.148,134,129.06575342465754,38.570558361289926,134,0.148,10.76,C,-1.0703920799564663
SKU_00260,0.42703638229636093,-1.2907550743699563,5.43,0.164,121,18.95616438356164,5.4690182914125405,121,0.164,5.43,C,-1.0703920799564663
SKU_00830,-0.909335204623757,-0.470950931253677,15.72,0.183,155,50.58082191780822,15.421804329362525,155,0.183,15.72,C,-1.0703920799564663
SKU_00602,-1.0722584366436172,-0.13866965422444355,5.03,0.156,146,64.26301369863013,17.96017807225683,146,0.156,5.03,C,-1.0703920799564663
SKU_00650,-1.380609324409558,1.3825162677178398,17.29,0.01,153,124.51506849315068,37.17966355693436,153,0.01,17.29,C,-1.0703920799564663
SKU_00163,0.15582037381508246,-1.2280855399933326,2.17,0.162,131,21.75068493150685,6.670072640914373,131,0.162,2.17,C,-1.0703920799564663
SKU_00066,-1.1957647576909305,0.22379360591593975,19.03,0.142,140,77.93972602739726,22.234555942197517,140,0.142,19.03,C,-1.0703920799564663
SKU_00147,0.042548619125553404,-1.2044010671352776,10.71,0.171,130,21.98904109589041,6.29319276495468,130,0.171,10.71,C,-1.0703920799564663
SKU_00339,-1.3432669876987242,0.9592698471452795,1.18,0.163,141,107.06027397260274,31.241819763300203,141,0.163,1.18,C,-1.0703920799564663
SKU_00111,-1.126335672398936,-0.06475174188278482,28.69,0.186,154,68.0,19.60278630116721,154,0.186,28.69,C,-1.0703920799564663
SKU_00754,-1.2014352606729461,0.18585652992206386,16.0,0.082,159,77.11232876712329,21.766139301938598,159,0.082,16.0,C,-1.0703920799564663
SKU_00681,-0.7953719251803235,-0.6921457426654838,12.19,0.109,119,42.48767123287672,13.125053063267725,119,0.109,12.19,C,-1.0703920799564663
SKU_00306,0.08915738753870513,-1.2345830502464274,17.01,0.135,127,21.33150684931507,6.555948492419327,127,0.135,17.01,C,-1.0703920799564663
SKU_00265,0.8575105416018064,-1.4000250317445824,12.13,0.2,138,14.756164383561645,4.406943394552952,138,0.2,12.13,C,-1.0703920799564663
SKU_00696,-0.6901910101114749,-0.8304099662232745,15.95,0.028,120,37.14794520547945,11.069710549302586,120,0.028,15.95,C,-1.0703920799564663
SKU_00682,-1.0932116366869185,-0.21035186411342452,9.7,0.152,130,61.84931506849315,18.394987994581264,130,0.152,9.7,C,-1.0703920799564663
SKU_00617,-0.7304377507887068,-0.7928920844392757,8.14,0.026,120,39.15068493150685,10.93596651149633,120,0.026,8.14,C,-1.0703920799564663
SKU_00601,-0.72455979038052,-0.8027431483713872,10.29,0.19,148,38.16986301369863,11.6309397555214,148,0.19,10.29,C,-1.0703920799564663
SKU_00897,1.390053754583531,-1.4759690494339803,20.48,0.175,106,11.53972602739726,3.4888653231980915,106,0.175,20.48,C,-1.0703920799564663
SKU_00965,-0.4606739442906277,-1.0291080217050113,20.29,0.151,135,29.14794520547945,8.66437872431185,135,0.151,20.29,C,-1.0703920799564663
SKU_00530,1.1044540312210425,-1.4518653823660481,19.56,0.044,136,12.64931506849315,3.655912090149145,136,0.044,19.56,C,-1.0703920799564663
SKU_00776,-0.8934301352839575,-0.6379299581880479,29.13,0.114,157,44.96164383561644,13.695417439013776,157,0.114,29.13,C,-1.0703920799564663
SKU_00391,-0.26573311616499706,-1.1371203964500058,12.92,0.148,135,24.87123287671233,7.528507715403777,135,0.148,12.92,C,-1.0703920799564663
SKU_00254,-1.0979831574888583,-0.262471677541475,19.34,0.147,137,58.276712328767125,17.356717359949496,137,0.147,19.34,C,-1.0703920799564663
SKU_00099,-1.3088290549542887,0.5064702347763852,19.42,0.138,154,91.07945205479452,24.957474595008016,154,0.138,19.42,C,-1.0703920799564663
SKU_00672,-1.4034987937637913,1.2069437594809886,26.16,0.133,141,116.0191780821918,34.06203397719011,141,0.133,26.16,C,-1.0703920799564663
SKU_00468,-0.9127928283932787,-0.6342969417024464,29.4,0.067,133,44.78082191780822,13.020320736059007,133,0.067,29.4,C,-1.0703920799564663
SKU_00895,-0.9764822582278675,-0.5419344841261962,3.12,0.002,135,48.224657534246575,15.213099661959191,135,0.002,3.12,C,-1.0703920799564663
SKU_00712,-0.06394619297571347,-1.2321377506888112,25.57,0.014,116,21.53698630136986,5.991007612359579,116,0.014,25.57,C,-1.0703920799564663
SKU_00841,0.5931406281841809,-1.3965317466622733,17.78,0.026,139,14.58082191780822,4.418637399182278,139,0.026,17.78,C,-1.0703920799564663
SKU_00571,1.004321246855696,-1.4591314153372508,2.03,0.063,152,12.402739726027397,3.8558494383031294,152,0.063,2.03,C,-1.0703920799564663
SKU_00320,0.20187592242511102,-1.323522088442015,14.48,0.02,154,17.873972602739727,5.485295713558327,154,0.02,14.48,C,-1.0703920799564663
SKU_00832,-1.1960413675924924,-0.06950260959472507,13.29,0.05,136,67.45479452054795,19.275653956893503,136,0.05,13.29,C,-1.0703920799564663
SKU_00411,1.5739301866466922,-1.5176090076151036,0.64,0.117,140,10.18082191780822,3.066150606603568,140,0.117,0.64,C,-1.0703920799564663
SKU_00192,1.4040225546123983,-1.5029372102694059,26.39,0.176,146,10.6986301369863,3.3605865670093937,146,0.176,26.39,C,-1.0703920799564663
SKU_00037,-1.3438202075018477,0.6137140868032719,7.05,0.092,126,95.33972602739726,25.948166526338216,126,0.092,7.05,C,-1.0703920799564663
SKU_00202,-1.1248834704157367,-0.2816847454941746,9.67,0.087,143,58.71232876712329,17.06087955880899,143,0.087,9.67,C,-1.0703920799564663
SKU_00278,0.7246686363767847,-1.4252465500388534,19.13,0.126,145,13.857534246575344,3.9802368160887234,145,0.126,19.13,C,-1.0703920799564663
SKU_00858,0.2553307859019158,-1.340639185345329,1.01,0.084,140,16.887671232876713,5.244147580652097,140,0.084,1.01,C,-1.0703920799564663
SKU_00969,-0.048663495914427916,-1.2602237627505757,27.91,0.076,131,19.69041095890411,5.736909714507201,131,0.076,27.91,C,-1.0703920799564663
SKU_00539,-1.236080650843553,0.037252182520638395,12.44,0.016,133,70.53972602739726,21.05556972414305,133,0.016,12.44,C,-1.0703920799564663
SKU_00746,-0.3640679361701928,-1.144106966614624,25.27,0.002,141,24.613698630136987,7.751733501066981,141,0.002,25.27,C,-1.0703920799564663
SKU_00345,0.4299407862627592,-1.3873793397466236,12.92,0.196,111,15.468493150684932,4.671896240436965,111,0.196,12.92,C,-1.0703920799564663
SKU_00620,-1.046533715798376,-0.5012726457681193,0.19,0.103,120,49.3013698630137,14.132113040782013,120,0.103,0.19,C,-1.0703920799564663
SKU_00181,-1.2897429717465292,0.23455292396945152,16.55,0.007,168,79.53424657534246,23.48817927614365,168,0.007,16.55,C,-1.0703920799564663
SKU_00109,-1.4146323423016511,1.0561037096268855,25.8,0.192,128,111.69589041095892,33.58641649796503,128,0.192,25.8,C,-1.0703920799564663
SKU_00711,0.3607191583969354,-1.3819298150182215,11.68,0.165,152,15.452054794520548,4.554435996886613,152,0.165,11.68,C,-1.0703920799564663
SKU_00429,-1.277433831127032,0.13555322473681405,2.89,0.109,143,74.4,21.566763195372506,143,0.109,2.89,C,-1.0703920799564663
SKU_00443,-0.4094319600263168,-1.1462029376640093,16.78,0.172,136,24.997260273972604,7.152767323586584,136,0.172,16.78,C,-1.0703920799564663
SKU_00775,-1.1649919061421878,-0.2688294563912774,1.03,0.116,153,59.09041095890411,17.406265169137846,153,0.116,1.03,C,-1.0703920799564663
SKU_00466,-0.7001489665676972,-0.9662987559250952,9.76,0.119,135,31.336986301369866,9.540767167550843,135,0.119,9.76,C,-1.0703920799564663
SKU_00193,0.48899700024618875,-1.4105048869915093,7.83,0.195,143,14.347945205479451,4.340206532440832,143,0.195,7.83,C,-1.0703920799564663
SKU_00179,-1.2074515260319139,-0.15501822840964974,2.94,0.127,145,63.17260273972602,18.436416276766263,145,0.127,2.94,C,-1.0703920799564663
SKU_00259,-1.3455490193866084,0.45288324161376486,0.16,0.179,137,88.03287671232877,25.01063540147088,137,0.179,0.16,C,-1.0703920799564663
SKU_00166,-0.5801002692899055,-1.0662765749807792,26.88,0.162,142,28.134246575342463,8.340359625057982,142,0.162,26.88,C,-1.0703920799564663
SKU_00080,1.2762979325662687,-1.514255453936087,5.39,0.042,116,10.224657534246576,3.1655677069240333,116,0.042,5.39,C,-1.0703920799564663
SKU_00400,-1.325149039146431,0.3165752577020672,23.63,0.087,129,84.51780821917808,23.45448797505309,129,0.087,23.63,C,-1.0703920799564663
SKU_00040,-1.2604223221809854,0.001830271786024993,3.75,0.027,134,69.86849315068493,20.972096039347303,134,0.027,3.75,C,-1.0703920799564663
SKU_00735,1.3244972079134003,-1.5211022926974127,28.4,0.134,118,9.854794520547944,3.171518212717101,118,0.134,28.4,C,-1.0703920799564663
SKU_00253,-0.5933083920894783,-1.0694205315548573,11.62,0.063,158,27.16164383561644,8.032807559650664,158,0.063,11.62,C,-1.0703920799564663
SKU_00834,0.02774998939200064,-1.3304387929049868,27.57,0.12,124,17.482191780821918,5.433699852218395,124,0.12,27.57,C,-1.0703920799564663
SKU_00222,-1.3575123976291534,0.405654027300947,26.33,0.128,143,83.78630136986301,25.29948808862126,143,0.128,26.33,C,-1.0703920799564663
SKU_00528,-1.4851678671998927,1.6212473702428376,1.87,0.175,149,131.24931506849316,37.43926628880254,149,0.175,1.87,C,-1.0703920799564663
SKU_00770,-1.2994934707765802,0.07260422755360561,29.85,0.015,139,72.16712328767123,21.488995745040373,139,0.015,29.85,C,-1.0703920799564663
SKU_00459,-1.2714867182434548,-0.04595786813996232,3.62,0.004,122,67.95342465753424,19.93824312881341,122,0.004,3.62,C,-1.0703920799564663
SKU_00209,-1.1277187219067446,-0.4847144744779745,2.85,0.087,146,51.29041095890411,14.950946939611828,146,0.087,2.85,C,-1.0703920799564663
SKU_00132,-1.2678907895231522,-0.085362123868408,13.35,0.045,140,66.63013698630137,19.457552313026167,140,0.045,13.35,C,-1.0703920799564663
SKU_00441,1.6991653195787664,-1.5679821785019998,15.65,0.018,126,8.07945205479452,2.543412029907124,126,0.018,15.65,C,-1.0703920799564663
SKU_00753,-0.5317626889919929,-1.1567526586125827,29.33,0.17,158,24.273972602739725,7.428894202045238,158,0.17,29.33,C,-1.0703920799564663
SKU_00641,-0.5756745108649177,-1.1376793220631753,6.63,0.189,137,24.947945205479453,7.744549831003832,137,0.189,6.63,C,-1.0703920799564663
SKU_00230,1.0424934132712147,-1.5192857844546122,5.9,0.146,139,10.101369863013698,3.24005211050063,139,0.146,5.9,C,-1.0703920799564663
SKU_00083,-1.460618738436289,1.1380561776578548,7.53,0.179,127,114.11506849315067,32.84375127161102,127,0.179,7.53,C,-1.0703920799564663
SKU_00899,-1.3854499976868881,0.4634329625623381,25.28,0.197,122,87.95342465753424,25.62441144964309,122,0.197,25.28,C,-1.0703920799564663
SKU_00409,-1.3656723897252245,0.32160558822059215,22.78,0.091,136,81.72876712328767,23.86248077758164,136,0.091,22.78,C,-1.0703920799564663
SKU_00669,-0.7022926933048006,-1.0660669778758407,21.56,0.042,129,27.04383561643836,7.87946605092179,129,0.042,21.56,C,-1.0703920799564663
SKU_00864,-0.3063256192191812,-1.275524351411089,10.07,0.088,136,19.58082191780822,5.665799108896767,136,0.088,10.07,C,-1.0703920799564663
SKU_00667,-1.128133636759087,-0.5735137812702696,25.9,0.152,135,46.64657534246575,13.742471287423308,135,0.152,25.9,C,-1.0703920799564663
SKU_00924,-0.22265112399675735,-1.3120641133720414,24.66,0.026,136,18.265753424657536,5.334220314873103,136,0.026,24.66,C,-1.0703920799564663
SKU_00114,0.4899651349016547,-1.4664673140100999,19.79,0.037,135,12.18082191780822,3.766562601111214,135,0.037,19.79,C,-1.0703920799564663
SKU_00383,1.3254653425688667,-1.5551967551007488,6.9,0.112,136,8.767123287671232,2.810501050051539,136,0.112,6.9,C,-1.0703920799564663
SKU_00875,-1.1436237912465441,-0.548501860080937,19.02,0.165,127,49.11232876712329,14.139648343443,127,0.165,19.02,C,-1.0703920799564663
SKU_00654,-0.20059148434720922,-1.3214261173926296,13.57,0.166,138,18.29041095890411,5.409905556232212,138,0.166,13.57,C,-1.0703920799564663
SKU_00542,-0.8955047095456704,-0.9280123514229883,0.64,0.105,140,32.84931506849315,10.65965902707662,140,0.105,0.64,C,-1.0703920799564663
SKU_00908,-0.7901854895260411,-1.0263832593408102,8.85,0.133,132,29.076712328767123,8.972156572258859,132,0.133,8.85,C,-1.0703920799564663
SKU_00888,-1.33780394214288,0.044588081193487325,0.83,0.142,160,70.36438356164383,21.41457197376375,160,0.142,0.83,C,-1.0703920799564663
SKU_00151,-0.8581623728348367,-0.9866296751041336,2.15,0.092,130,31.008219178082197,9.56771347035069,130,0.092,2.15,C,-1.0703920799564663
SKU_00152,-1.1822108725144058,-0.5021110341878734,12.79,0.156,160,49.33698630136986,15.245387582512317,160,0.156,12.79,C,-1.0703920799564663
SKU_00565,0.341149007861443,-1.455707995956588,8.59,0.176,162,12.476712328767125,3.4756025862212123,162,0.176,8.59,C,-1.0703920799564663
SKU_00818,-1.4907000652311275,1.2654213517588415,1.83,0.191,166,120.12328767123287,35.30664150293074,166,0.191,1.83,C,-1.0703920799564663
SKU_00063,-0.4570088630949347,-1.2519796099563263,5.42,0.042,148,20.58904109589041,6.222600637463519,148,0.042,5.42,C,-1.0703920799564663
SKU_00828,0.8463078405885562,-1.5251545033928913,9.14,0.014,128,9.8,3.087728280478373,128,0.014,9.14,C,-1.0703920799564663
SKU_00333,-1.2808223024211631,-0.24046398152292822,12.03,0.046,123,60.00821917808219,17.246195259849042,123,0.046,12.03,C,-1.0703920799564663
SKU_00053,1.3848673189292484,-1.5720343891974782,6.43,0.115,124,7.890410958904109,2.4727173058408547,124,0.115,6.43,C,-1.0703920799564663
SKU_00722,-1.450522477029286,0.7305994056573315,22.8,0.093,123,98.4904109589041,29.14576932139797,123,0.093,22.8,C,-1.0703920799564663
SKU_00859,-1.4532194235695126,0.7342324221429328,26.17,0.034,133,97.03561643835616,28.215932341045427,133,0.034,26.17,C,-1.0703920799564663
SKU_00960,-1.3947164293892063,0.2685775206711413,27.23,0.006,136,80.05479452054794,22.80765873570465,136,0.006,27.23,C,-1.0703920799564663
SKU_00288,-0.6973137150766895,-1.1462728033656555,22.09,0.195,125,24.704109589041096,7.095510853608182,125,0.195,22.09,C,-1.0703920799564663
SKU_00241,1.587138309446265,-1.5904789344320698,25.46,0.107,145,7.3342465753424655,2.214600600143162,145,0.107,25.46,C,-1.0703920799564663
SKU_00656,-0.7067876042051788,-1.1439672352113317,5.04,0.075,135,24.638356164383563,7.284309310123073,135,0.075,5.04,C,-1.0703920799564663
SKU_00060,-0.3476787995026601,-1.316535518277397,2.33,0.166,151,17.66849315068493,5.548707321795538,151,0.166,2.33,C,-1.0703920799564663
SKU_00030,0.4014499664019008,-1.484772127841399,9.59,0.181,132,11.142465753424656,3.422851367759708,132,0.181,9.59,C,-1.0703920799564663
SKU_00013,-0.95131075718575,-0.9477843449888573,4.32,0.116,114,32.38356164383562,9.790147178941613,114,0.116,4.32,C,-1.0703920799564663
SKU_00057,-1.0073242622520004,-0.8965727856822072,8.99,0.176,130,34.56164383561644,9.970817723817312,130,0.176,8.99,C,-1.0703920799564663
SKU_00311,-1.4095842115981494,0.26249920462792364,17.64,0.102,131,80.57260273972602,22.987175475447238,131,0.102,17.64,C,-1.0703920799564663
SKU_00090,-1.2687897717032277,-0.39046564295727726,18.61,0.034,134,54.10958904109589,15.108546489601531,134,0.034,18.61,C,-1.0703920799564663
SKU_00433,-1.3319951342100835,-0.1654282179549306,2.91,0.124,132,63.0958904109589,19.360918763647867,132,0.124,2.91,C,-1.0703920799564663
SKU_00387,-1.0708062346604181,-0.8339731170072296,16.51,0.104,127,36.41917808219178,11.218468112675762,127,0.104,16.51,C,-1.0703920799564663
SKU_00827,-0.4905478136592947,-1.2877508491991707,14.81,0.141,128,19.367123287671237,5.934349043486,128,0.141,14.81,C,-1.0703920799564663
SKU_00077,-1.4247286037086542,0.31336143542634287,10.69,0.129,127,82.2931506849315,24.64426202506781,127,0.129,10.69,C,-1.0703920799564663
SKU_00374,-1.4344791027387054,0.3649223232412239,29.02,0.066,118,84.7013698630137,23.65749476503967,118,0.066,29.02,C,-1.0703920799564663
SKU_00334,-1.5207122395505752,1.3225016300037709,27.69,0.176,132,121.82465753424655,34.04904260656392,132,0.176,27.69,C,-1.0703920799564663
SKU_00281,-0.5211823602572566,-1.2872617892876475,22.4,0.19,130,18.997260273972604,5.505491080159845,130,0.19,22.4,C,-1.0703920799564663
SKU_00503,1.1074967401382216,-1.5764359284011875,24.21,0.082,131,7.884931506849315,2.3691974363797863,131,0.082,24.21,C,-1.0703920799564663
SKU_00613,-1.398312358109509,0.10089983672030862,7.95,0.151,159,72.41917808219178,22.49864866231498,159,0.151,7.95,C,-1.0703920799564663
SKU_00599,-1.5382769682997455,1.6012657795720302,13.99,0.136,128,129.85205479452054,38.51116617575701,128,0.136,13.99,C,-1.0703920799564663
SKU_00199,0.9913897339576848,-1.5694493582365696,16.78,0.03,141,8.021917808219179,2.4817048473317493,141,0.03,16.78,C,-1.0703920799564663
SKU_00331,0.9159443833067222,-1.5643491620163983,6.83,0.143,140,8.189041095890412,2.5623843658624605,140,0.143,6.83,C,-1.0703920799564663
SKU_00335,-1.5387610356274783,1.5626999122633387,14.21,0.162,146,128.76986301369865,38.55004840624771,146,0.162,14.21,C,-1.0703920799564663
SKU_00299,-1.3860032174900119,-0.010186628897118015,5.43,0.011,140,68.40273972602739,20.649069189853257,140,0.011,5.43,C,-1.0703920799564663
SKU_00916,-0.6702059447236398,-1.232487079197042,1.11,0.105,128,21.3972602739726,6.4623587323335805,128,0.105,1.11,C,-1.0703920799564663
SKU_00239,-1.0719126742666651,-0.892241112180144,16.21,0.079,127,33.915068493150685,10.444827196936634,127,0.079,16.21,C,-1.0703920799564663
SKU_00318,-1.1426556565910782,-0.7822026320874101,11.37,0.124,116,39.16986301369863,11.405303915230212,116,0.124,11.37,C,-1.0703920799564663
SKU_00959,0.8481749574240978,-1.56504781903286,17.2,0.198,119,8.219178082191782,2.6707953261610213,119,0.198,17.2,C,-1.0703920799564663
SKU_00889,-0.8457840797399491,-1.1404739501290226,9.25,0.124,121,25.10684931506849,7.754975871026208,121,0.124,9.25,C,-1.0703920799564663
SKU_00792,0.053474710237241714,-1.4708688532138092,16.39,0.173,116,12.032876712328768,3.767853281398175,116,0.173,16.39,C,-1.0703920799564663
SKU_00291,-1.5503094990176807,1.6531759958951422,1.97,0.037,136,135.75342465753425,38.68894723257245,136,0.037,1.97,C,-1.0703920799564663
SKU_00428,-0.47699392848276995,-1.335538989125158,11.98,0.187,134,17.246575342465754,5.2182604726459765,134,0.187,11.98,C,-1.0703920799564663
SKU_00056,-1.3752845838044947,-0.13790113150633557,18.62,0.11,131,64.31232876712329,19.46103422427564,131,0.11,18.62,C,-1.0703920799564663
SKU_00922,1.3838991842737824,-1.6077357627386764,26.02,0.024,128,6.515068493150685,1.9911667042708647,128,0.024,26.02,C,-1.0703920799564663
SKU_00854,-0.9759981909001345,-1.038679622830538,6.7,0.178,139,28.87945205479452,8.613925585042244,139,0.178,6.7,C,-1.0703920799564663
SKU_00603,-1.3745239065752,-0.1707380112800403,5.2,0.123,141,62.62739726027397,19.64012250886381,141,0.123,5.2,C,-1.0703920799564663
SKU_00058,-1.5233400336154117,1.0839102588820653,12.97,0.135,127,113.52602739726028,33.204287867705354,127,0.135,12.97,C,-1.0703920799564663
SKU_00782,-0.8162559727482344,-1.2051695898533856,7.48,0.094,137,22.22739726027397,6.37907939450678,137,0.094,7.48,C,-1.0703920799564663
SKU_00285,-1.555150172295011,1.5238545821480625,15.66,0.156,127,129.47397260273974,35.629850845365375,127,0.156,15.66,C,-1.0703920799564663
SKU_00592,-1.055592690074523,-1.0237283626782554,26.07,0.1,137,28.87945205479452,8.651160102986328,137,0.1,26.07,C,-1.0703920799564663
SKU_00593,-0.4949044196088919,-1.380532500985298,2.03,0.187,137,15.265753424657534,4.561912890964473,137,0.187,2.03,C,-1.0703920799564663
SKU_00292,1.1376472194084504,-1.6160497812345718,24.06,0.021,132,6.243835616438356,1.9760229164436345,132,0.021,24.06,C,-1.0703920799564663
SKU_00031,-1.0944563812439463,-1.0033974434992168,28.59,0.054,130,30.58630136986301,9.267177621194744,130,0.054,28.59,C,-1.0703920799564663
SKU_00392,-0.40472959169976735,-1.4234999074976988,4.31,0.127,141,13.663013698630136,3.8407698278718776,141,0.127,4.31,C,-1.0703920799564663
SKU_00773,-0.3182198449863357,-1.4478830373722158,18.25,0.136,135,12.657534246575343,4.080976969334182,135,0.136,18.25,C,-1.0703920799564663
SKU_00201,-1.3901523660134378,-0.3537861495930326,1.71,0.046,148,56.9013698630137,16.074897613457935,148,0.046,1.71,C,-1.0703920799564663
SKU_00995,-1.3647042550697583,-0.46137933012815024,16.61,0.01,140,51.293150684931504,15.981241826611546,140,0.01,16.61,C,-1.0703920799564663
SKU_00096,0.11114787471286286,-1.5408044205616356,1.37,0.108,134,9.145205479452056,2.9702296270377,134,0.108,1.37,C,-1.0703920799564663
SKU_00616,-1.4691244929093124,0.046893649347811275,29.52,0.041,122,70.83013698630137,21.122449679800106,122,0.041,29.52,C,-1.0703920799564663
SKU_00883,-1.3218297203276899,-0.661614431046103,3.22,0.016,127,42.77534246575343,13.209177013298705,127,0.016,3.22,C,-1.0703920799564663
SKU_00021,-1.2006745834436514,-0.9293397997542658,17.23,0.138,135,32.85205479452055,9.794595246407338,135,0.138,17.23,C,-1.0703920799564663
SKU_00764,-1.5633793168664725,1.1529375721084913,3.99,0.103,135,116.08219178082192,32.084689368703536,135,0.103,3.99,C,-1.0703920799564663
SKU_00760,-1.1589756407832201,-0.9974588588592915,11.92,0.183,145,30.92328767123288,9.542250185992469,145,0.183,11.92,C,-1.0703920799564663
SKU_00812,-1.2514325003802291,-0.8395623731389241,18.01,0.035,135,36.09315068493151,11.430010729027916,135,0.035,18.01,C,-1.0703920799564663
SKU_00117,-1.0395493157839424,-1.1408232786372534,2.38,0.173,126,24.44109589041096,7.580698371965067,126,0.173,2.38,C,-1.0703920799564663
SKU_00009,0.7456218364200857,-1.6112989135226314,18.88,0.195,120,6.526027397260274,1.9799841406055572,120,0.195,18.88,C,-1.0703920799564663
SKU_00351,1.2536159206382065,-1.642109687948597,18.63,0.079,131,5.1068493150684935,1.8223527214887305,131,0.079,18.63,C,-1.0703920799564663
SKU_00071,-0.9979886780742923,-1.1864455818122093,19.71,0.135,122,22.898630136986306,7.006913641373114,122,0.135,19.71,C,-1.0703920799564663
SKU_00844,-1.1692793596163946,-1.0028385178860475,29.88,0.139,137,29.98904109589041,9.013414326116418,137,0.139,29.88,C,-1.0703920799564663
SKU_00168,-1.5386227306766973,0.643965935616068,3.84,0.05,123,95.95616438356164,27.14527960857742,123,0.05,3.84,C,-1.0703920799564663
SKU_00079,-1.2815138271750677,-0.8079830759948506,14.5,0.156,151,37.94794520547945,11.16165076004876,151,0.156,14.5,C,-1.0703920799564663
SKU_00874,-1.591247764448817,1.687270458298478,10.32,0.005,129,135.6027397260274,39.810726550984135,129,0.005,10.32,C,-1.0703920799564663
SKU_00121,1.3892239248788456,-1.6527292745988165,23.46,0.028,130,4.794520547945205,1.6388057172327848,130,0.028,23.46,C,-1.0703920799564663
SKU_00449,-1.3923652452259316,-0.4921202388524696,15.26,0.11,135,49.64657534246575,15.330373519601173,135,0.11,15.26,C,-1.0703920799564663
SKU_00974,-1.5714010040117627,1.1066166119170737,26.28,0.059,114,113.46027397260274,33.3570706037774,114,0.059,26.28,C,-1.0703920799564663
SKU_00237,-1.59491284564451,1.6526170702819727,20.67,0.059,139,134.8904109589041,40.06367241477151,139,0.059,20.67,C,-1.0703920799564663
SKU_00379,-0.7133570893672698,-1.3853532343988846,2.76,0.195,141,15.493150684931509,4.729854003250718,141,0.195,2.76,C,-1.0703920799564663
SKU_00514,-1.5234091860908023,0.3174136461218213,29.75,0.158,121,81.16164383561645,24.34072826016993,121,0.158,29.75,C,-1.0703920799564663
SKU_00728,-0.9879615691426794,-1.2382160667320288,11.85,0.172,140,21.252054794520543,6.4392364741959645,140,0.172,11.85,C,-1.0703920799564663
SKU_00042,-1.5604749129000741,0.8231015946368742,28.1,0.115,131,101.87397260273973,30.079848075978912,131,0.115,28.1,C,-1.0703920799564663
SKU_00928,0.4902417448032166,-1.6075261656337378,13.95,0.181,143,6.449315068493151,2.161293065827307,143,0.181,13.95,C,-1.0703920799564663
SKU_00833,-1.0744021633807206,-1.177083577791621,18.21,0.138,128,23.553424657534247,6.917927065808942,128,0.138,18.21,C,-1.0703920799564663
SKU_00354,-1.4366228294758088,-0.4222545372062893,9.52,0.187,159,53.7945205479452,16.07328589130643,159,0.187,9.52,C,-1.0703920799564663
SKU_00440,-1.387801181850163,-0.636812106961709,26.92,0.178,136,44.33698630136986,13.25340000799003,136,0.178,26.92,C,-1.0703920799564663
SKU_00491,0.444601111045531,-1.6158401841296333,7.41,0.128,114,6.161643835616438,1.8966881298224605,114,0.128,7.41,C,-1.0703920799564663
SKU_00190,-1.3594486669400856,-0.7560029939700925,20.18,0.17,138,40.59452054794521,11.539467515984493,138,0.17,20.18,C,-1.0703920799564663
SKU_00940,-0.740049944867977,-1.4137187092672336,21.68,0.027,152,13.706849315068494,4.055125936958595,152,0.027,21.68,C,-1.0703920799564663
SKU_00988,-0.8347196836774798,-1.3764802902898197,14.33,0.141,131,15.783561643835617,4.875342019521908,131,0.141,14.33,C,-1.0703920799564663
SKU_00220,0.572878952894784,-1.6310010413868543,2.9,0.119,135,5.610958904109589,1.679511444843836,135,0.119,2.9,C,-1.0703920799564663
SKU_00019,-0.681270340786109,-1.4446692150964915,6.79,0.109,131,12.865753424657534,3.984317443237188,131,0.109,6.79,C,-1.0703920799564663
SKU_00846,-1.3860032174900119,-0.7169480667498778,0.19,0.124,129,41.97534246575343,12.099039340916873,129,0.124,0.19,C,-1.0703920799564663
SKU_00926,-0.7584445033218322,-1.4275521181931774,19.15,0.084,149,13.534246575342468,4.097983260966965,149,0.084,19.15,C,-1.0703920799564663
SKU_00487,-0.7163997982844489,-1.4464857233392923,7.7,0.008,144,13.02191780821918,3.975137241923487,144,0.008,7.7,C,-1.0703920799564663
SKU_00664,-1.3297822549975897,-0.9004852649743933,21.58,0.105,156,34.02739726027397,10.430266349390276,156,0.105,21.58,C,-1.0703920799564663
SKU_00273,1.447865224009933,-1.6801864953457653,14.65,0.151,126,3.704109589041096,1.2202997240549869,126,0.151,14.65,C,-1.0703920799564663
SKU_00492,-0.728708938903946,-1.4457870663228305,3.48,0.167,154,12.684931506849315,3.849064080363737,154,0.167,3.48,C,-1.0703920799564663
SKU_00619,0.8831661099716569,-1.6587377249403878,26.76,0.107,143,4.471232876712329,1.516346774907802,143,0.107,26.76,C,-1.0703920799564663
SKU_00101,0.5002688537348293,-1.6372190888333644,8.05,0.1,134,5.361643835616438,1.6774711259192931,134,0.1,8.05,C,-1.0703920799564663
SKU_00001,1.5761430658591864,-1.6867538713005061,4.94,0.13,138,3.416438356164384,1.214271103506329,138,0.13,4.94,C,-1.0703920799564663
SKU_00706,-0.5747063762094518,-1.4986754024689888,24.26,0.106,161,10.668493150684933,3.344212513963768,161,0.106,24.26,C,-1.0703920799564663
SKU_00029,-1.5191908850919857,-0.09877633858447461,24.9,0.067,114,65.98356164383561,19.725722411168626,114,0.067,24.9,C,-1.0703920799564663
SKU_00300,-1.5012803939658634,-0.2622620804365365,20.61,0.029,123,59.23287671232877,17.29997185091497,123,0.029,20.61,C,-1.0703920799564663
SKU_00606,-0.9718490423767084,-1.3543328628679805,23.69,0.082,137,16.126027397260273,5.119506635024561,137,0.082,23.69,C,-1.0703920799564663
SKU_00957,-1.5173929207318346,-0.15976909612159,16.99,0.115,149,63.013698630136986,17.712829173412967,149,0.115,16.99,C,-1.0703920799564663
SKU_00231,0.042410314174772465,-1.6079453598436149,26.41,0.155,146,6.575342465753424,2.123377261588805,146,0.155,26.41,C,-1.0703920799564663
SKU_00377,-1.5985087743648123,0.9322318206082078,21.63,0.003,150,106.45753424657536,31.43773681582627,150,0.003,21.63,C,-1.0703920799564663
SKU_00436,-1.4290852096582516,-0.6957787591510851,8.37,0.133,120,42.09041095890411,12.339075833021951,120,0.133,8.37,C,-1.0703920799564663
SKU_00476,-1.4255584334133395,-0.7105902879000753,11.43,0.051,120,41.65205479452055,12.338051006311824,120,0.051,11.43,C,-1.0703920799564663
SKU_00598,-1.0199791652484498,-1.3419666336766065,27.33,0.153,138,16.797260273972604,5.102519648075296,138,0.153,27.33,C,-1.0703920799564663
SKU_00936,-1.6152436734092972,1.371407621156097,12.1,0.194,134,124.0027397260274,34.624714751087204,134,0.194,12.1,C,-1.0703920799564663
SKU_00010,-1.60770605359174,1.0062894643531588,20.26,0.011,133,108.7917808219178,31.52951588305725,133,0.011,20.26,C,-1.0703920799564663
SKU_00628,-1.5525915307055649,0.02851896981486586,18.71,0.057,152,69.74794520547945,21.854338654348897,152,0.057,18.71,C,-1.0703920799564663
SKU_00741,-0.6465557981401115,-1.5201241728743662,23.77,0.166,130,9.96986301369863,3.1038209760733406,130,0.166,23.77,C,-1.0703920799564663
SKU_00211,0.690230703632349,-1.669287445888961,14.7,0.169,125,4.046575342465753,1.3770172207759102,125,0.169,14.7,C,-1.0703920799564663
SKU_00901,-1.5873752258269527,0.4489707623215788,14.4,0.143,128,89.52876712328766,25.97859156362573,128,0.143,14.4,C,-1.0703920799564663
SKU_00481,0.7034388264319215,-1.6714532826399928,3.41,0.042,148,4.052054794520548,1.3030089426713918,148,0.042,3.41,C,-1.0703920799564663
SKU_00472,-1.5304627385806264,-0.29314272056414814,2.88,0.057,115,56.95890410958904,16.270581519157485,115,0.057,2.88,C,-1.0703920799564663
SKU_00032,-1.4555014552573968,-0.7308513413774677,24.77,0.145,131,40.865753424657534,12.288476456434797,131,0.145,24.77,C,-1.0703920799564663
SKU_00008,0.37945947922774304,-1.6581787993272186,16.24,0.148,134,4.561643835616438,1.5244013540347725,134,0.148,16.24,C,-1.0703920799564663
SKU_00486,-1.522579356386117,-0.3815926988482124,9.49,0.172,149,54.93698630136986,16.48938642033238,149,0.172,9.49,C,-1.0703920799564663
SKU_00938,-1.2750826469637573,-1.1842797450611777,26.47,0.149,121,23.221917808219175,7.059991100127912,121,0.149,26.47,C,-1.0703920799564663
SKU_00312,-1.5913860693995978,0.3628962178934847,20.96,0.078,134,82.85479452054794,24.844533311493397,134,0.078,20.96,C,-1.0703920799564663
SKU_00586,-1.4185048809235155,-0.9009743248859166,7.64,0.066,155,34.97260273972603,10.292124112960632,155,0.066,7.64,C,-1.0703920799564663
SKU_00189,-0.8502789906403273,-1.4916888323043709,29.77,0.084,126,11.2,3.3571311666852792,126,0.084,29.77,C,-1.0703920799564663
SKU_00518,1.7013090463158698,-1.7136521664342856,26.0,0.165,130,2.4465753424657533,0.8898206684033633,130,0.165,26.0,C,-1.0703920799564663
SKU_00580,-0.10654411781622018,-1.632817549629655,8.63,0.151,163,5.553424657534246,1.777614325451299,163,0.151,8.63,C,-1.0703920799564663
SKU_00724,0.2882473641877619,-1.6639776525638514,26.7,0.084,119,4.295890410958904,1.4769695693670766,119,0.084,26.7,C,-1.0703920799564663
SKU_00977,-1.5021102236705488,-0.6158523964678548,3.98,0.189,126,45.21095890410959,13.241496977677604,126,0.189,3.98,C,-1.0703920799564663
SKU_00323,-0.7199265745293612,-1.5469526023064994,21.21,0.142,134,8.863013698630137,2.644271584264805,134,0.142,21.21,C,-1.0703920799564663
SKU_00005,-1.1441770110496676,-1.3685854660038013,11.79,0.08,154,15.95890410958904,4.973662380685231,154,0.08,11.79,C,-1.0703920799564663
SKU_00370,-1.333170726291721,-1.1668831853512787,5.82,0.156,115,23.726027397260275,7.270405678881412,115,0.156,5.82,C,-1.0703920799564663
SKU_00264,1.3251195801919144,-1.7100890156503303,11.69,0.068,126,2.556164383561644,0.9637646966382544,126,0.068,11.69,C,-1.0703920799564663
SKU_00439,-1.3996954076173174,-1.05656524245196,5.96,0.066,146,27.693150684931503,8.164118909801932,146,0.066,5.96,C,-1.0703920799564663
SKU_00983,-1.420994370037571,-1.0103141479621887,29.98,0.155,136,30.013698630136982,8.476686111706579,136,0.155,29.98,C,-1.0703920799564663
SKU_00244,-1.62527078234091,0.7702831241923619,0.43,0.073,123,99.63287671232877,30.376520243214276,123,0.073,0.43,C,-1.0703920799564663
SKU_00458,-1.4854444771014546,-0.8282441294722429,25.72,0.072,133,36.81643835616438,10.470615787629246,133,0.072,25.72,C,-1.0703920799564663
SKU_00640,-1.609434865476501,0.3054666111403245,13.21,0.047,140,82.35068493150685,23.281313093653985,140,0.047,13.21,C,-1.0703920799564663
SKU_00497,-1.412073700712205,-1.0691410687482725,22.22,0.084,139,27.816438356164383,7.904425900614475,139,0.084,22.22,C,-1.0703920799564663
SKU_00668,-1.0395493157839424,-1.4681440908496082,0.16,0.004,125,12.084931506849315,3.515416253817392,125,0.004,0.16,C,-1.0703920799564663
SKU_00871,-0.751390950832008,-1.5680520442036459,2.79,0.042,135,8.191780821917808,2.574481353116255,135,0.042,2.79,C,-1.0703920799564663
SKU_00407,-1.6411066992053194,1.1321175930179295,26.18,0.075,150,113.1972602739726,34.49158988352178,150,0.075,26.18,C,-1.0703920799564663
SKU_00257,0.704337808611997,-1.7010763401379732,4.22,0.152,135,2.887671232876712,1.0276326691012918,135,0.152,4.22,C,-1.0703920799564663
SKU_00236,-0.7170913230383533,-1.5842608869855597,18.49,0.01,115,7.353424657534247,2.335469585448539,115,0.01,18.49,C,-1.0703920799564663
SKU_00006,-1.4793590592670964,-0.9243094692357408,15.08,0.186,146,33.20821917808219,9.56070473954008,146,0.186,15.08,C,-1.0703920799564663
SKU_00100,-1.5705711743070776,-0.3730690832473784,15.03,0.186,130,53.8986301369863,16.56499431270228,130,0.186,15.03,C,-1.0703920799564663
SKU_00701,-1.5007963266381306,-0.8456406891821419,16.02,0.11,128,36.85205479452055,10.562218974596156,128,0.11,16.02,C,-1.0703920799564663
SKU_00646,0.35373475838250173,-1.6938801728684165,8.61,0.122,128,3.16986301369863,1.0475881419952855,128,0.122,8.61,C,-1.0703920799564663
SKU_00068,-1.4229997918238935,-1.1290858407606952,7.06,0.121,139,25.32054794520548,7.50851090181453,139,0.121,7.06,C,-1.0703920799564663
SKU_00448,-0.39020757186777644,-1.6459523015391369,5.15,0.047,135,5.115068493150685,1.5942609325703176,135,0.047,5.15,C,-1.0703920799564663
SKU_00470,-1.6365426358295505,0.5713754716056867,3.98,0.077,131,92.0958904109589,26.28184326227299,131,0.077,3.98,C,-1.0703920799564663
SKU_00126,1.1219496074948223,-1.7241320216812126,6.89,0.023,144,1.9863013698630136,0.7755386409792652,144,0.023,6.89,C,-1.0703920799564663
SKU_00164,-1.3691300134947462,-1.2713324093123182,28.8,0.036,136,19.912328767123288,5.86037037997739,136,0.036,28.8,C,-1.0703920799564663
SKU_00850,-1.4485862077183536,-1.121260882176323,9.43,0.07,119,25.36986301369863,7.429350113775175,119,0.07,9.43,C,-1.0703920799564663
SKU_00347,-1.52306342371385,-0.8821804511430941,8.12,0.05,144,34.69041095890411,9.80524871194894,144,0.05,8.12,C,-1.0703920799564663
SKU_00368,-1.0079466345305146,-1.5442977056439446,4.43,0.147,120,8.92054794520548,2.8403953690951838,120,0.147,4.43,C,-1.0703920799564663
SKU_00369,-1.4407719779992347,-1.1718436501681575,21.78,0.024,117,24.183561643835617,7.315252275299328,117,0.024,21.78,C,-1.0703920799564663
SKU_00145,-1.5519000059516606,-0.7884206795339201,28.28,0.193,139,38.86301369863013,11.904975260268872,139,0.193,28.28,C,-1.0703920799564663
SKU_00563,-1.6283826437334796,0.10006144830055447,1.48,0.083,132,73.0027397260274,21.75102607534693,132,0.083,1.48,C,-1.0703920799564663
SKU_00898,-1.6336382318631524,0.20947113707847279,3.48,0.089,154,78.8958904109589,24.10063857594184,154,0.089,3.48,C,-1.0703920799564663
SKU_00930,-1.2011586507713845,-1.483165216703537,9.17,0.164,131,11.632876712328768,3.3914912436327347,131,0.164,9.17,C,-1.0703920799564663
SKU_00952,-1.0778597871502422,-1.5447168998538217,28.22,0.051,156,9.0,2.709365117635374,156,0.051,28.22,C,-1.0703920799564663
SKU_00356,-1.587444378302343,-0.5805003514348877,2.68,0.176,146,46.72054794520548,13.489260674517524,146,0.176,2.68,C,-1.0703920799564663
SKU_00726,-1.1997064487881852,-1.4930162806356484,11.16,0.165,128,10.972602739726028,3.3015672383147625,128,0.165,11.16,C,-1.0703920799564663
SKU_00576,-1.174742405172239,-1.5139759911295023,29.67,0.15,138,10.126027397260271,3.1762350456446686,138,0.15,29.67,C,-1.0703920799564663
SKU_00794,-1.6162118080647632,-0.26945824770609306,17.53,0.185,120,58.72876712328768,17.879645553650967,120,0.185,17.53,C,-1.0703920799564663
SKU_00424,-1.4811570236272475,-1.1582897040487985,11.78,0.075,129,24.12054794520548,7.156165383474208,129,0.075,11.78,C,-1.0703920799564663
SKU_00704,-1.461241110714803,-1.2127849513328193,12.04,0.15,120,21.816438356164383,6.760970200280003,120,0.15,12.04,C,-1.0703920799564663
SKU_00736,-0.33481643908003966,-1.6849373630577056,10.26,0.02,131,3.556164383561644,1.249284003881566,131,0.02,10.26,C,-1.0703920799564663
SKU_00982,-1.3132548133792763,-1.4384511676499816,19.07,0.002,152,13.189041095890412,3.966188195642195,152,0.002,19.07,C,-1.0703920799564663
SKU_00878,-1.5854389565160207,-0.7327377153219145,28.12,0.061,133,40.62739726027397,12.162738768919686,133,0.061,28.12,C,-1.0703920799564663
SKU_00500,0.711667971003383,-1.7342625484199088,13.12,0.12,143,1.5342465753424657,0.6930223618171526,143,0.12,13.12,C,-1.0703920799564663
SKU_00128,-1.6543839744802824,0.29854990667735265,13.57,0.1,123,80.74794520547945,24.04259104075584,123,0.1,13.57,C,-1.0703920799564663
SKU_00840,-1.6333616219615907,-0.26610469402707637,18.1,0.177,138,60.36164383561644,17.616352840479557,138,0.177,18.1,C,-1.0703920799564663
SKU_00626,-0.09492650195062759,-1.7128137780145314,13.57,0.13,138,2.4356164383561643,0.9689364656438072,138,0.13,13.57,C,-1.0703920799564663
SKU_00371,-1.6157968932124207,-0.5624051347085269,10.21,0.157,149,47.54246575342466,14.576304701072978,149,0.157,10.21,C,-1.0703920799564663
SKU_00171,-1.6213982437190457,-0.5456373663134437,14.63,0.001,122,48.66575342465753,13.425948911335947,122,0.001,14.63,C,-1.0703920799564663
SKU_00290,-1.5737521881750374,-0.9851624953695638,11.21,0.033,125,31.46027397260274,9.15115346909027,125,0.033,11.21,C,-1.0703920799564663
SKU_00856,-1.553075598033298,-1.0921268845898657,22.9,0.111,138,26.83013698630137,8.444301754676962,138,0.111,22.9,C,-1.0703920799564663
SKU_00655,-1.2414745439240067,-1.5534501125595943,27.89,0.169,112,8.775342465753425,2.8116604154370517,112,0.169,27.89,C,-1.0703920799564663
SKU_00557,-1.5796301485832243,-0.9727264004765437,19.09,0.173,149,31.438356164383563,9.432213771487593,149,0.173,19.09,C,-1.0703920799564663
SKU_00148,-1.501971918719768,-1.2764326055324895,12.42,0.155,142,19.41917808219178,5.78480050693304,142,0.155,12.42,C,-1.0703920799564663
SKU_00382,0.47475159031575953,-1.7436944181421432,29.42,0.196,138,1.2301369863013698,0.5852314587443836,138,0.196,29.42,C,-1.0703920799564663
SKU_00559,0.44515433084865436,-1.7437642838437892,6.63,0.158,130,1.2246575342465753,0.5826664790440546,130,0.158,6.63,C,-1.0703920799564663
SKU_00098,-1.5911786119734264,-1.024776348202948,8.05,0.138,143,29.76164383561644,8.70238425926339,143,0.138,8.05,C,-1.0703920799564663
SKU_00465,-0.3949790926697163,-1.717634511428118,21.78,0.12,131,2.249315068493151,0.845661729268411,131,0.12,21.78,C,-1.0703920799564663
SKU_00665,-1.1548956447351848,-1.642878210666705,28.63,0.071,128,5.057534246575343,1.642324622933353,128,0.071,28.63,C,-1.0703920799564663
SKU_00821,-1.6623365091501823,-0.3252110776197449,1.13,0.167,162,58.01095890410959,17.302889627533077,162,0.167,1.13,C,-1.0703920799564663
SKU_00610,-1.5436017089048086,-1.3531451459399955,7.1,0.176,137,16.24109589041096,5.212723118697976,137,0.176,7.1,C,-1.0703920799564663
SKU_00332,-1.628935863536603,-0.9614780225115087,4.03,0.191,132,32.01917808219178,9.528855216665727,132,0.191,4.03,C,-1.0703920799564663
SKU_00630,0.7636706324969889,-1.7608115150454573,13.48,0.009,139,0.5315068493150685,0.4996913091959123,139,0.009,13.48,C,-1.0703920799564663
SKU_00515,-1.5879284456300762,-1.291034537176541,2.27,0.189,139,19.197260273972603,5.929947570389288,139,0.189,2.27,C,-1.0703920799564663
SKU_00149,-0.7243523329543488,-1.7297212778129072,16.53,0.063,138,1.7753424657534247,0.7731377523076682,138,0.063,16.53,C,-1.0703920799564663
SKU_00868,1.2717338691905,-1.7703132504693377,29.72,0.024,117,0.0246575342465753,0.1552920165912603,117,0.024,29.72,C,-1.0703920799564663
SKU_00044,-0.7923292162631445,-1.7375462363972793,8.4,0.077,123,1.4465753424657537,0.6337751429394487,123,0.077,8.4,C,-1.0703920799564663
SKU_00205,-1.6467080497119442,-1.1156017603429824,16.23,0.086,139,25.63013698630137,7.482776651067078,139,0.086,16.23,C,-1.0703920799564663
SKU_00772,-1.2417511538255686,-1.6982118463704798,2.74,0.147,142,2.989041095890411,1.0534560657058372,142,0.147,2.74,C,-1.0703920799564663
SKU_00621,-0.9615453235435341,-1.7371969078890483,1.29,0.164,130,1.441095890410959,0.6201372624639255,130,0.164,1.29,C,-1.0703920799564663
SKU_00634,-1.3113185440683444,-1.7065258648663753,25.64,0.17,153,2.73972602739726,0.9525471529425488,153,0.17,25.64,C,-1.0703920799564663
SKU_00925,-1.6012748733804298,-1.5210324269957667,16.68,0.14,137,10.073972602739726,3.105738547000416,137,0.14,16.68,C,-1.0703920799564663
SKU_00955,-0.3666957302350292,-1.7659815769672746,24.82,0.068,135,0.2794520547945205,0.4493459545197816,135,0.068,24.82,C,-1.0703920799564663
SKU_00687,-0.7197882695785801,-1.7593443353108875,26.65,0.118,131,0.6273972602739726,0.4841612987210839,131,0.118,26.65,C,-1.0703920799564663
SKU_00649,0.028026599293562316,-1.7717105645022615,26.41,0.075,128,0.0082191780821917,0.0904102746542607,128,0.075,26.41,C,-1.0703920799564663
SKU_00882,-1.6106796100335288,-1.5811867961131278,21.03,0.156,137,7.50958904109589,2.378484395042776,137,0.156,21.03,C,-1.0703920799564663
SKU_00718,-1.252677244937257,-1.746349314804698,6.87,0.155,131,1.115068493150685,0.5476401002133924,131,0.155,6.87,C,-1.0703920799564663
SKU_00442,-0.3970536669314294,-1.773107878535185,13.48,0.162,107,0.0027397260273972,0.0523423922590213,107,0.162,13.48,C,-1.0703920799564663
SKU_00456,-1.6393087348451678,-1.543668914329129,23.98,0.182,132,9.087671232876712,2.8241475036521178,132,0.182,23.98,C,-1.0703920799564663
SKU_00004,-1.1441078585742772,-1.756829170051625,17.04,0.008,135,0.6657534246575343,0.483865836596032,135,0.008,17.04,C,-1.0703920799564663
SKU_00208,-1.6608151546915926,-1.613045556063786,20.59,0.03,135,6.347945205479452,2.0944792416475777,135,0.03,20.59,C,-1.0703920799564663
SKU_00945,-1.6405534794021956,-1.7342625484199088,23.51,0.082,119,1.6082191780821915,0.7012064612363064,119,0.082,23.51,C,-1.0703920799564663
SKU_00072,-1.659293800233003,-1.7423669698108657,25.46,0.117,137,1.2547945205479452,0.636145910739127,137,0.117,25.46,C,-1.0703920799564663
