bin_id,zone,aisle,rack,bin,x_coord,y_coord,distance_from_dispatch
BIN_000000,A,0,0,0,-1.69718336444505,-1.5661765835655606,-1.8502366348099135
BIN_000001,A,0,0,1,-1.69718336444505,-1.2181373427732138,-1.7775454997189022
BIN_000002,A,0,0,2,-1.69718336444505,-0.870098101980867,-1.704854364627891
BIN_000003,A,0,0,3,-1.69718336444505,-0.5220588611885202,-1.6321632295368798
BIN_000004,A,0,0,4,-1.69718336444505,-0.17401962039617339,-1.5594720944458684
BIN_000005,A,0,0,5,-1.69718336444505,0.17401962039617339,-1.486780959354857
BIN_000006,A,0,0,6,-1.69718336444505,0.5220588611885202,-1.414089824263846
BIN_000007,A,0,0,7,-1.69718336444505,0.870098101980867,-1.3413986891728347
BIN_000008,A,0,0,8,-1.69718336444505,1.2181373427732138,-1.2687075540818233
BIN_000009,A,0,0,9,-1.69718336444505,1.5661765835655606,-1.196016418990812
BIN_000010,A,0,1,0,-1.6279105740595379,-1.5661765835655606,-1.7775454997189022
BIN_000011,A,0,1,1,-1.6279105740595379,-1.2181373427732138,-1.7474358456999106
BIN_000012,A,0,1,2,-1.6279105740595379,-0.870098101980867,-1.6876943153847919
BIN_000013,A,0,1,3,-1.6279105740595379,-0.5220588611885202,-1.620367082219327
BIN_000014,A,0,1,4,-1.6279105740595379,-0.17401962039617339,-1.5505234067836315
BIN_000015,A,0,1,5,-1.6279105740595379,0.17401962039617339,-1.4795831185156376
BIN_000016,A,0,1,6,-1.6279105740595379,0.5220588611885202,-1.4080737219934643
BIN_000017,A,0,1,7,-1.6279105740595379,0.870098101980867,-1.3362326892598988
BIN_000018,A,0,1,8,-1.6279105740595379,1.2181373427732138,-1.2641819676897914
BIN_000019,A,0,1,9,-1.6279105740595379,1.5661765835655606,-1.1919904104324308
BIN_000020,A,0,2,0,-1.5586377836740255,-1.5661765835655606,-1.704854364627891
BIN_000021,A,0,2,1,-1.5586377836740255,-1.2181373427732138,-1.6876943153847919
BIN_000022,A,0,2,2,-1.5586377836740255,-0.870098101980867,-1.6446350565899075
BIN_000023,A,0,2,3,-1.5586377836740255,-0.5220588611885202,-1.5881450199675928
BIN_000024,A,0,2,4,-1.5586377836740255,-0.17401962039617339,-1.5251519959596704
BIN_000025,A,0,2,5,-1.5586377836740255,0.17401962039617339,-1.4587828923271395
BIN_000026,A,0,2,6,-1.5586377836740255,0.5220588611885202,-1.39049752962874
BIN_000027,A,0,2,7,-1.5586377836740255,0.870098101980867,-1.3210371833708163
BIN_000028,A,0,2,8,-1.5586377836740255,1.2181373427732138,-1.2508101787573496
BIN_000029,A,0,2,9,-1.5586377836740255,1.5661765835655606,-1.1800574831872517
BIN_000030,A,0,3,0,-1.4893649932885134,-1.5661765835655606,-1.6321632295368798
BIN_000031,A,0,3,1,-1.4893649932885134,-1.2181373427732138,-1.620367082219327
BIN_000032,A,0,3,2,-1.4893649932885134,-0.870098101980867,-1.5881450199675928
BIN_000033,A,0,3,3,-1.4893649932885134,-0.5220588611885202,-1.5418342674799048
BIN_000034,A,0,3,4,-1.4893649932885134,-0.17401962039617339,-1.486780959354857
BIN_000035,A,0,3,5,-1.4893649932885134,0.17401962039617339,-1.4263781229125256
BIN_000036,A,0,3,6,-1.4893649932885134,0.5220588611885202,-1.3626096765345488
BIN_000037,A,0,3,7,-1.4893649932885134,0.870098101980867,-1.2966374431490697
BIN_000038,A,0,3,8,-1.4893649932885134,1.2181373427732138,-1.2291633043409305
BIN_000039,A,0,3,9,-1.4893649932885134,1.5661765835655606,-1.1606279770381533
BIN_000040,A,0,4,0,-1.420092202903001,-1.5661765835655606,-1.5594720944458684
BIN_000041,A,0,4,1,-1.420092202903001,-1.2181373427732138,-1.5505234067836315
BIN_000042,A,0,4,2,-1.420092202903001,-0.870098101980867,-1.5251519959596704
BIN_000043,A,0,4,3,-1.420092202903001,-0.5220588611885202,-1.486780959354857
BIN_000044,A,0,4,4,-1.420092202903001,-0.17401962039617339,-1.4390334783699017
BIN_000045,A,0,4,5,-1.420092202903001,0.17401962039617339,-1.3847862658621537
BIN_000046,A,0,4,6,-1.420092202903001,0.5220588611885202,-1.3260534051252717
BIN_000047,A,0,4,7,-1.420092202903001,0.870098101980867,-1.2641819676897914
BIN_000048,A,0,4,8,-1.420092202903001,1.2181373427732138,-1.2000673571094271
BIN_000049,A,0,4,9,-1.420092202903001,1.5661765835655606,-1.1343119818473926
BIN_000050,A,0,5,0,-1.3508194125174888,-1.5661765835655606,-1.486780959354857
BIN_000051,A,0,5,1,-1.3508194125174888,-1.2181373427732138,-1.4795831185156376
BIN_000052,A,0,5,2,-1.3508194125174888,-0.870098101980867,-1.4587828923271395
BIN_000053,A,0,5,3,-1.3508194125174888,-0.5220588611885202,-1.4263781229125256
BIN_000054,A,0,5,4,-1.3508194125174888,-0.17401962039617339,-1.3847862658621537
BIN_000055,A,0,5,5,-1.3508194125174888,0.17401962039617339,-1.3362326892598988
BIN_000056,A,0,5,6,-1.3508194125174888,0.5220588611885202,-1.282500720524056
BIN_000057,A,0,5,7,-1.3508194125174888,0.870098101980867,-1.2249238467264982
BIN_000058,A,0,5,8,-1.3508194125174888,1.2181373427732138,-1.1644698378935356
BIN_000059,A,0,5,9,-1.3508194125174888,1.5661765835655606,-1.10183559338434
BIN_000060,A,0,6,0,-1.2815466221319765,-1.5661765835655606,-1.414089824263846
BIN_000061,A,0,6,1,-1.2815466221319765,-1.2181373427732138,-1.4080737219934643
BIN_000062,A,0,6,2,-1.2815466221319765,-0.870098101980867,-1.39049752962874
BIN_000063,A,0,6,3,-1.2815466221319765,-0.5220588611885202,-1.3626096765345488
BIN_000064,A,0,6,4,-1.2815466221319765,-0.17401962039617339,-1.3260534051252717
BIN_000065,A,0,6,5,-1.2815466221319765,0.17401962039617339,-1.282500720524056
BIN_000066,A,0,6,6,-1.2815466221319765,0.5220588611885202,-1.233431900149896
BIN_000067,A,0,6,7,-1.2815466221319765,0.870098101980867,-1.1800574831872517
BIN_000068,A,0,6,8,-1.2815466221319765,1.2181373427732138,-1.1233252838998007
BIN_000069,A,0,6,9,-1.2815466221319765,1.5661765835655606,-1.063961790282951
BIN_000070,A,0,7,0,-1.2122738317464643,-1.5661765835655606,-1.3413986891728347
BIN_000071,A,0,7,1,-1.2122738317464643,-1.2181373427732138,-1.3362326892598988
BIN_000072,A,0,7,2,-1.2122738317464643,-0.870098101980867,-1.3210371833708163
BIN_000073,A,0,7,3,-1.2122738317464643,-0.5220588611885202,-1.2966374431490697
BIN_000074,A,0,7,4,-1.2122738317464643,-0.17401962039617339,-1.2641819676897914
BIN_000075,A,0,7,5,-1.2122738317464643,0.17401962039617339,-1.2249238467264982
BIN_000076,A,0,7,6,-1.2122738317464643,0.5220588611885202,-1.1800574831872517
BIN_000077,A,0,7,7,-1.2122738317464643,0.870098101980867,-1.130631111039893
BIN_000078,A,0,7,8,-1.2122738317464643,1.2181373427732138,-1.0775192694992712
BIN_000079,A,0,7,9,-1.2122738317464643,1.5661765835655606,-1.0214301762765872
BIN_000080,A,0,8,0,-1.1430010413609522,-1.5661765835655606,-1.2687075540818233
BIN_000081,A,0,8,1,-1.1430010413609522,-1.2181373427732138,-1.2641819676897914
BIN_000082,A,0,8,2,-1.1430010413609522,-0.870098101980867,-1.2508101787573496
BIN_000083,A,0,8,3,-1.1430010413609522,-0.5220588611885202,-1.2291633043409305
BIN_000084,A,0,8,4,-1.1430010413609522,-0.17401962039617339,-1.2000673571094271
BIN_000085,A,0,8,5,-1.1430010413609522,0.17401962039617339,-1.1644698378935356
BIN_000086,A,0,8,6,-1.1430010413609522,0.5220588611885202,-1.1233252838998007
BIN_000087,A,0,8,7,-1.1430010413609522,0.870098101980867,-1.0775192694992712
BIN_000088,A,0,8,8,-1.1430010413609522,1.2181373427732138,-1.0278303219298899
BIN_000089,A,0,8,9,-1.1430010413609522,1.5661765835655606,-0.9749194565717337
BIN_000090,A,0,9,0,-1.0737282509754398,-1.5661765835655606,-1.196016418990812
BIN_000091,A,0,9,1,-1.0737282509754398,-1.2181373427732138,-1.1919904104324308
BIN_000092,A,0,9,2,-1.0737282509754398,-0.870098101980867,-1.1800574831872517
BIN_000093,A,0,9,3,-1.0737282509754398,-0.5220588611885202,-1.1606279770381533
BIN_000094,A,0,9,4,-1.0737282509754398,-0.17401962039617339,-1.1343119818473926
BIN_000095,A,0,9,5,-1.0737282509754398,0.17401962039617339,-1.10183559338434
BIN_000096,A,0,9,6,-1.0737282509754398,0.5220588611885202,-1.063961790282951
BIN_000097,A,0,9,7,-1.0737282509754398,0.870098101980867,-1.0214301762765872
BIN_000098,A,0,9,8,-1.0737282509754398,1.2181373427732138,-0.9749194565717337
BIN_000099,A,0,9,9,-1.0737282509754398,1.5661765835655606,-0.925029532819887
BIN_000100,A,1,0,0,-1.0044554605899276,-1.5661765835655606,-1.1233252838998007
BIN_000101,A,1,0,1,-1.0044554605899276,-1.2181373427732138,-1.1196997683871541
BIN_000102,A,1,0,2,-1.0044554605899276,-0.870098101980867,-1.1089296022213622
BIN_000103,A,1,0,3,-1.0044554605899276,-0.5220588611885202,-1.0913189039791324
BIN_000104,A,1,0,4,-1.0044554605899276,-0.17401962039617339,-1.0673291498443658
BIN_000105,A,1,0,5,-1.0044554605899276,0.17401962039617339,-1.0375250376843057
BIN_000106,A,1,0,6,-1.0044554605899276,0.5220588611885202,-1.0025196110151378
BIN_000107,A,1,0,7,-1.0044554605899276,0.870098101980867,-0.9629282515506726
BIN_000108,A,1,0,8,-1.0044554605899276,1.2181373427732138,-0.9193358969143941
BIN_000109,A,1,0,9,-1.0044554605899276,1.5661765835655606,-0.8722774317404006
BIN_000110,A,1,1,0,-0.9351826702044154,-1.5661765835655606,-1.0506341488087896
BIN_000111,A,1,1,1,-0.9351826702044154,-1.2181373427732138,-1.0473368049805647
BIN_000112,A,1,1,2,-0.9351826702044154,-0.870098101980867,-1.0375250376843057
BIN_000113,A,1,1,3,-0.9351826702044154,-0.5220588611885202,-1.0214301762765872
BIN_000114,A,1,1,4,-0.9351826702044154,-0.17401962039617339,-0.9994087124000456
BIN_000115,A,1,1,5,-0.9351826702044154,0.17401962039617339,-0.9719063076324506
BIN_000116,A,1,1,6,-0.9351826702044154,0.5220588611885202,-0.9394193227386699
BIN_000117,A,1,1,7,-0.9351826702044154,0.870098101980867,-0.9024601893654507
BIN_000118,A,1,1,8,-0.9351826702044154,1.2181373427732138,-0.8615303046230195
BIN_000119,A,1,1,9,-0.9351826702044154,1.5661765835655606,-0.817101490501305
BIN_000120,A,1,2,0,-0.8659098798189031,-1.5661765835655606,-0.9779430137177783
BIN_000121,A,1,2,1,-0.8659098798189031,-1.2181373427732138,-0.9749194565717337
BIN_000122,A,1,2,2,-0.8659098798189031,-0.870098101980867,-0.9659108091770146
BIN_000123,A,1,2,3,-0.8659098798189031,-0.5220588611885202,-0.9510969507310678
BIN_000124,A,1,2,4,-0.8659098798189031,-0.17401962039617339,-0.9307584244475666
BIN_000125,A,1,2,5,-0.8659098798189031,0.17401962039617339,-0.9052518786267669
BIN_000126,A,1,2,6,-0.8659098798189031,0.5220588611885202,-0.874982718259184
BIN_000127,A,1,2,7,-0.8659098798189031,0.870098101980867,-0.8403791120285102
BIN_000128,A,1,2,8,-0.8659098798189031,1.2181373427732138,-0.8018701754406301
BIN_000129,A,1,2,9,-0.8659098798189031,1.5661765835655606,-0.7598696084447444
BIN_000130,A,1,3,0,-0.7966370894333908,-1.5661765835655606,-0.9052518786267669
BIN_000131,A,1,3,1,-0.7966370894333908,-1.2181373427732138,-0.9024601893654507
BIN_000132,A,1,3,2,-0.7966370894333908,-0.870098101980867,-0.8941340284428985
BIN_000133,A,1,3,3,-0.7966370894333908,-0.5220588611885202,-0.8804159299856157
BIN_000134,A,1,3,4,-0.7966370894333908,-0.17401962039617339,-0.8615303046230195
BIN_000135,A,1,3,5,-0.7966370894333908,0.17401962039617339,-0.8377662809530649
BIN_000136,A,1,3,6,-0.7966370894333908,0.5220588611885202,-0.8094579696903655
BIN_000137,A,1,3,7,-0.7966370894333908,0.870098101980867,-0.7769648871436089
BIN_000138,A,1,3,8,-0.7966370894333908,1.2181373427732138,-0.740654613888982
BIN_000139,A,1,3,9,-0.7966370894333908,1.5661765835655606,-0.70088887185698
BIN_000140,A,1,4,0,-0.7273642990478786,-1.5661765835655606,-0.8325607435357557
BIN_000141,A,1,4,1,-0.7273642990478786,-1.2181373427732138,-0.8299679345150003
BIN_000142,A,1,4,2,-0.7273642990478786,-0.870098101980867,-0.8222287437098839
BIN_000143,A,1,4,3,-0.7273642990478786,-0.5220588611885202,-0.8094579696903655
BIN_000144,A,1,4,4,-0.7273642990478786,-0.17401962039617339,-0.7918377319317189
BIN_000145,A,1,4,5,-0.7273642990478786,0.17401962039617339,-0.7696052232263232
BIN_000146,A,1,4,6,-0.7273642990478786,0.5220588611885202,-0.7430382514882259
BIN_000147,A,1,4,7,-0.7273642990478786,0.870098101980867,-0.7124403988340624
BIN_000148,A,1,4,8,-0.7273642990478786,1.2181373427732138,-0.6781273005696691
BIN_000149,A,1,4,9,-0.7273642990478786,1.5661765835655606,-0.6404150320655074
BIN_000150,A,1,5,0,-0.6580915086623663,-1.5661765835655606,-0.7598696084447444
BIN_000151,A,1,5,1,-0.6580915086623663,-1.2181373427732138,-0.7574492569063979
BIN_000152,A,1,5,2,-0.6580915086623663,-0.870098101980867,-0.7502201546298664
BIN_000153,A,1,5,3,-0.6580915086623663,-0.5220588611885202,-0.7382760859270863
BIN_000154,A,1,5,4,-0.6580915086623663,-0.17401962039617339,-0.7217667547876172
BIN_000155,A,1,5,5,-0.6580915086623663,0.17401962039617339,-0.70088887185698
BIN_000156,A,1,5,6,-0.6580915086623663,0.5220588611885202,-0.6758754073615919
BIN_000157,A,1,5,7,-0.6580915086623663,0.870098101980867,-0.646984247692155
BIN_000158,A,1,5,8,-0.6580915086623663,1.2181373427732138,-0.6144873382627218
BIN_000159,A,1,5,9,-0.6580915086623663,1.5661765835655606,-0.5786610991177499
BIN_000160,A,1,6,0,-0.5888187182768541,-1.5661765835655606,-0.687178473353733
BIN_000161,A,1,6,1,-0.5888187182768541,-1.2181373427732138,-0.6849090894173528
BIN_000162,A,1,6,2,-0.5888187182768541,-0.870098101980867,-0.6781273005696691
BIN_000163,A,1,6,3,-0.5888187182768541,-0.5220588611885202,-0.6669106877364931
BIN_000164,A,1,6,4,-0.5888187182768541,-0.17401962039617339,-0.6513837227047858
BIN_000165,A,1,6,5,-0.5888187182768541,0.17401962039617339,-0.6317111673081784
BIN_000166,A,1,6,6,-0.5888187182768541,0.5220588611885202,-0.6080899738719477
BIN_000167,A,1,6,7,-0.5888187182768541,0.870098101980867,-0.580740537198742
BIN_000168,A,1,6,8,-0.5888187182768541,1.2181373427732138,-0.5498980794089409
BIN_000169,A,1,6,9,-0.5888187182768541,1.5661765835655606,-0.5158047790314993
BIN_000170,A,1,7,0,-0.5195459278913418,-1.5661765835655606,-0.6144873382627218
BIN_000171,A,1,7,1,-0.5195459278913418,-1.2181373427732138,-0.6123512099673318
BIN_000172,A,1,7,2,-0.5195459278913418,-0.870098101980867,-0.605964828330253
BIN_000173,A,1,7,3,-0.5195459278913418,-0.5220588611885202,-0.5953930851973509
BIN_000174,A,1,7,4,-0.5195459278913418,-0.17401962039617339,-0.580740537198742
BIN_000175,A,1,7,5,-0.5195459278913418,0.17401962039617339,-0.5621464392345531
BIN_000176,A,1,7,6,-0.5195459278913418,0.5220588611885202,-0.5397785605983095
BIN_000177,A,1,7,7,-0.5195459278913418,0.870098101980867,-0.5138263763798752
BIN_000178,A,1,7,8,-0.5195459278913418,1.2181373427732138,-0.4844942009486321
BIN_000179,A,1,7,9,-0.5195459278913418,1.5661765835655606,-0.4519947334554767
BIN_000180,A,1,8,0,-0.4502731375058296,-1.5661765835655606,-0.5417962031717105
BIN_000181,A,1,8,1,-0.4502731375058296,-1.2181373427732138,-0.5397785605983095
BIN_000182,A,1,8,2,-0.4502731375058296,-0.870098101980867,-0.5337441860549479
BIN_000183,A,1,8,3,-0.4502731375058296,-0.5220588611885202,-0.5237478963605652
BIN_000184,A,1,8,4,-0.4502731375058296,-0.17401962039617339,-0.5098783315645908
BIN_000185,A,1,8,5,-0.4502731375058296,0.17401962039617339,-0.4922541639487985
BIN_000186,A,1,8,6,-0.4502731375058296,0.5220588611885202,-0.47101931926639296
BIN_000187,A,1,8,7,-0.4502731375058296,0.870098101980867,-0.44633762915967445
BIN_000188,A,1,8,8,-0.4502731375058296,1.2181373427732138,-0.4183873288848716
BIN_000189,A,1,8,9,-0.4502731375058296,1.5661765835655606,-0.38735575998381927
BIN_000190,A,1,9,0,-0.38100034712031733,-1.5661765835655606,-0.46910506808069924
BIN_000191,A,1,9,1,-0.38100034712031733,-1.2181373427732138,-0.46719346638142467
BIN_000192,A,1,9,2,-0.38100034712031733,-0.870098101980867,-0.46147444886907635
BIN_000193,A,1,9,3,-0.38100034712031733,-0.5220588611885202,-0.4519947334554767
BIN_000194,A,1,9,4,-0.38100034712031733,-0.17401962039617339,-0.43883009431599596
BIN_000195,A,1,9,5,-0.38100034712031733,0.17401962039617339,-0.42208243002795615
BIN_000196,A,1,9,6,-0.38100034712031733,0.5220588611885202,-0.40187602882623713
BIN_000197,A,1,9,7,-0.38100034712031733,0.870098101980867,-0.3783533311692829
BIN_000198,A,1,9,8,-0.38100034712031733,1.2181373427732138,-0.3516704946785038
BIN_000199,A,1,9,9,-0.38100034712031733,1.5661765835655606,-0.32199303662201795
BIN_000200,A,2,0,0,-0.3117275567348051,-1.5661765835655606,-0.39641393298968797
BIN_000201,A,2,0,1,-0.3117275567348051,-1.2181373427732138,-0.3945977889938641
BIN_000202,A,2,0,2,-0.3117275567348051,-0.870098101980867,-0.38916290196439457
BIN_000203,A,2,0,3,-0.3117275567348051,-0.5220588611885202,-0.38014940664444263
BIN_000204,A,2,0,4,-0.3117275567348051,-0.17401962039617339,-0.3676225696328109
BIN_000205,A,2,0,5,-0.3117275567348051,0.17401962039617339,-0.3516704946785038
BIN_000206,A,2,0,6,-0.3117275567348051,0.5220588611885202,-0.33240117314835116
BIN_000207,A,2,0,7,-0.3117275567348051,0.870098101980867,-0.3099390975632868
BIN_000208,A,2,0,8,-0.3117275567348051,1.2181373427732138,-0.2844216648788182
BIN_000209,A,2,0,9,-0.3117275567348051,1.5661765835655606,-0.25599558054169147
BIN_000210,A,2,1,0,-0.24245476634929286,-1.5661765835655606,-0.3237227978986767
BIN_000211,A,2,1,1,-0.24245476634929286,-1.2181373427732138,-0.32199303662201795
BIN_000212,A,2,1,2,-0.24245476634929286,-0.870098101980867,-0.3168154601925989
BIN_000213,A,2,1,3,-0.24245476634929286,-0.5220588611885202,-0.30822479815986914
BIN_000214,A,2,1,4,-0.24245476634929286,-0.17401962039617339,-0.2962776545872758
BIN_000215,A,2,1,5,-0.24245476634929286,0.17401962039617339,-0.2810506922581846
BIN_000216,A,2,1,6,-0.24245476634929286,0.5220588611885202,-0.2626382804926216
BIN_000217,A,2,1,7,-0.24245476634929286,0.870098101980867,-0.24114976667580687
BIN_000218,A,2,1,8,-0.24245476634929286,1.2181373427732138,-0.21670654141893972
BIN_000219,A,2,1,9,-0.24245476634929286,1.5661765835655606,-0.18943905982738152
BIN_000220,A,2,2,0,-0.17318197596378063,-1.5661765835655606,-0.2510316628076654
BIN_000221,A,2,2,1,-0.17318197596378063,-1.2181373427732138,-0.24938044401777043
BIN_000222,A,2,2,2,-0.17318197596378063,-0.870098101980867,-0.24443697515121593
BIN_000223,A,2,2,3,-0.17318197596378063,-0.5220588611885202,-0.23623150701010132
BIN_000224,A,2,2,4,-0.17318197596378063,-0.17401962039617339,-0.22481344055869792
BIN_000225,A,2,2,5,-0.17318197596378063,0.17401962039617339,-0.21024987556543617
BIN_000226,A,2,2,6,-0.17318197596378063,0.5220588611885202,-0.19262371774326065
BIN_000227,A,2,2,7,-0.17318197596378063,0.870098101980867,-0.17203146338513386
BIN_000228,A,2,2,8,-0.17318197596378063,1.2181373427732138,-0.14858078999017763
BIN_000229,A,2,2,9,-0.17318197596378063,1.5661765835655606,-0.12238807858077973
BIN_000230,A,2,3,0,-0.10390918557826836,-1.5661765835655606,-0.17834052771665415
BIN_000231,A,2,3,1,-0.10390918557826836,-1.2181373427732138,-0.1767610317506951
BIN_000232,A,2,3,2,-0.10390918557826836,-0.870098101980867,-0.17203146338513386
BIN_000233,A,2,3,3,-0.10390918557826836,-0.5220588611885202,-0.1641783312507003
BIN_000234,A,2,3,4,-0.10390918557826836,-0.17401962039617339,-0.15324499934239894
BIN_000235,A,2,3,5,-0.10390918557826836,0.17401962039617339,-0.1392905161568197
BIN_000236,A,2,3,6,-0.10390918557826836,0.5220588611885202,-0.12238807858077973
BIN_000237,A,2,3,7,-0.10390918557826836,0.870098101980867,-0.10262321993986363
BIN_000238,A,2,3,8,-0.10390918557826836,1.2181373427732138,-0.08009182021251667
BIN_000239,A,2,3,9,-0.10390918557826836,1.5661765835655606,-0.05489803618847609
BIN_000240,A,2,4,0,-0.034636395192756124,-1.5661765835655606,-0.10564939262564287
BIN_000241,A,2,4,1,-0.034636395192756124,-1.2181373427732138,-0.10413565069904646
BIN_000242,A,2,4,2,-0.034636395192756124,-0.870098101980867,-0.0996022783335539
BIN_000243,A,2,4,3,-0.034636395192756124,-0.5220588611885202,-0.09207263344954683
BIN_000244,A,2,4,4,-0.034636395192756124,-0.17401962039617339,-0.08158498354411552
BIN_000245,A,2,4,5,-0.034636395192756124,0.17401962039617339,-0.06819155299727594
BIN_000246,A,2,4,6,-0.034636395192756124,0.5220588611885202,-0.051957266652222056
BIN_000247,A,2,4,7,-0.034636395192756124,0.870098101980867,-0.032958257534631594
BIN_000248,A,2,4,8,-0.034636395192756124,1.2181373427732138,-0.011280214085219446
BIN_000249,A,2,4,9,-0.034636395192756124,1.5661765835655606,0.0129833565970356
BIN_000250,A,2,5,0,0.034636395192756124,-1.5661765835655606,-0.032958257534631594
BIN_000251,A,2,5,1,0.034636395192756124,-1.2181373427732138,-0.0315050158971335
BIN_000252,A,2,5,2,0.034636395192756124,-0.870098101980867,-0.027152241536919437
BIN_000253,A,2,5,3,0.034636395192756124,-0.5220588611885202,-0.019920620947919524
BIN_000254,A,2,5,4,0.034636395192756124,-0.17401962039617339,-0.009844090148477242
BIN_000255,A,2,5,5,0.034636395192756124,0.17401962039617339,0.0030309466614651605
BIN_000256,A,2,5,6,0.034636395192756124,0.5220588611885202,0.018646652306162248
BIN_000257,A,2,5,7,0.034636395192756124,0.870098101980867,0.03693499369461791
BIN_000258,A,2,5,8,0.034636395192756124,1.2181373427732138,0.05781912230116733
BIN_000259,A,2,5,9,0.034636395192756124,1.5661765835655606,0.08121483786515062
BIN_000260,A,2,6,0,0.10390918557826836,-1.5661765835655606,0.039732877556379685
BIN_000261,A,2,6,1,0.10390918557826836,-1.2181373427732138,0.0411302674052289
BIN_000262,A,2,6,2,0.10390918557826836,-0.870098101980867,0.04531625607901237
BIN_000263,A,2,6,3,0.10390918557826836,-0.5220588611885202,0.05227243685346777
BIN_000264,A,2,6,4,0.10390918557826836,-0.17401962039617339,0.06196857792411689
BIN_000265,A,2,6,5,0.10390918557826836,0.17401962039617339,0.0743632679476896
BIN_000266,A,2,6,6,0.10390918557826836,0.5220588611885202,0.08940477483868228
BIN_000267,A,2,6,7,0.10390918557826836,0.870098101980867,0.10703207760395606
BIN_000268,A,2,6,8,0.10390918557826836,1.2181373427732138,0.12717602556387456
BIN_000269,A,2,6,9,0.10390918557826836,1.5661765835655606,0.14976057730326234
BIN_000270,A,2,7,0,0.17318197596378063,-1.5661765835655606,0.11242401264739096
BIN_000271,A,2,7,1,0.17318197596378063,-1.2181373427732138,0.11376968345852456
BIN_000272,A,2,7,2,0.17318197596378063,-0.870098101980867,0.11780117518277167
BIN_000273,A,2,7,3,0.17318197596378063,-0.5220588611885202,0.12450203832253467
BIN_000274,A,2,7,4,0.17318197596378063,-0.17401962039617339,0.13384522716318545
BIN_000275,A,2,7,5,0.17318197596378063,0.17401962039617339,0.14579363677867574
BIN_000276,A,2,7,6,0.17318197596378063,0.5220588611885202,0.160300820058071
BIN_000277,A,2,7,7,0.17318197596378063,0.870098101980867,0.17731185338899697
BIN_000278,A,2,7,8,0.17318197596378063,1.2181373427732138,0.1967643150701749
BIN_000279,A,2,7,9,0.17318197596378063,1.5661765835655606,0.21858933850536666
BIN_000280,A,2,8,0,0.24245476634929286,-1.5661765835655606,0.18511514773840224
BIN_000281,A,2,8,1,0.24245476634929286,-1.2181373427732138,0.18641279006502703
BIN_000282,A,2,8,2,0.24245476634929286,-0.870098101980867,0.1903007657799129
BIN_000283,A,2,8,3,0.24245476634929286,-0.5220588611885202,0.1967643150701749
BIN_000284,A,2,8,4,0.24245476634929286,-0.17401962039617339,0.2057791473901459
BIN_000285,A,2,8,5,0.24245476634929286,0.17401962039617339,0.21731189103974544
BIN_000286,A,2,8,6,0.24245476634929286,0.5220588611885202,0.23132069542918274
BIN_000287,A,2,8,7,0.24245476634929286,0.870098101980867,0.24775596137405995
BIN_000288,A,2,8,8,0.24245476634929286,1.2181373427732138,0.26656117094647563
BIN_000289,A,2,8,9,0.24245476634929286,1.5661765835655606,0.28767378649145564
BIN_000290,A,2,9,0,0.3117275567348051,-1.5661765835655606,0.25780628282941354
BIN_000291,A,2,9,1,0.3117275567348051,-1.2181373427732138,0.25905920592228354
BIN_000292,A,2,9,2,0.3117275567348051,-0.870098101980867,0.2628135177166671
BIN_000293,A,2,9,3,0.3117275567348051,-0.5220588611885202,0.2690559246770263
BIN_000294,A,2,9,4,0.3117275567348051,-0.17401962039617339,0.27776453073075413
BIN_000295,A,2,9,5,0.3117275567348051,0.17401962039617339,0.2889092159047629
BIN_000296,A,2,9,6,0.3117275567348051,0.5220588611885202,0.3024521450555907
BIN_000297,A,2,9,7,0.3117275567348051,0.870098101980867,0.3183483871639751
BIN_000298,A,2,9,8,0.3117275567348051,1.2181373427732138,0.3365466224750384
BIN_000299,A,2,9,9,0.3117275567348051,1.5661765835655606,0.3569899130088005
BIN_000300,A,3,0,0,0.38100034712031733,-1.5661765835655606,0.3304974179204248
BIN_000301,A,3,0,1,0.38100034712031733,-1.2181373427732138,0.3317086004924086
BIN_000302,A,3,0,2,0.38100034712031733,-0.870098101980867,0.3353381209971178
BIN_000303,A,3,0,3,0.38100034712031733,-0.5220588611885202,0.34137396445836493
BIN_000304,A,3,0,4,0.38100034712031733,-0.17401962039617339,0.34979632555018114
BIN_000305,A,3,0,5,0.38100034712031733,0.17401962039617339,0.3605779292723339
BIN_000306,A,3,0,6,0.38100034712031733,0.5220588611885202,0.373684462955741
BIN_000307,A,3,0,7,0.38100034712031733,0.870098101980867,0.389075104019196
BIN_000308,A,3,0,8,0.38100034712031733,1.2181373427732138,0.4067031252346793
BIN_000309,A,3,0,9,0.38100034712031733,1.5661765835655606,0.42651655768242985
BIN_000310,A,3,1,0,0.4502731375058296,-1.5661765835655606,0.4031885530114361
BIN_000311,A,3,1,1,0.4502731375058296,-1.2181373427732138,0.4043606858281876
BIN_000312,A,3,1,2,0.4502731375058296,-0.870098101980867,0.4078734337188469
BIN_000313,A,3,1,3,0.4502731375058296,-0.5220588611885202,0.4137159016172666
BIN_000314,A,3,1,4,0.4502731375058296,-0.17401962039617339,0.42187011775273836
BIN_000315,A,3,1,5,0.4502731375058296,0.17401962039617339,0.43231130666430145
BIN_000316,A,3,1,6,0.4502731375058296,0.5220588611885202,0.44500825788829096
BIN_000317,A,3,1,7,0.4502731375058296,0.870098101980867,0.4599237778081904
BIN_000318,A,3,1,8,0.4502731375058296,1.2181373427732138,0.4770152099288853
BIN_000319,A,3,1,9,0.4502731375058296,1.5661765835655606,0.496235007442359
BIN_000320,A,3,2,0,0.5195459278913418,-1.5661765835655606,0.47587968810244735
BIN_000321,A,3,2,1,0.5195459278913418,-1.2181373427732138,0.4770152099288853
BIN_000322,A,3,2,2,0.5195459278913418,-0.870098101980867,0.4804184559752078
BIN_000323,A,3,2,3,0.5195459278913418,-0.5220588611885202,0.48607951627210544
BIN_000324,A,3,2,4,0.5195459278913418,-0.17401962039617339,0.4939820336705754
BIN_000325,A,3,2,5,0.5195459278913418,0.17401962039617339,0.5041034374268509
BIN_000326,A,3,2,6,0.5195459278913418,0.5220588611885202,0.5164152593369274
BIN_000327,A,3,2,7,0.5195459278913418,0.870098101980867,0.5308835223093119
BIN_000328,A,3,2,8,0.5195459278913418,1.2181373427732138,0.547469189400342
BIN_000329,A,3,2,9,0.5195459278913418,1.5661765835655606,0.566128660112548
BIN_000330,A,3,3,0,0.5888187182768541,-1.5661765835655606,0.5485708231934586
BIN_000331,A,3,3,1,0.5888187182768541,-1.2181373427732138,0.5496719513019449
BIN_000332,A,3,3,2,0.5888187182768541,-0.870098101980867,0.5529723084690266
BIN_000333,A,3,3,3,0.5888187182768541,-0.5220588611885202,0.5584628546781333
BIN_000334,A,3,3,4,0.5888187182768541,-0.17401962039617339,0.566128660112548
BIN_000335,A,3,3,5,0.5888187182768541,0.17401962039617339,0.5759491059348242
BIN_000336,A,3,3,6,0.5888187182768541,0.5220588611885202,0.58789815656691
BIN_000337,A,3,3,7,0.5888187182768541,0.870098101980867,0.6019446952496647
BIN_000338,A,3,3,8,0.5888187182768541,1.2181373427732138,0.618052913096705
BIN_000339,A,3,3,9,0.5888187182768541,1.5661765835655606,0.6361827407900662
BIN_000340,A,3,4,0,0.6580915086623663,-1.5661765835655606,0.62126195828447
BIN_000341,A,3,4,1,0.6580915086623663,-1.2181373427732138,0.6223307144827882
BIN_000342,A,3,4,2,0.6580915086623663,-0.870098101980867,0.62553421487525
BIN_000343,A,3,4,3,0.6580915086623663,-0.5220588611885202,0.6308641905808833
BIN_000344,A,3,4,4,0.6580915086623663,-0.17401962039617339,0.6383069781494076
BIN_000345,A,3,4,5,0.6580915086623663,0.17401962039617339,0.6478436928993471
BIN_000346,A,3,4,6,0.6580915086623663,0.5220588611885202,0.6594504644152117
BIN_000347,A,3,4,7,0.6580915086623663,0.870098101980867,0.6730987274809732
BIN_000348,A,3,4,8,0.6580915086623663,1.2181373427732138,0.6887555604124297
BIN_000349,A,3,4,9,0.6580915086623663,1.5661765835655606,0.7063840618234194
BIN_000350,A,3,5,0,0.7273642990478786,-1.5661765835655606,0.6939530933754812
BIN_000351,A,3,5,1,0.7273642990478786,-1.2181373427732138,0.6949913263214458
BIN_000352,A,3,5,2,0.7273642990478786,-0.870098101980867,0.6981034872082114
BIN_000353,A,3,5,3,0.7273642990478786,-0.5220588611885202,0.7032819931016688
BIN_000354,A,3,5,4,0.7273642990478786,-0.17401962039617339,0.7105143079678463
BIN_000355,A,3,5,5,0.7273642990478786,0.17401962039617339,0.7197830929401605
BIN_000356,A,3,5,6,0.7273642990478786,0.5220588611885202,0.731066410815218
BIN_000357,A,3,5,7,0.7273642990478786,0.870098101980867,0.7443379792500169
BIN_000358,A,3,5,8,0.7273642990478786,1.2181373427732138,0.7595674660253444
BIN_000359,A,3,5,9,0.7273642990478786,1.5661765835655606,0.776720818935857
BIN_000360,A,3,6,0,0.7966370894333908,-1.5661765835655606,0.7666442284664925
BIN_000361,A,3,6,1,0.7966370894333908,-1.2181373427732138,0.7676536328871663
BIN_000362,A,3,6,2,0.7966370894333908,-0.870098101980867,0.770679513613295
BIN_000363,A,3,6,3,0.7966370894333908,-0.5220588611885202,0.7757148999046252
BIN_000364,A,3,6,4,0.7966370894333908,-0.17401962039617339,0.7827482627000177
BIN_000365,A,3,6,5,0.7966370894333908,0.17401962039617339,0.7917636453949842
BIN_000366,A,3,6,6,0.7966370894333908,0.5220588611885202,0.8027408420887833
BIN_000367,A,3,6,7,0.7966370894333908,0.870098101980867,0.8156556187334346
BIN_000368,A,3,6,8,0.7966370894333908,1.2181373427732138,0.8304799716807325
BIN_000369,A,3,6,9,0.7966370894333908,1.5661765835655606,0.8471824174266245
BIN_000370,A,3,7,0,0.8659098798189031,-1.5661765835655606,0.8393353635575037
BIN_000371,A,3,7,1,0.8659098798189031,-1.2181373427732138,0.8403174968742864
BIN_000372,A,3,7,2,0.8659098798189031,-0.870098101980867,0.8432617481272995
BIN_000373,A,3,7,3,0.8659098798189031,-0.5220588611885202,0.848161694660641
BIN_000374,A,3,7,4,0.8659098798189031,-0.17401962039617339,0.8550067095743245
BIN_000375,A,3,7,5,0.8659098798189031,0.17401962039617339,0.8637820759624708
BIN_000376,A,3,7,6,0.8659098798189031,0.5220588611885202,0.8744691428386772
BIN_000377,A,3,7,7,0.8659098798189031,0.870098101980867,0.8870455189554347
BIN_000378,A,3,7,8,0.8659098798189031,1.2181373427732138,0.9014852999310516
BIN_000379,A,3,7,9,0.8659098798189031,1.5661765835655606,0.9177593234943061
BIN_000380,A,3,8,0,0.9351826702044154,-1.5661765835655606,0.912026498648515
BIN_000381,A,3,8,1,0.9351826702044154,-1.2181373427732138,0.9129827954171532
BIN_000382,A,3,8,2,0.9351826702044154,-0.870098101980867,0.9158497020470642
BIN_000383,A,3,8,3,0.9351826702044154,-0.5220588611885202,0.9206212880275163
BIN_000384,A,3,8,4,0.9351826702044154,-0.17401962039617339,0.9272877370717608
BIN_000385,A,3,8,5,0.9351826702044154,0.17401962039617339,0.9358354472590461
BIN_000386,A,3,8,6,0.9351826702044154,0.5220588611885202,0.9462471678989601
BIN_000387,A,3,8,7,0.9351826702044154,0.870098101980867,0.9585021699534875
BIN_000388,A,3,8,8,0.9351826702044154,1.2181373427732138,0.9725764461779216
BIN_000389,A,3,8,9,0.9351826702044154,1.5661765835655606,0.9884429366193747
BIN_000390,A,3,9,0,1.0044554605899276,-1.5661765835655606,0.9847176337395263
BIN_000391,A,3,9,1,1.0044554605899276,-1.2181373427732138,0.985649418240792
BIN_000392,A,3,9,2,1.0044554605899276,-0.870098101980867,0.9884429366193747
BIN_000393,A,3,9,3,1.0044554605899276,-0.5220588611885202,0.9930927015234746
BIN_000394,A,3,9,4,1.0044554605899276,-0.17401962039617339,0.9995896270347983
BIN_000395,A,3,9,5,1.0044554605899276,0.17401962039617339,1.007921116747404
BIN_000396,A,3,9,6,1.0044554605899276,0.5220588611885202,1.0180711842911323
BIN_000397,A,3,9,7,1.0044554605899276,0.870098101980867,1.0300206036475916
BIN_000398,A,3,9,8,1.0044554605899276,1.2181373427732138,1.043747086032197
BIN_000399,A,3,9,9,1.0044554605899276,1.5661765835655606,1.0592254796629803
BIN_000400,A,4,0,0,1.0737282509754398,-1.5661765835655606,1.0574087688305376
BIN_000401,A,4,0,1,1.0737282509754398,-1.2181373427732138,1.0583172660886515
BIN_000402,A,4,0,2,1.0737282509754398,-0.870098101980867,1.0610410568221853
BIN_000403,A,4,0,3,1.0737282509754398,-0.5220588611885202,1.065575053793934
BIN_000404,A,4,0,4,1.0737282509754398,-0.17401962039617339,1.0719108308811245
BIN_000405,A,4,0,5,1.0737282509754398,0.17401962039617339,1.0800367007906977
BIN_000406,A,4,0,6,1.0737282509754398,0.5220588611885202,1.0899378215210282
BIN_000407,A,4,0,7,1.0737282509754398,0.870098101980867,1.1015963293382287
BIN_000408,A,4,0,8,1.0737282509754398,1.2181373427732138,1.1149914955442928
BIN_000409,A,4,0,9,1.0737282509754398,1.5661765835655606,1.130099903921549
BIN_000410,A,4,1,0,1.1430010413609522,-1.5661765835655606,1.130099903921549
BIN_000411,A,4,1,1,1.1430010413609522,-1.2181373427732138,1.1309862493801726
BIN_000412,A,4,1,2,1.1430010413609522,-0.870098101980867,1.1336437060518167
BIN_000413,A,4,1,3,1.1430010413609522,-0.5220588611885202,1.1380675488677137
BIN_000414,A,4,1,4,1.1430010413609522,-0.17401962039617339,1.1442499492359972
BIN_000415,A,4,1,5,1.1430010413609522,0.17401962039617339,1.1521800438205398
BIN_000416,A,4,1,6,1.1430010413609522,0.5220588611885202,1.1618440288588634
BIN_000417,A,4,1,7,1.1430010413609522,0.870098101980867,1.1732252781332606
BIN_000418,A,4,1,8,1.1430010413609522,1.2181373427732138,1.1863044822886668
BIN_000419,A,4,1,9,1.1430010413609522,1.5661765835655606,1.2010598068496354
BIN_000420,A,4,2,0,1.2122738317464643,-1.5661765835655606,1.2027910390125602
BIN_000421,A,4,2,1,1.2122738317464643,-1.2181373427732138,1.2036562870599226
BIN_000422,A,4,2,2,1.2122738317464643,-0.870098101980867,1.2062505615658776
BIN_000423,A,4,2,3,1.2122738317464643,-0.5220588611885202,1.2105694660748259
BIN_000424,A,4,2,4,1.2122738317464643,-0.17401962039617339,1.2166057144247158
BIN_000425,A,4,2,5,1.2122738317464643,0.17401962039617339,1.2243491917928107
BIN_000426,A,4,2,6,1.2122738317464643,0.5220588611885202,1.2337870384901752
BIN_000427,A,4,2,7,1.2122738317464643,0.870098101980867,1.2449037549052326
BIN_000428,A,4,2,8,1.2122738317464643,1.2181373427732138,1.257681325635362
BIN_000429,A,4,2,9,1.2122738317464643,1.5661765835655606,1.2720993605487307
BIN_000430,A,4,3,0,1.2815466221319765,-1.5661765835655606,1.2754821741035713
BIN_000431,A,4,3,1,1.2815466221319765,-1.2181373427732138,1.276327305607163
BIN_000432,A,4,3,2,1.2815466221319765,-0.870098101980867,1.2788613305594696
BIN_000433,A,4,3,3,1.2815466221319765,-0.5220588611885202,1.2830801513582055
BIN_000434,A,4,3,4,1.2815466221319765,-0.17401962039617339,1.2889769753683822
BIN_000435,A,4,3,5,1.2815466221319765,0.17401962039617339,1.2965423692537692
BIN_000436,A,4,3,6,1.2815466221319765,0.5220588611885202,1.305764333622296
BIN_000437,A,4,3,7,1.2815466221319765,0.870098101980867,1.316628396623491
BIN_000438,A,4,3,8,1.2815466221319765,1.2181373427732138,1.3291177248247583
BIN_000439,A,4,3,9,1.2815466221319765,1.5661765835655606,1.3432132494346987
BIN_000440,A,4,4,0,1.3508194125174888,-1.5661765835655606,1.3481733091945827
BIN_000441,A,4,4,1,1.3508194125174888,-1.2181373427732138,1.3489992381803328
BIN_000442,A,4,4,2,1.3508194125174888,-0.870098101980867,1.3514757467743728
BIN_000443,A,4,4,3,1.3508194125174888,-0.5220588611885202,1.3555990097598796
BIN_000444,A,4,4,4,1.3508194125174888,-0.17401962039617339,1.3613626845074822
BIN_000445,A,4,4,5,1.3508194125174888,0.17401962039617339,1.3687579594582
BIN_000446,A,4,4,6,1.3508194125174888,0.5220588611885202,1.3777736207897109
BIN_000447,A,4,4,7,1.3508194125174888,0.870098101980867,1.3883961361023747
BIN_000448,A,4,4,8,1.3508194125174888,1.2181373427732138,1.4006097536925188
BIN_000449,A,4,4,9,1.3508194125174888,1.5661765835655606,1.414396615754878
BIN_000450,A,4,5,0,1.420092202903001,-1.5661765835655606,1.420864444285594
BIN_000451,A,4,5,1,1.420092202903001,-1.2181373427732138,1.421672023875505
BIN_000452,A,4,5,2,1.420092202903001,-0.870098101980867,1.4240935675586675
BIN_000453,A,4,5,3,1.420092202903001,-0.5220588611885202,1.4281254989006333
BIN_000454,A,4,5,4,1.420092202903001,-0.17401962039617339,1.4337618864432415
BIN_000455,A,4,5,5,1.420092202903001,0.17401962039617339,1.4409944870775007
BIN_000456,A,4,5,6,1.420092202903001,0.5220588611885202,1.449812805730228
BIN_000457,A,4,5,7,1.420092202903001,0.870098101980867,1.4602041703669375
BIN_000458,A,4,5,8,1.420092202903001,1.2181373427732138,1.4721538210805816
BIN_000459,A,4,5,9,1.420092202903001,1.5661765835655606,1.485645011838568
BIN_000460,A,4,6,0,1.4893649932885134,-1.5661765835655606,1.4935555793766053
BIN_000461,A,4,6,1,1.4893649932885134,-1.2181373427732138,1.494345607081471
BIN_000462,A,4,6,2,1.4893649932885134,-0.870098101980867,1.4967145713085235
BIN_000463,A,4,6,3,1.4893649932885134,-0.5220588611885202,1.5006591233033943
BIN_000464,A,4,6,4,1.4893649932885134,-0.17401962039617339,1.5061737080396458
BIN_000465,A,4,6,5,1.4893649932885134,0.17401962039617339,1.5132506031136783
BIN_000466,A,4,6,6,1.4893649932885134,0.5220588611885202,1.521879972308513
BIN_000467,A,4,6,7,1.4893649932885134,0.870098101980867,1.532049932968539
BIN_000468,A,4,6,8,1.4893649932885134,1.2181373427732138,1.5437466361251158
BIN_000469,A,4,6,9,1.4893649932885134,1.5661765835655606,1.5569543581402578
BIN_000470,A,4,7,0,1.5586377836740255,-1.5661765835655606,1.5662467144676164
BIN_000471,A,4,7,1,1.5586377836740255,-1.2181373427732138,1.5670199369170954
BIN_000472,A,4,7,2,1.5586377836740255,-0.870098101980867,1.5693385552354653
BIN_000473,A,4,7,3,1.5586377836740255,-0.5220588611885202,1.5731994294357718
BIN_000474,A,4,7,4,1.5586377836740255,-0.17401962039617339,1.5785973497719772
BIN_000475,A,4,7,5,1.5586377836740255,0.17401962039617339,1.5855250716987177
BIN_000476,A,4,7,6,1.5586377836740255,0.5220588611885202,1.593973364049058
BIN_000477,A,4,7,7,1.5586377836740255,0.870098101980867,1.6039310696900826
BIN_000478,A,4,7,8,1.5586377836740255,1.2181373427732138,1.6153851777401902
BIN_000479,A,4,7,9,1.5586377836740255,1.5661765835655606,1.6283209062805029
BIN_000480,A,4,8,0,1.6279105740595379,-1.5661765835655606,1.6389378495586278
BIN_000481,A,4,8,1,1.6279105740595379,-1.2181373427732138,1.639694966738933
BIN_000482,A,4,8,2,1.6279105740595379,-0.870098101980867,1.64196533341182
BIN_000483,A,4,8,3,1.6279105740595379,-0.5220588611885202,1.645746001367769
BIN_000484,A,4,8,4,1.6279105740595379,-0.17401962039617339,1.6510320781428058
BIN_000485,A,4,8,5,1.6279105740595379,0.17401962039617339,1.6578167585107995
BIN_000486,A,4,8,6,1.6279105740595379,0.5220588611885202,1.6660913679108198
BIN_000487,A,4,8,7,1.6279105740595379,0.870098101980867,1.6758454171691155
BIN_000488,A,4,8,8,1.6279105740595379,1.2181373427732138,1.6870666677216826
BIN_000489,A,4,8,9,1.6279105740595379,1.5661765835655606,1.6997412064103479
BIN_000490,A,4,9,0,1.69718336444505,-1.5661765835655606,1.711628984649639
BIN_000491,A,4,9,1,1.69718336444505,-1.2181373427732138,1.7123706537091004
BIN_000492,A,4,9,2,1.69718336444505,-0.870098101980867,1.714594735054763
BIN_000493,A,4,9,3,1.69718336444505,-0.5220588611885202,1.7182984569574855
BIN_000494,A,4,9,4,1.69718336444505,-0.17401962039617339,1.7234772190151375
BIN_000495,A,4,9,5,1.69718336444505,0.17401962039617339,1.7301246205815692
BIN_000496,A,4,9,6,1.69718336444505,0.5220588611885202,1.7382324999936019
BIN_000497,A,4,9,7,1.69718336444505,0.870098101980867,1.7477909840401902
BIN_000498,A,4,9,8,1.69718336444505,1.2181373427732138,1.7587885469837021
BIN_000499,A,4,9,9,1.69718336444505,1.5661765835655606,1.771212078326084
BIN_000500,B,0,0,0,-1.69718336444505,-1.5661765835655606,-1.8502366348099135
BIN_000501,B,0,0,1,-1.69718336444505,-1.2181373427732138,-1.7775454997189022
BIN_000502,B,0,0,2,-1.69718336444505,-0.870098101980867,-1.704854364627891
BIN_000503,B,0,0,3,-1.69718336444505,-0.5220588611885202,-1.6321632295368798
BIN_000504,B,0,0,4,-1.69718336444505,-0.17401962039617339,-1.5594720944458684
BIN_000505,B,0,0,5,-1.69718336444505,0.17401962039617339,-1.486780959354857
BIN_000506,B,0,0,6,-1.69718336444505,0.5220588611885202,-1.414089824263846
BIN_000507,B,0,0,7,-1.69718336444505,0.870098101980867,-1.3413986891728347
BIN_000508,B,0,0,8,-1.69718336444505,1.2181373427732138,-1.2687075540818233
BIN_000509,B,0,0,9,-1.69718336444505,1.5661765835655606,-1.196016418990812
BIN_000510,B,0,1,0,-1.6279105740595379,-1.5661765835655606,-1.7775454997189022
BIN_000511,B,0,1,1,-1.6279105740595379,-1.2181373427732138,-1.7474358456999106
BIN_000512,B,0,1,2,-1.6279105740595379,-0.870098101980867,-1.6876943153847919
BIN_000513,B,0,1,3,-1.6279105740595379,-0.5220588611885202,-1.620367082219327
BIN_000514,B,0,1,4,-1.6279105740595379,-0.17401962039617339,-1.5505234067836315
BIN_000515,B,0,1,5,-1.6279105740595379,0.17401962039617339,-1.4795831185156376
BIN_000516,B,0,1,6,-1.6279105740595379,0.5220588611885202,-1.4080737219934643
BIN_000517,B,0,1,7,-1.6279105740595379,0.870098101980867,-1.3362326892598988
BIN_000518,B,0,1,8,-1.6279105740595379,1.2181373427732138,-1.2641819676897914
BIN_000519,B,0,1,9,-1.6279105740595379,1.5661765835655606,-1.1919904104324308
BIN_000520,B,0,2,0,-1.5586377836740255,-1.5661765835655606,-1.704854364627891
BIN_000521,B,0,2,1,-1.5586377836740255,-1.2181373427732138,-1.6876943153847919
BIN_000522,B,0,2,2,-1.5586377836740255,-0.870098101980867,-1.6446350565899075
BIN_000523,B,0,2,3,-1.5586377836740255,-0.5220588611885202,-1.5881450199675928
BIN_000524,B,0,2,4,-1.5586377836740255,-0.17401962039617339,-1.5251519959596704
BIN_000525,B,0,2,5,-1.5586377836740255,0.17401962039617339,-1.4587828923271395
BIN_000526,B,0,2,6,-1.5586377836740255,0.5220588611885202,-1.39049752962874
BIN_000527,B,0,2,7,-1.5586377836740255,0.870098101980867,-1.3210371833708163
BIN_000528,B,0,2,8,-1.5586377836740255,1.2181373427732138,-1.2508101787573496
BIN_000529,B,0,2,9,-1.5586377836740255,1.5661765835655606,-1.1800574831872517
BIN_000530,B,0,3,0,-1.4893649932885134,-1.5661765835655606,-1.6321632295368798
BIN_000531,B,0,3,1,-1.4893649932885134,-1.2181373427732138,-1.620367082219327
BIN_000532,B,0,3,2,-1.4893649932885134,-0.870098101980867,-1.5881450199675928
BIN_000533,B,0,3,3,-1.4893649932885134,-0.5220588611885202,-1.5418342674799048
BIN_000534,B,0,3,4,-1.4893649932885134,-0.17401962039617339,-1.486780959354857
BIN_000535,B,0,3,5,-1.4893649932885134,0.17401962039617339,-1.4263781229125256
BIN_000536,B,0,3,6,-1.4893649932885134,0.5220588611885202,-1.3626096765345488
BIN_000537,B,0,3,7,-1.4893649932885134,0.870098101980867,-1.2966374431490697
BIN_000538,B,0,3,8,-1.4893649932885134,1.2181373427732138,-1.2291633043409305
BIN_000539,B,0,3,9,-1.4893649932885134,1.5661765835655606,-1.1606279770381533
BIN_000540,B,0,4,0,-1.420092202903001,-1.5661765835655606,-1.5594720944458684
BIN_000541,B,0,4,1,-1.420092202903001,-1.2181373427732138,-1.5505234067836315
BIN_000542,B,0,4,2,-1.420092202903001,-0.870098101980867,-1.5251519959596704
BIN_000543,B,0,4,3,-1.420092202903001,-0.5220588611885202,-1.486780959354857
BIN_000544,B,0,4,4,-1.420092202903001,-0.17401962039617339,-1.4390334783699017
BIN_000545,B,0,4,5,-1.420092202903001,0.17401962039617339,-1.3847862658621537
BIN_000546,B,0,4,6,-1.420092202903001,0.5220588611885202,-1.3260534051252717
BIN_000547,B,0,4,7,-1.420092202903001,0.870098101980867,-1.2641819676897914
BIN_000548,B,0,4,8,-1.420092202903001,1.2181373427732138,-1.2000673571094271
BIN_000549,B,0,4,9,-1.420092202903001,1.5661765835655606,-1.1343119818473926
BIN_000550,B,0,5,0,-1.3508194125174888,-1.5661765835655606,-1.486780959354857
BIN_000551,B,0,5,1,-1.3508194125174888,-1.2181373427732138,-1.4795831185156376
BIN_000552,B,0,5,2,-1.3508194125174888,-0.870098101980867,-1.4587828923271395
BIN_000553,B,0,5,3,-1.3508194125174888,-0.5220588611885202,-1.4263781229125256
BIN_000554,B,0,5,4,-1.3508194125174888,-0.17401962039617339,-1.3847862658621537
BIN_000555,B,0,5,5,-1.3508194125174888,0.17401962039617339,-1.3362326892598988
BIN_000556,B,0,5,6,-1.3508194125174888,0.5220588611885202,-1.282500720524056
BIN_000557,B,0,5,7,-1.3508194125174888,0.870098101980867,-1.2249238467264982
BIN_000558,B,0,5,8,-1.3508194125174888,1.2181373427732138,-1.1644698378935356
BIN_000559,B,0,5,9,-1.3508194125174888,1.5661765835655606,-1.10183559338434
BIN_000560,B,0,6,0,-1.2815466221319765,-1.5661765835655606,-1.414089824263846
BIN_000561,B,0,6,1,-1.2815466221319765,-1.2181373427732138,-1.4080737219934643
BIN_000562,B,0,6,2,-1.2815466221319765,-0.870098101980867,-1.39049752962874
BIN_000563,B,0,6,3,-1.2815466221319765,-0.5220588611885202,-1.3626096765345488
BIN_000564,B,0,6,4,-1.2815466221319765,-0.17401962039617339,-1.3260534051252717
BIN_000565,B,0,6,5,-1.2815466221319765,0.17401962039617339,-1.282500720524056
BIN_000566,B,0,6,6,-1.2815466221319765,0.5220588611885202,-1.233431900149896
BIN_000567,B,0,6,7,-1.2815466221319765,0.870098101980867,-1.1800574831872517
BIN_000568,B,0,6,8,-1.2815466221319765,1.2181373427732138,-1.1233252838998007
BIN_000569,B,0,6,9,-1.2815466221319765,1.5661765835655606,-1.063961790282951
BIN_000570,B,0,7,0,-1.2122738317464643,-1.5661765835655606,-1.3413986891728347
BIN_000571,B,0,7,1,-1.2122738317464643,-1.2181373427732138,-1.3362326892598988
BIN_000572,B,0,7,2,-1.2122738317464643,-0.870098101980867,-1.3210371833708163
BIN_000573,B,0,7,3,-1.2122738317464643,-0.5220588611885202,-1.2966374431490697
BIN_000574,B,0,7,4,-1.2122738317464643,-0.17401962039617339,-1.2641819676897914
BIN_000575,B,0,7,5,-1.2122738317464643,0.17401962039617339,-1.2249238467264982
BIN_000576,B,0,7,6,-1.2122738317464643,0.5220588611885202,-1.1800574831872517
BIN_000577,B,0,7,7,-1.2122738317464643,0.870098101980867,-1.130631111039893
BIN_000578,B,0,7,8,-1.2122738317464643,1.2181373427732138,-1.0775192694992712
BIN_000579,B,0,7,9,-1.2122738317464643,1.5661765835655606,-1.0214301762765872
BIN_000580,B,0,8,0,-1.1430010413609522,-1.5661765835655606,-1.2687075540818233
BIN_000581,B,0,8,1,-1.1430010413609522,-1.2181373427732138,-1.2641819676897914
BIN_000582,B,0,8,2,-1.1430010413609522,-0.870098101980867,-1.2508101787573496
BIN_000583,B,0,8,3,-1.1430010413609522,-0.5220588611885202,-1.2291633043409305
BIN_000584,B,0,8,4,-1.1430010413609522,-0.17401962039617339,-1.2000673571094271
BIN_000585,B,0,8,5,-1.1430010413609522,0.17401962039617339,-1.1644698378935356
BIN_000586,B,0,8,6,-1.1430010413609522,0.5220588611885202,-1.1233252838998007
BIN_000587,B,0,8,7,-1.1430010413609522,0.870098101980867,-1.0775192694992712
BIN_000588,B,0,8,8,-1.1430010413609522,1.2181373427732138,-1.0278303219298899
BIN_000589,B,0,8,9,-1.1430010413609522,1.5661765835655606,-0.9749194565717337
BIN_000590,B,0,9,0,-1.0737282509754398,-1.5661765835655606,-1.196016418990812
BIN_000591,B,0,9,1,-1.0737282509754398,-1.2181373427732138,-1.1919904104324308
BIN_000592,B,0,9,2,-1.0737282509754398,-0.870098101980867,-1.1800574831872517
BIN_000593,B,0,9,3,-1.0737282509754398,-0.5220588611885202,-1.1606279770381533
BIN_000594,B,0,9,4,-1.0737282509754398,-0.17401962039617339,-1.1343119818473926
BIN_000595,B,0,9,5,-1.0737282509754398,0.17401962039617339,-1.10183559338434
BIN_000596,B,0,9,6,-1.0737282509754398,0.5220588611885202,-1.063961790282951
BIN_000597,B,0,9,7,-1.0737282509754398,0.870098101980867,-1.0214301762765872
BIN_000598,B,0,9,8,-1.0737282509754398,1.2181373427732138,-0.9749194565717337
BIN_000599,B,0,9,9,-1.0737282509754398,1.5661765835655606,-0.925029532819887
BIN_000600,B,1,0,0,-1.0044554605899276,-1.5661765835655606,-1.1233252838998007
BIN_000601,B,1,0,1,-1.0044554605899276,-1.2181373427732138,-1.1196997683871541
BIN_000602,B,1,0,2,-1.0044554605899276,-0.870098101980867,-1.1089296022213622
BIN_000603,B,1,0,3,-1.0044554605899276,-0.5220588611885202,-1.0913189039791324
BIN_000604,B,1,0,4,-1.0044554605899276,-0.17401962039617339,-1.0673291498443658
BIN_000605,B,1,0,5,-1.0044554605899276,0.17401962039617339,-1.0375250376843057
BIN_000606,B,1,0,6,-1.0044554605899276,0.5220588611885202,-1.0025196110151378
BIN_000607,B,1,0,7,-1.0044554605899276,0.870098101980867,-0.9629282515506726
BIN_000608,B,1,0,8,-1.0044554605899276,1.2181373427732138,-0.9193358969143941
BIN_000609,B,1,0,9,-1.0044554605899276,1.5661765835655606,-0.8722774317404006
BIN_000610,B,1,1,0,-0.9351826702044154,-1.5661765835655606,-1.0506341488087896
BIN_000611,B,1,1,1,-0.9351826702044154,-1.2181373427732138,-1.0473368049805647
BIN_000612,B,1,1,2,-0.9351826702044154,-0.870098101980867,-1.0375250376843057
BIN_000613,B,1,1,3,-0.9351826702044154,-0.5220588611885202,-1.0214301762765872
BIN_000614,B,1,1,4,-0.9351826702044154,-0.17401962039617339,-0.9994087124000456
BIN_000615,B,1,1,5,-0.9351826702044154,0.17401962039617339,-0.9719063076324506
BIN_000616,B,1,1,6,-0.9351826702044154,0.5220588611885202,-0.9394193227386699
BIN_000617,B,1,1,7,-0.9351826702044154,0.870098101980867,-0.9024601893654507
BIN_000618,B,1,1,8,-0.9351826702044154,1.2181373427732138,-0.8615303046230195
BIN_000619,B,1,1,9,-0.9351826702044154,1.5661765835655606,-0.817101490501305
BIN_000620,B,1,2,0,-0.8659098798189031,-1.5661765835655606,-0.9779430137177783
BIN_000621,B,1,2,1,-0.8659098798189031,-1.2181373427732138,-0.9749194565717337
BIN_000622,B,1,2,2,-0.8659098798189031,-0.870098101980867,-0.9659108091770146
BIN_000623,B,1,2,3,-0.8659098798189031,-0.5220588611885202,-0.9510969507310678
BIN_000624,B,1,2,4,-0.8659098798189031,-0.17401962039617339,-0.9307584244475666
BIN_000625,B,1,2,5,-0.8659098798189031,0.17401962039617339,-0.9052518786267669
BIN_000626,B,1,2,6,-0.8659098798189031,0.5220588611885202,-0.874982718259184
BIN_000627,B,1,2,7,-0.8659098798189031,0.870098101980867,-0.8403791120285102
BIN_000628,B,1,2,8,-0.8659098798189031,1.2181373427732138,-0.8018701754406301
BIN_000629,B,1,2,9,-0.8659098798189031,1.5661765835655606,-0.7598696084447444
BIN_000630,B,1,3,0,-0.7966370894333908,-1.5661765835655606,-0.9052518786267669
BIN_000631,B,1,3,1,-0.7966370894333908,-1.2181373427732138,-0.9024601893654507
BIN_000632,B,1,3,2,-0.7966370894333908,-0.870098101980867,-0.8941340284428985
BIN_000633,B,1,3,3,-0.7966370894333908,-0.5220588611885202,-0.8804159299856157
BIN_000634,B,1,3,4,-0.7966370894333908,-0.17401962039617339,-0.8615303046230195
BIN_000635,B,1,3,5,-0.7966370894333908,0.17401962039617339,-0.8377662809530649
BIN_000636,B,1,3,6,-0.7966370894333908,0.5220588611885202,-0.8094579696903655
BIN_000637,B,1,3,7,-0.7966370894333908,0.870098101980867,-0.7769648871436089
BIN_000638,B,1,3,8,-0.7966370894333908,1.2181373427732138,-0.740654613888982
BIN_000639,B,1,3,9,-0.7966370894333908,1.5661765835655606,-0.70088887185698
BIN_000640,B,1,4,0,-0.7273642990478786,-1.5661765835655606,-0.8325607435357557
BIN_000641,B,1,4,1,-0.7273642990478786,-1.2181373427732138,-0.8299679345150003
BIN_000642,B,1,4,2,-0.7273642990478786,-0.870098101980867,-0.8222287437098839
BIN_000643,B,1,4,3,-0.7273642990478786,-0.5220588611885202,-0.8094579696903655
BIN_000644,B,1,4,4,-0.7273642990478786,-0.17401962039617339,-0.7918377319317189
BIN_000645,B,1,4,5,-0.7273642990478786,0.17401962039617339,-0.7696052232263232
BIN_000646,B,1,4,6,-0.7273642990478786,0.5220588611885202,-0.7430382514882259
BIN_000647,B,1,4,7,-0.7273642990478786,0.870098101980867,-0.7124403988340624
BIN_000648,B,1,4,8,-0.7273642990478786,1.2181373427732138,-0.6781273005696691
BIN_000649,B,1,4,9,-0.7273642990478786,1.5661765835655606,-0.6404150320655074
BIN_000650,B,1,5,0,-0.6580915086623663,-1.5661765835655606,-0.7598696084447444
BIN_000651,B,1,5,1,-0.6580915086623663,-1.2181373427732138,-0.7574492569063979
BIN_000652,B,1,5,2,-0.6580915086623663,-0.870098101980867,-0.7502201546298664
BIN_000653,B,1,5,3,-0.6580915086623663,-0.5220588611885202,-0.7382760859270863
BIN_000654,B,1,5,4,-0.6580915086623663,-0.17401962039617339,-0.7217667547876172
BIN_000655,B,1,5,5,-0.6580915086623663,0.17401962039617339,-0.70088887185698
BIN_000656,B,1,5,6,-0.6580915086623663,0.5220588611885202,-0.6758754073615919
BIN_000657,B,1,5,7,-0.6580915086623663,0.870098101980867,-0.646984247692155
BIN_000658,B,1,5,8,-0.6580915086623663,1.2181373427732138,-0.6144873382627218
BIN_000659,B,1,5,9,-0.6580915086623663,1.5661765835655606,-0.5786610991177499
BIN_000660,B,1,6,0,-0.5888187182768541,-1.5661765835655606,-0.687178473353733
BIN_000661,B,1,6,1,-0.5888187182768541,-1.2181373427732138,-0.6849090894173528
BIN_000662,B,1,6,2,-0.5888187182768541,-0.870098101980867,-0.6781273005696691
BIN_000663,B,1,6,3,-0.5888187182768541,-0.5220588611885202,-0.6669106877364931
BIN_000664,B,1,6,4,-0.5888187182768541,-0.17401962039617339,-0.6513837227047858
BIN_000665,B,1,6,5,-0.5888187182768541,0.17401962039617339,-0.6317111673081784
BIN_000666,B,1,6,6,-0.5888187182768541,0.5220588611885202,-0.6080899738719477
BIN_000667,B,1,6,7,-0.5888187182768541,0.870098101980867,-0.580740537198742
BIN_000668,B,1,6,8,-0.5888187182768541,1.2181373427732138,-0.5498980794089409
BIN_000669,B,1,6,9,-0.5888187182768541,1.5661765835655606,-0.5158047790314993
BIN_000670,B,1,7,0,-0.5195459278913418,-1.5661765835655606,-0.6144873382627218
BIN_000671,B,1,7,1,-0.5195459278913418,-1.2181373427732138,-0.6123512099673318
BIN_000672,B,1,7,2,-0.5195459278913418,-0.870098101980867,-0.605964828330253
BIN_000673,B,1,7,3,-0.5195459278913418,-0.5220588611885202,-0.5953930851973509
BIN_000674,B,1,7,4,-0.5195459278913418,-0.17401962039617339,-0.580740537198742
BIN_000675,B,1,7,5,-0.5195459278913418,0.17401962039617339,-0.5621464392345531
BIN_000676,B,1,7,6,-0.5195459278913418,0.5220588611885202,-0.5397785605983095
BIN_000677,B,1,7,7,-0.5195459278913418,0.870098101980867,-0.5138263763798752
BIN_000678,B,1,7,8,-0.5195459278913418,1.2181373427732138,-0.4844942009486321
BIN_000679,B,1,7,9,-0.5195459278913418,1.5661765835655606,-0.4519947334554767
BIN_000680,B,1,8,0,-0.4502731375058296,-1.5661765835655606,-0.5417962031717105
BIN_000681,B,1,8,1,-0.4502731375058296,-1.2181373427732138,-0.5397785605983095
BIN_000682,B,1,8,2,-0.4502731375058296,-0.870098101980867,-0.5337441860549479
BIN_000683,B,1,8,3,-0.4502731375058296,-0.5220588611885202,-0.5237478963605652
BIN_000684,B,1,8,4,-0.4502731375058296,-0.17401962039617339,-0.5098783315645908
BIN_000685,B,1,8,5,-0.4502731375058296,0.17401962039617339,-0.4922541639487985
BIN_000686,B,1,8,6,-0.4502731375058296,0.5220588611885202,-0.47101931926639296
BIN_000687,B,1,8,7,-0.4502731375058296,0.870098101980867,-0.44633762915967445
BIN_000688,B,1,8,8,-0.4502731375058296,1.2181373427732138,-0.4183873288848716
BIN_000689,B,1,8,9,-0.4502731375058296,1.5661765835655606,-0.38735575998381927
BIN_000690,B,1,9,0,-0.38100034712031733,-1.5661765835655606,-0.46910506808069924
BIN_000691,B,1,9,1,-0.38100034712031733,-1.2181373427732138,-0.46719346638142467
BIN_000692,B,1,9,2,-0.38100034712031733,-0.870098101980867,-0.46147444886907635
BIN_000693,B,1,9,3,-0.38100034712031733,-0.5220588611885202,-0.4519947334554767
BIN_000694,B,1,9,4,-0.38100034712031733,-0.17401962039617339,-0.43883009431599596
BIN_000695,B,1,9,5,-0.38100034712031733,0.17401962039617339,-0.42208243002795615
BIN_000696,B,1,9,6,-0.38100034712031733,0.5220588611885202,-0.40187602882623713
BIN_000697,B,1,9,7,-0.38100034712031733,0.870098101980867,-0.3783533311692829
BIN_000698,B,1,9,8,-0.38100034712031733,1.2181373427732138,-0.3516704946785038
BIN_000699,B,1,9,9,-0.38100034712031733,1.5661765835655606,-0.32199303662201795
BIN_000700,B,2,0,0,-0.3117275567348051,-1.5661765835655606,-0.39641393298968797
BIN_000701,B,2,0,1,-0.3117275567348051,-1.2181373427732138,-0.3945977889938641
BIN_000702,B,2,0,2,-0.3117275567348051,-0.870098101980867,-0.38916290196439457
BIN_000703,B,2,0,3,-0.3117275567348051,-0.5220588611885202,-0.38014940664444263
BIN_000704,B,2,0,4,-0.3117275567348051,-0.17401962039617339,-0.3676225696328109
BIN_000705,B,2,0,5,-0.3117275567348051,0.17401962039617339,-0.3516704946785038
BIN_000706,B,2,0,6,-0.3117275567348051,0.5220588611885202,-0.33240117314835116
BIN_000707,B,2,0,7,-0.3117275567348051,0.870098101980867,-0.3099390975632868
BIN_000708,B,2,0,8,-0.3117275567348051,1.2181373427732138,-0.2844216648788182
BIN_000709,B,2,0,9,-0.3117275567348051,1.5661765835655606,-0.25599558054169147
BIN_000710,B,2,1,0,-0.24245476634929286,-1.5661765835655606,-0.3237227978986767
BIN_000711,B,2,1,1,-0.24245476634929286,-1.2181373427732138,-0.32199303662201795
BIN_000712,B,2,1,2,-0.24245476634929286,-0.870098101980867,-0.3168154601925989
BIN_000713,B,2,1,3,-0.24245476634929286,-0.5220588611885202,-0.30822479815986914
BIN_000714,B,2,1,4,-0.24245476634929286,-0.17401962039617339,-0.2962776545872758
BIN_000715,B,2,1,5,-0.24245476634929286,0.17401962039617339,-0.2810506922581846
BIN_000716,B,2,1,6,-0.24245476634929286,0.5220588611885202,-0.2626382804926216
BIN_000717,B,2,1,7,-0.24245476634929286,0.870098101980867,-0.24114976667580687
BIN_000718,B,2,1,8,-0.24245476634929286,1.2181373427732138,-0.21670654141893972
BIN_000719,B,2,1,9,-0.24245476634929286,1.5661765835655606,-0.18943905982738152
BIN_000720,B,2,2,0,-0.17318197596378063,-1.5661765835655606,-0.2510316628076654
BIN_000721,B,2,2,1,-0.17318197596378063,-1.2181373427732138,-0.24938044401777043
BIN_000722,B,2,2,2,-0.17318197596378063,-0.870098101980867,-0.24443697515121593
BIN_000723,B,2,2,3,-0.17318197596378063,-0.5220588611885202,-0.23623150701010132
BIN_000724,B,2,2,4,-0.17318197596378063,-0.17401962039617339,-0.22481344055869792
BIN_000725,B,2,2,5,-0.17318197596378063,0.17401962039617339,-0.21024987556543617
BIN_000726,B,2,2,6,-0.17318197596378063,0.5220588611885202,-0.19262371774326065
BIN_000727,B,2,2,7,-0.17318197596378063,0.870098101980867,-0.17203146338513386
BIN_000728,B,2,2,8,-0.17318197596378063,1.2181373427732138,-0.14858078999017763
BIN_000729,B,2,2,9,-0.17318197596378063,1.5661765835655606,-0.12238807858077973
BIN_000730,B,2,3,0,-0.10390918557826836,-1.5661765835655606,-0.17834052771665415
BIN_000731,B,2,3,1,-0.10390918557826836,-1.2181373427732138,-0.1767610317506951
BIN_000732,B,2,3,2,-0.10390918557826836,-0.870098101980867,-0.17203146338513386
BIN_000733,B,2,3,3,-0.10390918557826836,-0.5220588611885202,-0.1641783312507003
BIN_000734,B,2,3,4,-0.10390918557826836,-0.17401962039617339,-0.15324499934239894
BIN_000735,B,2,3,5,-0.10390918557826836,0.17401962039617339,-0.1392905161568197
BIN_000736,B,2,3,6,-0.10390918557826836,0.5220588611885202,-0.12238807858077973
BIN_000737,B,2,3,7,-0.10390918557826836,0.870098101980867,-0.10262321993986363
BIN_000738,B,2,3,8,-0.10390918557826836,1.2181373427732138,-0.08009182021251667
BIN_000739,B,2,3,9,-0.10390918557826836,1.5661765835655606,-0.05489803618847609
BIN_000740,B,2,4,0,-0.034636395192756124,-1.5661765835655606,-0.10564939262564287
BIN_000741,B,2,4,1,-0.034636395192756124,-1.2181373427732138,-0.10413565069904646
BIN_000742,B,2,4,2,-0.034636395192756124,-0.870098101980867,-0.0996022783335539
BIN_000743,B,2,4,3,-0.034636395192756124,-0.5220588611885202,-0.09207263344954683
BIN_000744,B,2,4,4,-0.034636395192756124,-0.17401962039617339,-0.08158498354411552
BIN_000745,B,2,4,5,-0.034636395192756124,0.17401962039617339,-0.06819155299727594
BIN_000746,B,2,4,6,-0.034636395192756124,0.5220588611885202,-0.051957266652222056
BIN_000747,B,2,4,7,-0.034636395192756124,0.870098101980867,-0.032958257534631594
BIN_000748,B,2,4,8,-0.034636395192756124,1.2181373427732138,-0.011280214085219446
BIN_000749,B,2,4,9,-0.034636395192756124,1.5661765835655606,0.0129833565970356
BIN_000750,B,2,5,0,0.034636395192756124,-1.5661765835655606,-0.032958257534631594
BIN_000751,B,2,5,1,0.034636395192756124,-1.2181373427732138,-0.0315050158971335
BIN_000752,B,2,5,2,0.034636395192756124,-0.870098101980867,-0.027152241536919437
BIN_000753,B,2,5,3,0.034636395192756124,-0.5220588611885202,-0.019920620947919524
BIN_000754,B,2,5,4,0.034636395192756124,-0.17401962039617339,-0.009844090148477242
BIN_000755,B,2,5,5,0.034636395192756124,0.17401962039617339,0.0030309466614651605
BIN_000756,B,2,5,6,0.034636395192756124,0.5220588611885202,0.018646652306162248
BIN_000757,B,2,5,7,0.034636395192756124,0.870098101980867,0.03693499369461791
BIN_000758,B,2,5,8,0.034636395192756124,1.2181373427732138,0.05781912230116733
BIN_000759,B,2,5,9,0.034636395192756124,1.5661765835655606,0.08121483786515062
BIN_000760,B,2,6,0,0.10390918557826836,-1.5661765835655606,0.039732877556379685
BIN_000761,B,2,6,1,0.10390918557826836,-1.2181373427732138,0.0411302674052289
BIN_000762,B,2,6,2,0.10390918557826836,-0.870098101980867,0.04531625607901237
BIN_000763,B,2,6,3,0.10390918557826836,-0.5220588611885202,0.05227243685346777
BIN_000764,B,2,6,4,0.10390918557826836,-0.17401962039617339,0.06196857792411689
BIN_000765,B,2,6,5,0.10390918557826836,0.17401962039617339,0.0743632679476896
BIN_000766,B,2,6,6,0.10390918557826836,0.5220588611885202,0.08940477483868228
BIN_000767,B,2,6,7,0.10390918557826836,0.870098101980867,0.10703207760395606
BIN_000768,B,2,6,8,0.10390918557826836,1.2181373427732138,0.12717602556387456
BIN_000769,B,2,6,9,0.10390918557826836,1.5661765835655606,0.14976057730326234
BIN_000770,B,2,7,0,0.17318197596378063,-1.5661765835655606,0.11242401264739096
BIN_000771,B,2,7,1,0.17318197596378063,-1.2181373427732138,0.11376968345852456
BIN_000772,B,2,7,2,0.17318197596378063,-0.870098101980867,0.11780117518277167
BIN_000773,B,2,7,3,0.17318197596378063,-0.5220588611885202,0.12450203832253467
BIN_000774,B,2,7,4,0.17318197596378063,-0.17401962039617339,0.13384522716318545
BIN_000775,B,2,7,5,0.17318197596378063,0.17401962039617339,0.14579363677867574
BIN_000776,B,2,7,6,0.17318197596378063,0.5220588611885202,0.160300820058071
BIN_000777,B,2,7,7,0.17318197596378063,0.870098101980867,0.17731185338899697
BIN_000778,B,2,7,8,0.17318197596378063,1.2181373427732138,0.1967643150701749
BIN_000779,B,2,7,9,0.17318197596378063,1.5661765835655606,0.21858933850536666
BIN_000780,B,2,8,0,0.24245476634929286,-1.5661765835655606,0.18511514773840224
BIN_000781,B,2,8,1,0.24245476634929286,-1.2181373427732138,0.18641279006502703
BIN_000782,B,2,8,2,0.24245476634929286,-0.870098101980867,0.1903007657799129
BIN_000783,B,2,8,3,0.24245476634929286,-0.5220588611885202,0.1967643150701749
BIN_000784,B,2,8,4,0.24245476634929286,-0.17401962039617339,0.2057791473901459
BIN_000785,B,2,8,5,0.24245476634929286,0.17401962039617339,0.21731189103974544
BIN_000786,B,2,8,6,0.24245476634929286,0.5220588611885202,0.23132069542918274
BIN_000787,B,2,8,7,0.24245476634929286,0.870098101980867,0.24775596137405995
BIN_000788,B,2,8,8,0.24245476634929286,1.2181373427732138,0.26656117094647563
BIN_000789,B,2,8,9,0.24245476634929286,1.5661765835655606,0.28767378649145564
BIN_000790,B,2,9,0,0.3117275567348051,-1.5661765835655606,0.25780628282941354
BIN_000791,B,2,9,1,0.3117275567348051,-1.2181373427732138,0.25905920592228354
BIN_000792,B,2,9,2,0.3117275567348051,-0.870098101980867,0.2628135177166671
BIN_000793,B,2,9,3,0.3117275567348051,-0.5220588611885202,0.2690559246770263
BIN_000794,B,2,9,4,0.3117275567348051,-0.17401962039617339,0.27776453073075413
BIN_000795,B,2,9,5,0.3117275567348051,0.17401962039617339,0.2889092159047629
BIN_000796,B,2,9,6,0.3117275567348051,0.5220588611885202,0.3024521450555907
BIN_000797,B,2,9,7,0.3117275567348051,0.870098101980867,0.3183483871639751
BIN_000798,B,2,9,8,0.3117275567348051,1.2181373427732138,0.3365466224750384
BIN_000799,B,2,9,9,0.3117275567348051,1.5661765835655606,0.3569899130088005
BIN_000800,B,3,0,0,0.38100034712031733,-1.5661765835655606,0.3304974179204248
BIN_000801,B,3,0,1,0.38100034712031733,-1.2181373427732138,0.3317086004924086
BIN_000802,B,3,0,2,0.38100034712031733,-0.870098101980867,0.3353381209971178
BIN_000803,B,3,0,3,0.38100034712031733,-0.5220588611885202,0.34137396445836493
BIN_000804,B,3,0,4,0.38100034712031733,-0.17401962039617339,0.34979632555018114
BIN_000805,B,3,0,5,0.38100034712031733,0.17401962039617339,0.3605779292723339
BIN_000806,B,3,0,6,0.38100034712031733,0.5220588611885202,0.373684462955741
BIN_000807,B,3,0,7,0.38100034712031733,0.870098101980867,0.389075104019196
BIN_000808,B,3,0,8,0.38100034712031733,1.2181373427732138,0.4067031252346793
BIN_000809,B,3,0,9,0.38100034712031733,1.5661765835655606,0.42651655768242985
BIN_000810,B,3,1,0,0.4502731375058296,-1.5661765835655606,0.4031885530114361
BIN_000811,B,3,1,1,0.4502731375058296,-1.2181373427732138,0.4043606858281876
BIN_000812,B,3,1,2,0.4502731375058296,-0.870098101980867,0.4078734337188469
BIN_000813,B,3,1,3,0.4502731375058296,-0.5220588611885202,0.4137159016172666
BIN_000814,B,3,1,4,0.4502731375058296,-0.17401962039617339,0.42187011775273836
BIN_000815,B,3,1,5,0.4502731375058296,0.17401962039617339,0.43231130666430145
BIN_000816,B,3,1,6,0.4502731375058296,0.5220588611885202,0.44500825788829096
BIN_000817,B,3,1,7,0.4502731375058296,0.870098101980867,0.4599237778081904
BIN_000818,B,3,1,8,0.4502731375058296,1.2181373427732138,0.4770152099288853
BIN_000819,B,3,1,9,0.4502731375058296,1.5661765835655606,0.496235007442359
BIN_000820,B,3,2,0,0.5195459278913418,-1.5661765835655606,0.47587968810244735
BIN_000821,B,3,2,1,0.5195459278913418,-1.2181373427732138,0.4770152099288853
BIN_000822,B,3,2,2,0.5195459278913418,-0.870098101980867,0.4804184559752078
BIN_000823,B,3,2,3,0.5195459278913418,-0.5220588611885202,0.48607951627210544
BIN_000824,B,3,2,4,0.5195459278913418,-0.17401962039617339,0.4939820336705754
BIN_000825,B,3,2,5,0.5195459278913418,0.17401962039617339,0.5041034374268509
BIN_000826,B,3,2,6,0.5195459278913418,0.5220588611885202,0.5164152593369274
BIN_000827,B,3,2,7,0.5195459278913418,0.870098101980867,0.5308835223093119
BIN_000828,B,3,2,8,0.5195459278913418,1.2181373427732138,0.547469189400342
BIN_000829,B,3,2,9,0.5195459278913418,1.5661765835655606,0.566128660112548
BIN_000830,B,3,3,0,0.5888187182768541,-1.5661765835655606,0.5485708231934586
BIN_000831,B,3,3,1,0.5888187182768541,-1.2181373427732138,0.5496719513019449
BIN_000832,B,3,3,2,0.5888187182768541,-0.870098101980867,0.5529723084690266
BIN_000833,B,3,3,3,0.5888187182768541,-0.5220588611885202,0.5584628546781333
BIN_000834,B,3,3,4,0.5888187182768541,-0.17401962039617339,0.566128660112548
BIN_000835,B,3,3,5,0.5888187182768541,0.17401962039617339,0.5759491059348242
BIN_000836,B,3,3,6,0.5888187182768541,0.5220588611885202,0.58789815656691
BIN_000837,B,3,3,7,0.5888187182768541,0.870098101980867,0.6019446952496647
BIN_000838,B,3,3,8,0.5888187182768541,1.2181373427732138,0.618052913096705
BIN_000839,B,3,3,9,0.5888187182768541,1.5661765835655606,0.6361827407900662
BIN_000840,B,3,4,0,0.6580915086623663,-1.5661765835655606,0.62126195828447
BIN_000841,B,3,4,1,0.6580915086623663,-1.2181373427732138,0.6223307144827882
BIN_000842,B,3,4,2,0.6580915086623663,-0.870098101980867,0.62553421487525
BIN_000843,B,3,4,3,0.6580915086623663,-0.5220588611885202,0.6308641905808833
BIN_000844,B,3,4,4,0.6580915086623663,-0.17401962039617339,0.6383069781494076
BIN_000845,B,3,4,5,0.6580915086623663,0.17401962039617339,0.6478436928993471
BIN_000846,B,3,4,6,0.6580915086623663,0.5220588611885202,0.6594504644152117
BIN_000847,B,3,4,7,0.6580915086623663,0.870098101980867,0.6730987274809732
BIN_000848,B,3,4,8,0.6580915086623663,1.2181373427732138,0.6887555604124297
BIN_000849,B,3,4,9,0.6580915086623663,1.5661765835655606,0.7063840618234194
BIN_000850,B,3,5,0,0.7273642990478786,-1.5661765835655606,0.6939530933754812
BIN_000851,B,3,5,1,0.7273642990478786,-1.2181373427732138,0.6949913263214458
BIN_000852,B,3,5,2,0.7273642990478786,-0.870098101980867,0.6981034872082114
BIN_000853,B,3,5,3,0.7273642990478786,-0.5220588611885202,0.7032819931016688
BIN_000854,B,3,5,4,0.7273642990478786,-0.17401962039617339,0.7105143079678463
BIN_000855,B,3,5,5,0.7273642990478786,0.17401962039617339,0.7197830929401605
BIN_000856,B,3,5,6,0.7273642990478786,0.5220588611885202,0.731066410815218
BIN_000857,B,3,5,7,0.7273642990478786,0.870098101980867,0.7443379792500169
BIN_000858,B,3,5,8,0.7273642990478786,1.2181373427732138,0.7595674660253444
BIN_000859,B,3,5,9,0.7273642990478786,1.5661765835655606,0.776720818935857
BIN_000860,B,3,6,0,0.7966370894333908,-1.5661765835655606,0.7666442284664925
BIN_000861,B,3,6,1,0.7966370894333908,-1.2181373427732138,0.7676536328871663
BIN_000862,B,3,6,2,0.7966370894333908,-0.870098101980867,0.770679513613295
BIN_000863,B,3,6,3,0.7966370894333908,-0.5220588611885202,0.7757148999046252
BIN_000864,B,3,6,4,0.7966370894333908,-0.17401962039617339,0.7827482627000177
BIN_000865,B,3,6,5,0.7966370894333908,0.17401962039617339,0.7917636453949842
BIN_000866,B,3,6,6,0.7966370894333908,0.5220588611885202,0.8027408420887833
BIN_000867,B,3,6,7,0.7966370894333908,0.870098101980867,0.8156556187334346
BIN_000868,B,3,6,8,0.7966370894333908,1.2181373427732138,0.8304799716807325
BIN_000869,B,3,6,9,0.7966370894333908,1.5661765835655606,0.8471824174266245
BIN_000870,B,3,7,0,0.8659098798189031,-1.5661765835655606,0.8393353635575037
BIN_000871,B,3,7,1,0.8659098798189031,-1.2181373427732138,0.8403174968742864
BIN_000872,B,3,7,2,0.8659098798189031,-0.870098101980867,0.8432617481272995
BIN_000873,B,3,7,3,0.8659098798189031,-0.5220588611885202,0.848161694660641
BIN_000874,B,3,7,4,0.8659098798189031,-0.17401962039617339,0.8550067095743245
BIN_000875,B,3,7,5,0.8659098798189031,0.17401962039617339,0.8637820759624708
BIN_000876,B,3,7,6,0.8659098798189031,0.5220588611885202,0.8744691428386772
BIN_000877,B,3,7,7,0.8659098798189031,0.870098101980867,0.8870455189554347
BIN_000878,B,3,7,8,0.8659098798189031,1.2181373427732138,0.9014852999310516
BIN_000879,B,3,7,9,0.8659098798189031,1.5661765835655606,0.9177593234943061
BIN_000880,B,3,8,0,0.9351826702044154,-1.5661765835655606,0.912026498648515
BIN_000881,B,3,8,1,0.9351826702044154,-1.2181373427732138,0.9129827954171532
BIN_000882,B,3,8,2,0.9351826702044154,-0.870098101980867,0.9158497020470642
BIN_000883,B,3,8,3,0.9351826702044154,-0.5220588611885202,0.9206212880275163
BIN_000884,B,3,8,4,0.9351826702044154,-0.17401962039617339,0.9272877370717608
BIN_000885,B,3,8,5,0.9351826702044154,0.17401962039617339,0.9358354472590461
BIN_000886,B,3,8,6,0.9351826702044154,0.5220588611885202,0.9462471678989601
BIN_000887,B,3,8,7,0.9351826702044154,0.870098101980867,0.9585021699534875
BIN_000888,B,3,8,8,0.9351826702044154,1.2181373427732138,0.9725764461779216
BIN_000889,B,3,8,9,0.9351826702044154,1.5661765835655606,0.9884429366193747
BIN_000890,B,3,9,0,1.0044554605899276,-1.5661765835655606,0.9847176337395263
BIN_000891,B,3,9,1,1.0044554605899276,-1.2181373427732138,0.985649418240792
BIN_000892,B,3,9,2,1.0044554605899276,-0.870098101980867,0.9884429366193747
BIN_000893,B,3,9,3,1.0044554605899276,-0.5220588611885202,0.9930927015234746
BIN_000894,B,3,9,4,1.0044554605899276,-0.17401962039617339,0.9995896270347983
BIN_000895,B,3,9,5,1.0044554605899276,0.17401962039617339,1.007921116747404
BIN_000896,B,3,9,6,1.0044554605899276,0.5220588611885202,1.0180711842911323
BIN_000897,B,3,9,7,1.0044554605899276,0.870098101980867,1.0300206036475916
BIN_000898,B,3,9,8,1.0044554605899276,1.2181373427732138,1.043747086032197
BIN_000899,B,3,9,9,1.0044554605899276,1.5661765835655606,1.0592254796629803
BIN_000900,B,4,0,0,1.0737282509754398,-1.5661765835655606,1.0574087688305376
BIN_000901,B,4,0,1,1.0737282509754398,-1.2181373427732138,1.0583172660886515
BIN_000902,B,4,0,2,1.0737282509754398,-0.870098101980867,1.0610410568221853
BIN_000903,B,4,0,3,1.0737282509754398,-0.5220588611885202,1.065575053793934
BIN_000904,B,4,0,4,1.0737282509754398,-0.17401962039617339,1.0719108308811245
BIN_000905,B,4,0,5,1.0737282509754398,0.17401962039617339,1.0800367007906977
BIN_000906,B,4,0,6,1.0737282509754398,0.5220588611885202,1.0899378215210282
BIN_000907,B,4,0,7,1.0737282509754398,0.870098101980867,1.1015963293382287
BIN_000908,B,4,0,8,1.0737282509754398,1.2181373427732138,1.1149914955442928
BIN_000909,B,4,0,9,1.0737282509754398,1.5661765835655606,1.130099903921549
BIN_000910,B,4,1,0,1.1430010413609522,-1.5661765835655606,1.130099903921549
BIN_000911,B,4,1,1,1.1430010413609522,-1.2181373427732138,1.1309862493801726
BIN_000912,B,4,1,2,1.1430010413609522,-0.870098101980867,1.1336437060518167
BIN_000913,B,4,1,3,1.1430010413609522,-0.5220588611885202,1.1380675488677137
BIN_000914,B,4,1,4,1.1430010413609522,-0.17401962039617339,1.1442499492359972
BIN_000915,B,4,1,5,1.1430010413609522,0.17401962039617339,1.1521800438205398
BIN_000916,B,4,1,6,1.1430010413609522,0.5220588611885202,1.1618440288588634
BIN_000917,B,4,1,7,1.1430010413609522,0.870098101980867,1.1732252781332606
BIN_000918,B,4,1,8,1.1430010413609522,1.2181373427732138,1.1863044822886668
BIN_000919,B,4,1,9,1.1430010413609522,1.5661765835655606,1.2010598068496354
BIN_000920,B,4,2,0,1.2122738317464643,-1.5661765835655606,1.2027910390125602
BIN_000921,B,4,2,1,1.2122738317464643,-1.2181373427732138,1.2036562870599226
BIN_000922,B,4,2,2,1.2122738317464643,-0.870098101980867,1.2062505615658776
BIN_000923,B,4,2,3,1.2122738317464643,-0.5220588611885202,1.2105694660748259
BIN_000924,B,4,2,4,1.2122738317464643,-0.17401962039617339,1.2166057144247158
BIN_000925,B,4,2,5,1.2122738317464643,0.17401962039617339,1.2243491917928107
BIN_000926,B,4,2,6,1.2122738317464643,0.5220588611885202,1.2337870384901752
BIN_000927,B,4,2,7,1.2122738317464643,0.870098101980867,1.2449037549052326
BIN_000928,B,4,2,8,1.2122738317464643,1.2181373427732138,1.257681325635362
BIN_000929,B,4,2,9,1.2122738317464643,1.5661765835655606,1.2720993605487307
BIN_000930,B,4,3,0,1.2815466221319765,-1.5661765835655606,1.2754821741035713
BIN_000931,B,4,3,1,1.2815466221319765,-1.2181373427732138,1.276327305607163
BIN_000932,B,4,3,2,1.2815466221319765,-0.870098101980867,1.2788613305594696
BIN_000933,B,4,3,3,1.2815466221319765,-0.5220588611885202,1.2830801513582055
BIN_000934,B,4,3,4,1.2815466221319765,-0.17401962039617339,1.2889769753683822
BIN_000935,B,4,3,5,1.2815466221319765,0.17401962039617339,1.2965423692537692
BIN_000936,B,4,3,6,1.2815466221319765,0.5220588611885202,1.305764333622296
BIN_000937,B,4,3,7,1.2815466221319765,0.870098101980867,1.316628396623491
BIN_000938,B,4,3,8,1.2815466221319765,1.2181373427732138,1.3291177248247583
BIN_000939,B,4,3,9,1.2815466221319765,1.5661765835655606,1.3432132494346987
BIN_000940,B,4,4,0,1.3508194125174888,-1.5661765835655606,1.3481733091945827
BIN_000941,B,4,4,1,1.3508194125174888,-1.2181373427732138,1.3489992381803328
BIN_000942,B,4,4,2,1.3508194125174888,-0.870098101980867,1.3514757467743728
BIN_000943,B,4,4,3,1.3508194125174888,-0.5220588611885202,1.3555990097598796
BIN_000944,B,4,4,4,1.3508194125174888,-0.17401962039617339,1.3613626845074822
BIN_000945,B,4,4,5,1.3508194125174888,0.17401962039617339,1.3687579594582
BIN_000946,B,4,4,6,1.3508194125174888,0.5220588611885202,1.3777736207897109
BIN_000947,B,4,4,7,1.3508194125174888,0.870098101980867,1.3883961361023747
BIN_000948,B,4,4,8,1.3508194125174888,1.2181373427732138,1.4006097536925188
BIN_000949,B,4,4,9,1.3508194125174888,1.5661765835655606,1.414396615754878
BIN_000950,B,4,5,0,1.420092202903001,-1.5661765835655606,1.420864444285594
BIN_000951,B,4,5,1,1.420092202903001,-1.2181373427732138,1.421672023875505
BIN_000952,B,4,5,2,1.420092202903001,-0.870098101980867,1.4240935675586675
BIN_000953,B,4,5,3,1.420092202903001,-0.5220588611885202,1.4281254989006333
BIN_000954,B,4,5,4,1.420092202903001,-0.17401962039617339,1.4337618864432415
BIN_000955,B,4,5,5,1.420092202903001,0.17401962039617339,1.4409944870775007
BIN_000956,B,4,5,6,1.420092202903001,0.5220588611885202,1.449812805730228
BIN_000957,B,4,5,7,1.420092202903001,0.870098101980867,1.4602041703669375
BIN_000958,B,4,5,8,1.420092202903001,1.2181373427732138,1.4721538210805816
BIN_000959,B,4,5,9,1.420092202903001,1.5661765835655606,1.485645011838568
BIN_000960,B,4,6,0,1.4893649932885134,-1.5661765835655606,1.4935555793766053
BIN_000961,B,4,6,1,1.4893649932885134,-1.2181373427732138,1.494345607081471
BIN_000962,B,4,6,2,1.4893649932885134,-0.870098101980867,1.4967145713085235
BIN_000963,B,4,6,3,1.4893649932885134,-0.5220588611885202,1.5006591233033943
BIN_000964,B,4,6,4,1.4893649932885134,-0.17401962039617339,1.5061737080396458
BIN_000965,B,4,6,5,1.4893649932885134,0.17401962039617339,1.5132506031136783
BIN_000966,B,4,6,6,1.4893649932885134,0.5220588611885202,1.521879972308513
BIN_000967,B,4,6,7,1.4893649932885134,0.870098101980867,1.532049932968539
BIN_000968,B,4,6,8,1.4893649932885134,1.2181373427732138,1.5437466361251158
BIN_000969,B,4,6,9,1.4893649932885134,1.5661765835655606,1.5569543581402578
BIN_000970,B,4,7,0,1.5586377836740255,-1.5661765835655606,1.5662467144676164
BIN_000971,B,4,7,1,1.5586377836740255,-1.2181373427732138,1.5670199369170954
BIN_000972,B,4,7,2,1.5586377836740255,-0.870098101980867,1.5693385552354653
BIN_000973,B,4,7,3,1.5586377836740255,-0.5220588611885202,1.5731994294357718
BIN_000974,B,4,7,4,1.5586377836740255,-0.17401962039617339,1.5785973497719772
BIN_000975,B,4,7,5,1.5586377836740255,0.17401962039617339,1.5855250716987177
BIN_000976,B,4,7,6,1.5586377836740255,0.5220588611885202,1.593973364049058
BIN_000977,B,4,7,7,1.5586377836740255,0.870098101980867,1.6039310696900826
BIN_000978,B,4,7,8,1.5586377836740255,1.2181373427732138,1.6153851777401902
BIN_000979,B,4,7,9,1.5586377836740255,1.5661765835655606,1.6283209062805029
BIN_000980,B,4,8,0,1.6279105740595379,-1.5661765835655606,1.6389378495586278
BIN_000981,B,4,8,1,1.6279105740595379,-1.2181373427732138,1.639694966738933
BIN_000982,B,4,8,2,1.6279105740595379,-0.870098101980867,1.64196533341182
BIN_000983,B,4,8,3,1.6279105740595379,-0.5220588611885202,1.645746001367769
BIN_000984,B,4,8,4,1.6279105740595379,-0.17401962039617339,1.6510320781428058
BIN_000985,B,4,8,5,1.6279105740595379,0.17401962039617339,1.6578167585107995
BIN_000986,B,4,8,6,1.6279105740595379,0.5220588611885202,1.6660913679108198
BIN_000987,B,4,8,7,1.6279105740595379,0.870098101980867,1.6758454171691155
BIN_000988,B,4,8,8,1.6279105740595379,1.2181373427732138,1.6870666677216826
BIN_000989,B,4,8,9,1.6279105740595379,1.5661765835655606,1.6997412064103479
BIN_000990,B,4,9,0,1.69718336444505,-1.5661765835655606,1.711628984649639
BIN_000991,B,4,9,1,1.69718336444505,-1.2181373427732138,1.7123706537091004
BIN_000992,B,4,9,2,1.69718336444505,-0.870098101980867,1.714594735054763
BIN_000993,B,4,9,3,1.69718336444505,-0.5220588611885202,1.7182984569574855
BIN_000994,B,4,9,4,1.69718336444505,-0.17401962039617339,1.7234772190151375
BIN_000995,B,4,9,5,1.69718336444505,0.17401962039617339,1.7301246205815692
BIN_000996,B,4,9,6,1.69718336444505,0.5220588611885202,1.7382324999936019
BIN_000997,B,4,9,7,1.69718336444505,0.870098101980867,1.7477909840401902
BIN_000998,B,4,9,8,1.69718336444505,1.2181373427732138,1.7587885469837021
BIN_000999,B,4,9,9,1.69718336444505,1.5661765835655606,1.771212078326084
BIN_001000,C,0,0,0,-1.69718336444505,-1.5661765835655606,-1.8502366348099135
BIN_001001,C,0,0,1,-1.69718336444505,-1.2181373427732138,-1.7775454997189022
BIN_001002,C,0,0,2,-1.69718336444505,-0.870098101980867,-1.704854364627891
BIN_001003,C,0,0,3,-1.69718336444505,-0.5220588611885202,-1.6321632295368798
BIN_001004,C,0,0,4,-1.69718336444505,-0.17401962039617339,-1.5594720944458684
BIN_001005,C,0,0,5,-1.69718336444505,0.17401962039617339,-1.486780959354857
BIN_001006,C,0,0,6,-1.69718336444505,0.5220588611885202,-1.414089824263846
BIN_001007,C,0,0,7,-1.69718336444505,0.870098101980867,-1.3413986891728347
BIN_001008,C,0,0,8,-1.69718336444505,1.2181373427732138,-1.2687075540818233
BIN_001009,C,0,0,9,-1.69718336444505,1.5661765835655606,-1.196016418990812
BIN_001010,C,0,1,0,-1.6279105740595379,-1.5661765835655606,-1.7775454997189022
BIN_001011,C,0,1,1,-1.6279105740595379,-1.2181373427732138,-1.7474358456999106
BIN_001012,C,0,1,2,-1.6279105740595379,-0.870098101980867,-1.6876943153847919
BIN_001013,C,0,1,3,-1.6279105740595379,-0.5220588611885202,-1.620367082219327
BIN_001014,C,0,1,4,-1.6279105740595379,-0.17401962039617339,-1.5505234067836315
BIN_001015,C,0,1,5,-1.6279105740595379,0.17401962039617339,-1.4795831185156376
BIN_001016,C,0,1,6,-1.6279105740595379,0.5220588611885202,-1.4080737219934643
BIN_001017,C,0,1,7,-1.6279105740595379,0.870098101980867,-1.3362326892598988
BIN_001018,C,0,1,8,-1.6279105740595379,1.2181373427732138,-1.2641819676897914
BIN_001019,C,0,1,9,-1.6279105740595379,1.5661765835655606,-1.1919904104324308
BIN_001020,C,0,2,0,-1.5586377836740255,-1.5661765835655606,-1.704854364627891
BIN_001021,C,0,2,1,-1.5586377836740255,-1.2181373427732138,-1.6876943153847919
BIN_001022,C,0,2,2,-1.5586377836740255,-0.870098101980867,-1.6446350565899075
BIN_001023,C,0,2,3,-1.5586377836740255,-0.5220588611885202,-1.5881450199675928
BIN_001024,C,0,2,4,-1.5586377836740255,-0.17401962039617339,-1.5251519959596704
BIN_001025,C,0,2,5,-1.5586377836740255,0.17401962039617339,-1.4587828923271395
BIN_001026,C,0,2,6,-1.5586377836740255,0.5220588611885202,-1.39049752962874
BIN_001027,C,0,2,7,-1.5586377836740255,0.870098101980867,-1.3210371833708163
BIN_001028,C,0,2,8,-1.5586377836740255,1.2181373427732138,-1.2508101787573496
BIN_001029,C,0,2,9,-1.5586377836740255,1.5661765835655606,-1.1800574831872517
BIN_001030,C,0,3,0,-1.4893649932885134,-1.5661765835655606,-1.6321632295368798
BIN_001031,C,0,3,1,-1.4893649932885134,-1.2181373427732138,-1.620367082219327
BIN_001032,C,0,3,2,-1.4893649932885134,-0.870098101980867,-1.5881450199675928
BIN_001033,C,0,3,3,-1.4893649932885134,-0.5220588611885202,-1.5418342674799048
BIN_001034,C,0,3,4,-1.4893649932885134,-0.17401962039617339,-1.486780959354857
BIN_001035,C,0,3,5,-1.4893649932885134,0.17401962039617339,-1.4263781229125256
BIN_001036,C,0,3,6,-1.4893649932885134,0.5220588611885202,-1.3626096765345488
BIN_001037,C,0,3,7,-1.4893649932885134,0.870098101980867,-1.2966374431490697
BIN_001038,C,0,3,8,-1.4893649932885134,1.2181373427732138,-1.2291633043409305
BIN_001039,C,0,3,9,-1.4893649932885134,1.5661765835655606,-1.1606279770381533
BIN_001040,C,0,4,0,-1.420092202903001,-1.5661765835655606,-1.5594720944458684
BIN_001041,C,0,4,1,-1.420092202903001,-1.2181373427732138,-1.5505234067836315
BIN_001042,C,0,4,2,-1.420092202903001,-0.870098101980867,-1.5251519959596704
BIN_001043,C,0,4,3,-1.420092202903001,-0.5220588611885202,-1.486780959354857
BIN_001044,C,0,4,4,-1.420092202903001,-0.17401962039617339,-1.4390334783699017
BIN_001045,C,0,4,5,-1.420092202903001,0.17401962039617339,-1.3847862658621537
BIN_001046,C,0,4,6,-1.420092202903001,0.5220588611885202,-1.3260534051252717
BIN_001047,C,0,4,7,-1.420092202903001,0.870098101980867,-1.2641819676897914
BIN_001048,C,0,4,8,-1.420092202903001,1.2181373427732138,-1.2000673571094271
BIN_001049,C,0,4,9,-1.420092202903001,1.5661765835655606,-1.1343119818473926
BIN_001050,C,0,5,0,-1.3508194125174888,-1.5661765835655606,-1.486780959354857
BIN_001051,C,0,5,1,-1.3508194125174888,-1.2181373427732138,-1.4795831185156376
BIN_001052,C,0,5,2,-1.3508194125174888,-0.870098101980867,-1.4587828923271395
BIN_001053,C,0,5,3,-1.3508194125174888,-0.5220588611885202,-1.4263781229125256
BIN_001054,C,0,5,4,-1.3508194125174888,-0.17401962039617339,-1.3847862658621537
BIN_001055,C,0,5,5,-1.3508194125174888,0.17401962039617339,-1.3362326892598988
BIN_001056,C,0,5,6,-1.3508194125174888,0.5220588611885202,-1.282500720524056
BIN_001057,C,0,5,7,-1.3508194125174888,0.870098101980867,-1.2249238467264982
BIN_001058,C,0,5,8,-1.3508194125174888,1.2181373427732138,-1.1644698378935356
BIN_001059,C,0,5,9,-1.3508194125174888,1.5661765835655606,-1.10183559338434
BIN_001060,C,0,6,0,-1.2815466221319765,-1.5661765835655606,-1.414089824263846
BIN_001061,C,0,6,1,-1.2815466221319765,-1.2181373427732138,-1.4080737219934643
BIN_001062,C,0,6,2,-1.2815466221319765,-0.870098101980867,-1.39049752962874
BIN_001063,C,0,6,3,-1.2815466221319765,-0.5220588611885202,-1.3626096765345488
BIN_001064,C,0,6,4,-1.2815466221319765,-0.17401962039617339,-1.3260534051252717
BIN_001065,C,0,6,5,-1.2815466221319765,0.17401962039617339,-1.282500720524056
BIN_001066,C,0,6,6,-1.2815466221319765,0.5220588611885202,-1.233431900149896
BIN_001067,C,0,6,7,-1.2815466221319765,0.870098101980867,-1.1800574831872517
BIN_001068,C,0,6,8,-1.2815466221319765,1.2181373427732138,-1.1233252838998007
BIN_001069,C,0,6,9,-1.2815466221319765,1.5661765835655606,-1.063961790282951
BIN_001070,C,0,7,0,-1.2122738317464643,-1.5661765835655606,-1.3413986891728347
BIN_001071,C,0,7,1,-1.2122738317464643,-1.2181373427732138,-1.3362326892598988
BIN_001072,C,0,7,2,-1.2122738317464643,-0.870098101980867,-1.3210371833708163
BIN_001073,C,0,7,3,-1.2122738317464643,-0.5220588611885202,-1.2966374431490697
BIN_001074,C,0,7,4,-1.2122738317464643,-0.17401962039617339,-1.2641819676897914
BIN_001075,C,0,7,5,-1.2122738317464643,0.17401962039617339,-1.2249238467264982
BIN_001076,C,0,7,6,-1.2122738317464643,0.5220588611885202,-1.1800574831872517
BIN_001077,C,0,7,7,-1.2122738317464643,0.870098101980867,-1.130631111039893
BIN_001078,C,0,7,8,-1.2122738317464643,1.2181373427732138,-1.0775192694992712
BIN_001079,C,0,7,9,-1.2122738317464643,1.5661765835655606,-1.0214301762765872
BIN_001080,C,0,8,0,-1.1430010413609522,-1.5661765835655606,-1.2687075540818233
BIN_001081,C,0,8,1,-1.1430010413609522,-1.2181373427732138,-1.2641819676897914
BIN_001082,C,0,8,2,-1.1430010413609522,-0.870098101980867,-1.2508101787573496
BIN_001083,C,0,8,3,-1.1430010413609522,-0.5220588611885202,-1.2291633043409305
BIN_001084,C,0,8,4,-1.1430010413609522,-0.17401962039617339,-1.2000673571094271
BIN_001085,C,0,8,5,-1.1430010413609522,0.17401962039617339,-1.1644698378935356
BIN_001086,C,0,8,6,-1.1430010413609522,0.5220588611885202,-1.1233252838998007
BIN_001087,C,0,8,7,-1.1430010413609522,0.870098101980867,-1.0775192694992712
BIN_001088,C,0,8,8,-1.1430010413609522,1.2181373427732138,-1.0278303219298899
BIN_001089,C,0,8,9,-1.1430010413609522,1.5661765835655606,-0.9749194565717337
BIN_001090,C,0,9,0,-1.0737282509754398,-1.5661765835655606,-1.196016418990812
BIN_001091,C,0,9,1,-1.0737282509754398,-1.2181373427732138,-1.1919904104324308
BIN_001092,C,0,9,2,-1.0737282509754398,-0.870098101980867,-1.1800574831872517
BIN_001093,C,0,9,3,-1.0737282509754398,-0.5220588611885202,-1.1606279770381533
BIN_001094,C,0,9,4,-1.0737282509754398,-0.17401962039617339,-1.1343119818473926
BIN_001095,C,0,9,5,-1.0737282509754398,0.17401962039617339,-1.10183559338434
BIN_001096,C,0,9,6,-1.0737282509754398,0.5220588611885202,-1.063961790282951
BIN_001097,C,0,9,7,-1.0737282509754398,0.870098101980867,-1.0214301762765872
BIN_001098,C,0,9,8,-1.0737282509754398,1.2181373427732138,-0.9749194565717337
BIN_001099,C,0,9,9,-1.0737282509754398,1.5661765835655606,-0.925029532819887
BIN_001100,C,1,0,0,-1.0044554605899276,-1.5661765835655606,-1.1233252838998007
BIN_001101,C,1,0,1,-1.0044554605899276,-1.2181373427732138,-1.1196997683871541
BIN_001102,C,1,0,2,-1.0044554605899276,-0.870098101980867,-1.1089296022213622
BIN_001103,C,1,0,3,-1.0044554605899276,-0.5220588611885202,-1.0913189039791324
BIN_001104,C,1,0,4,-1.0044554605899276,-0.17401962039617339,-1.0673291498443658
BIN_001105,C,1,0,5,-1.0044554605899276,0.17401962039617339,-1.0375250376843057
BIN_001106,C,1,0,6,-1.0044554605899276,0.5220588611885202,-1.0025196110151378
BIN_001107,C,1,0,7,-1.0044554605899276,0.870098101980867,-0.9629282515506726
BIN_001108,C,1,0,8,-1.0044554605899276,1.2181373427732138,-0.9193358969143941
BIN_001109,C,1,0,9,-1.0044554605899276,1.5661765835655606,-0.8722774317404006
BIN_001110,C,1,1,0,-0.9351826702044154,-1.5661765835655606,-1.0506341488087896
BIN_001111,C,1,1,1,-0.9351826702044154,-1.2181373427732138,-1.0473368049805647
BIN_001112,C,1,1,2,-0.9351826702044154,-0.870098101980867,-1.0375250376843057
BIN_001113,C,1,1,3,-0.9351826702044154,-0.5220588611885202,-1.0214301762765872
BIN_001114,C,1,1,4,-0.9351826702044154,-0.17401962039617339,-0.9994087124000456
BIN_001115,C,1,1,5,-0.9351826702044154,0.17401962039617339,-0.9719063076324506
BIN_001116,C,1,1,6,-0.9351826702044154,0.5220588611885202,-0.9394193227386699
BIN_001117,C,1,1,7,-0.9351826702044154,0.870098101980867,-0.9024601893654507
BIN_001118,C,1,1,8,-0.9351826702044154,1.2181373427732138,-0.8615303046230195
BIN_001119,C,1,1,9,-0.9351826702044154,1.5661765835655606,-0.817101490501305
BIN_001120,C,1,2,0,-0.8659098798189031,-1.5661765835655606,-0.9779430137177783
BIN_001121,C,1,2,1,-0.8659098798189031,-1.2181373427732138,-0.9749194565717337
BIN_001122,C,1,2,2,-0.8659098798189031,-0.870098101980867,-0.9659108091770146
BIN_001123,C,1,2,3,-0.8659098798189031,-0.5220588611885202,-0.9510969507310678
BIN_001124,C,1,2,4,-0.8659098798189031,-0.17401962039617339,-0.9307584244475666
BIN_001125,C,1,2,5,-0.8659098798189031,0.17401962039617339,-0.9052518786267669
BIN_001126,C,1,2,6,-0.8659098798189031,0.5220588611885202,-0.874982718259184
BIN_001127,C,1,2,7,-0.8659098798189031,0.870098101980867,-0.8403791120285102
BIN_001128,C,1,2,8,-0.8659098798189031,1.2181373427732138,-0.8018701754406301
BIN_001129,C,1,2,9,-0.8659098798189031,1.5661765835655606,-0.7598696084447444
BIN_001130,C,1,3,0,-0.7966370894333908,-1.5661765835655606,-0.9052518786267669
BIN_001131,C,1,3,1,-0.7966370894333908,-1.2181373427732138,-0.9024601893654507
BIN_001132,C,1,3,2,-0.7966370894333908,-0.870098101980867,-0.8941340284428985
BIN_001133,C,1,3,3,-0.7966370894333908,-0.5220588611885202,-0.8804159299856157
BIN_001134,C,1,3,4,-0.7966370894333908,-0.17401962039617339,-0.8615303046230195
BIN_001135,C,1,3,5,-0.7966370894333908,0.17401962039617339,-0.8377662809530649
BIN_001136,C,1,3,6,-0.7966370894333908,0.5220588611885202,-0.8094579696903655
BIN_001137,C,1,3,7,-0.7966370894333908,0.870098101980867,-0.7769648871436089
BIN_001138,C,1,3,8,-0.7966370894333908,1.2181373427732138,-0.740654613888982
BIN_001139,C,1,3,9,-0.7966370894333908,1.5661765835655606,-0.70088887185698
BIN_001140,C,1,4,0,-0.7273642990478786,-1.5661765835655606,-0.8325607435357557
BIN_001141,C,1,4,1,-0.7273642990478786,-1.2181373427732138,-0.8299679345150003
BIN_001142,C,1,4,2,-0.7273642990478786,-0.870098101980867,-0.8222287437098839
BIN_001143,C,1,4,3,-0.7273642990478786,-0.5220588611885202,-0.8094579696903655
BIN_001144,C,1,4,4,-0.7273642990478786,-0.17401962039617339,-0.7918377319317189
BIN_001145,C,1,4,5,-0.7273642990478786,0.17401962039617339,-0.7696052232263232
BIN_001146,C,1,4,6,-0.7273642990478786,0.5220588611885202,-0.7430382514882259
BIN_001147,C,1,4,7,-0.7273642990478786,0.870098101980867,-0.7124403988340624
BIN_001148,C,1,4,8,-0.7273642990478786,1.2181373427732138,-0.6781273005696691
BIN_001149,C,1,4,9,-0.7273642990478786,1.5661765835655606,-0.6404150320655074
BIN_001150,C,1,5,0,-0.6580915086623663,-1.5661765835655606,-0.7598696084447444
BIN_001151,C,1,5,1,-0.6580915086623663,-1.2181373427732138,-0.7574492569063979
BIN_001152,C,1,5,2,-0.6580915086623663,-0.870098101980867,-0.7502201546298664
BIN_001153,C,1,5,3,-0.6580915086623663,-0.5220588611885202,-0.7382760859270863
BIN_001154,C,1,5,4,-0.6580915086623663,-0.17401962039617339,-0.7217667547876172
BIN_001155,C,1,5,5,-0.6580915086623663,0.17401962039617339,-0.70088887185698
BIN_001156,C,1,5,6,-0.6580915086623663,0.5220588611885202,-0.6758754073615919
BIN_001157,C,1,5,7,-0.6580915086623663,0.870098101980867,-0.646984247692155
BIN_001158,C,1,5,8,-0.6580915086623663,1.2181373427732138,-0.6144873382627218
BIN_001159,C,1,5,9,-0.6580915086623663,1.5661765835655606,-0.5786610991177499
BIN_001160,C,1,6,0,-0.5888187182768541,-1.5661765835655606,-0.687178473353733
BIN_001161,C,1,6,1,-0.5888187182768541,-1.2181373427732138,-0.6849090894173528
BIN_001162,C,1,6,2,-0.5888187182768541,-0.870098101980867,-0.6781273005696691
BIN_001163,C,1,6,3,-0.5888187182768541,-0.5220588611885202,-0.6669106877364931
BIN_001164,C,1,6,4,-0.5888187182768541,-0.17401962039617339,-0.6513837227047858
BIN_001165,C,1,6,5,-0.5888187182768541,0.17401962039617339,-0.6317111673081784
BIN_001166,C,1,6,6,-0.5888187182768541,0.5220588611885202,-0.6080899738719477
BIN_001167,C,1,6,7,-0.5888187182768541,0.870098101980867,-0.580740537198742
BIN_001168,C,1,6,8,-0.5888187182768541,1.2181373427732138,-0.5498980794089409
BIN_001169,C,1,6,9,-0.5888187182768541,1.5661765835655606,-0.5158047790314993
BIN_001170,C,1,7,0,-0.5195459278913418,-1.5661765835655606,-0.6144873382627218
BIN_001171,C,1,7,1,-0.5195459278913418,-1.2181373427732138,-0.6123512099673318
BIN_001172,C,1,7,2,-0.5195459278913418,-0.870098101980867,-0.605964828330253
BIN_001173,C,1,7,3,-0.5195459278913418,-0.5220588611885202,-0.5953930851973509
BIN_001174,C,1,7,4,-0.5195459278913418,-0.17401962039617339,-0.580740537198742
BIN_001175,C,1,7,5,-0.5195459278913418,0.17401962039617339,-0.5621464392345531
BIN_001176,C,1,7,6,-0.5195459278913418,0.5220588611885202,-0.5397785605983095
BIN_001177,C,1,7,7,-0.5195459278913418,0.870098101980867,-0.5138263763798752
BIN_001178,C,1,7,8,-0.5195459278913418,1.2181373427732138,-0.4844942009486321
BIN_001179,C,1,7,9,-0.5195459278913418,1.5661765835655606,-0.4519947334554767
BIN_001180,C,1,8,0,-0.4502731375058296,-1.5661765835655606,-0.5417962031717105
BIN_001181,C,1,8,1,-0.4502731375058296,-1.2181373427732138,-0.5397785605983095
BIN_001182,C,1,8,2,-0.4502731375058296,-0.870098101980867,-0.5337441860549479
BIN_001183,C,1,8,3,-0.4502731375058296,-0.5220588611885202,-0.5237478963605652
BIN_001184,C,1,8,4,-0.4502731375058296,-0.17401962039617339,-0.5098783315645908
BIN_001185,C,1,8,5,-0.4502731375058296,0.17401962039617339,-0.4922541639487985
BIN_001186,C,1,8,6,-0.4502731375058296,0.5220588611885202,-0.47101931926639296
BIN_001187,C,1,8,7,-0.4502731375058296,0.870098101980867,-0.44633762915967445
BIN_001188,C,1,8,8,-0.4502731375058296,1.2181373427732138,-0.4183873288848716
BIN_001189,C,1,8,9,-0.4502731375058296,1.5661765835655606,-0.38735575998381927
BIN_001190,C,1,9,0,-0.38100034712031733,-1.5661765835655606,-0.46910506808069924
BIN_001191,C,1,9,1,-0.38100034712031733,-1.2181373427732138,-0.46719346638142467
BIN_001192,C,1,9,2,-0.38100034712031733,-0.870098101980867,-0.46147444886907635
BIN_001193,C,1,9,3,-0.38100034712031733,-0.5220588611885202,-0.4519947334554767
BIN_001194,C,1,9,4,-0.38100034712031733,-0.17401962039617339,-0.43883009431599596
BIN_001195,C,1,9,5,-0.38100034712031733,0.17401962039617339,-0.42208243002795615
BIN_001196,C,1,9,6,-0.38100034712031733,0.5220588611885202,-0.40187602882623713
BIN_001197,C,1,9,7,-0.38100034712031733,0.870098101980867,-0.3783533311692829
BIN_001198,C,1,9,8,-0.38100034712031733,1.2181373427732138,-0.3516704946785038
BIN_001199,C,1,9,9,-0.38100034712031733,1.5661765835655606,-0.32199303662201795
BIN_001200,C,2,0,0,-0.3117275567348051,-1.5661765835655606,-0.39641393298968797
BIN_001201,C,2,0,1,-0.3117275567348051,-1.2181373427732138,-0.3945977889938641
BIN_001202,C,2,0,2,-0.3117275567348051,-0.870098101980867,-0.38916290196439457
BIN_001203,C,2,0,3,-0.3117275567348051,-0.5220588611885202,-0.38014940664444263
BIN_001204,C,2,0,4,-0.3117275567348051,-0.17401962039617339,-0.3676225696328109
BIN_001205,C,2,0,5,-0.3117275567348051,0.17401962039617339,-0.3516704946785038
BIN_001206,C,2,0,6,-0.3117275567348051,0.5220588611885202,-0.33240117314835116
BIN_001207,C,2,0,7,-0.3117275567348051,0.870098101980867,-0.3099390975632868
BIN_001208,C,2,0,8,-0.3117275567348051,1.2181373427732138,-0.2844216648788182
BIN_001209,C,2,0,9,-0.3117275567348051,1.5661765835655606,-0.25599558054169147
BIN_001210,C,2,1,0,-0.24245476634929286,-1.5661765835655606,-0.3237227978986767
BIN_001211,C,2,1,1,-0.24245476634929286,-1.2181373427732138,-0.32199303662201795
BIN_001212,C,2,1,2,-0.24245476634929286,-0.870098101980867,-0.3168154601925989
BIN_001213,C,2,1,3,-0.24245476634929286,-0.5220588611885202,-0.30822479815986914
BIN_001214,C,2,1,4,-0.24245476634929286,-0.17401962039617339,-0.2962776545872758
BIN_001215,C,2,1,5,-0.24245476634929286,0.17401962039617339,-0.2810506922581846
BIN_001216,C,2,1,6,-0.24245476634929286,0.5220588611885202,-0.2626382804926216
BIN_001217,C,2,1,7,-0.24245476634929286,0.870098101980867,-0.24114976667580687
BIN_001218,C,2,1,8,-0.24245476634929286,1.2181373427732138,-0.21670654141893972
BIN_001219,C,2,1,9,-0.24245476634929286,1.5661765835655606,-0.18943905982738152
BIN_001220,C,2,2,0,-0.17318197596378063,-1.5661765835655606,-0.2510316628076654
BIN_001221,C,2,2,1,-0.17318197596378063,-1.2181373427732138,-0.24938044401777043
BIN_001222,C,2,2,2,-0.17318197596378063,-0.870098101980867,-0.24443697515121593
BIN_001223,C,2,2,3,-0.17318197596378063,-0.5220588611885202,-0.23623150701010132
BIN_001224,C,2,2,4,-0.17318197596378063,-0.17401962039617339,-0.22481344055869792
BIN_001225,C,2,2,5,-0.17318197596378063,0.17401962039617339,-0.21024987556543617
BIN_001226,C,2,2,6,-0.17318197596378063,0.5220588611885202,-0.19262371774326065
BIN_001227,C,2,2,7,-0.17318197596378063,0.870098101980867,-0.17203146338513386
BIN_001228,C,2,2,8,-0.17318197596378063,1.2181373427732138,-0.14858078999017763
BIN_001229,C,2,2,9,-0.17318197596378063,1.5661765835655606,-0.12238807858077973
BIN_001230,C,2,3,0,-0.10390918557826836,-1.5661765835655606,-0.17834052771665415
BIN_001231,C,2,3,1,-0.10390918557826836,-1.2181373427732138,-0.1767610317506951
BIN_001232,C,2,3,2,-0.10390918557826836,-0.870098101980867,-0.17203146338513386
BIN_001233,C,2,3,3,-0.10390918557826836,-0.5220588611885202,-0.1641783312507003
BIN_001234,C,2,3,4,-0.10390918557826836,-0.17401962039617339,-0.15324499934239894
BIN_001235,C,2,3,5,-0.10390918557826836,0.17401962039617339,-0.1392905161568197
BIN_001236,C,2,3,6,-0.10390918557826836,0.5220588611885202,-0.12238807858077973
BIN_001237,C,2,3,7,-0.10390918557826836,0.870098101980867,-0.10262321993986363
BIN_001238,C,2,3,8,-0.10390918557826836,1.2181373427732138,-0.08009182021251667
BIN_001239,C,2,3,9,-0.10390918557826836,1.5661765835655606,-0.05489803618847609
BIN_001240,C,2,4,0,-0.034636395192756124,-1.5661765835655606,-0.10564939262564287
BIN_001241,C,2,4,1,-0.034636395192756124,-1.2181373427732138,-0.10413565069904646
BIN_001242,C,2,4,2,-0.034636395192756124,-0.870098101980867,-0.0996022783335539
BIN_001243,C,2,4,3,-0.034636395192756124,-0.5220588611885202,-0.09207263344954683
BIN_001244,C,2,4,4,-0.034636395192756124,-0.17401962039617339,-0.08158498354411552
BIN_001245,C,2,4,5,-0.034636395192756124,0.17401962039617339,-0.06819155299727594
BIN_001246,C,2,4,6,-0.034636395192756124,0.5220588611885202,-0.051957266652222056
BIN_001247,C,2,4,7,-0.034636395192756124,0.870098101980867,-0.032958257534631594
BIN_001248,C,2,4,8,-0.034636395192756124,1.2181373427732138,-0.011280214085219446
BIN_001249,C,2,4,9,-0.034636395192756124,1.5661765835655606,0.0129833565970356
BIN_001250,C,2,5,0,0.034636395192756124,-1.5661765835655606,-0.032958257534631594
BIN_001251,C,2,5,1,0.034636395192756124,-1.2181373427732138,-0.0315050158971335
BIN_001252,C,2,5,2,0.034636395192756124,-0.870098101980867,-0.027152241536919437
BIN_001253,C,2,5,3,0.034636395192756124,-0.5220588611885202,-0.019920620947919524
BIN_001254,C,2,5,4,0.034636395192756124,-0.17401962039617339,-0.009844090148477242
BIN_001255,C,2,5,5,0.034636395192756124,0.17401962039617339,0.0030309466614651605
BIN_001256,C,2,5,6,0.034636395192756124,0.5220588611885202,0.018646652306162248
BIN_001257,C,2,5,7,0.034636395192756124,0.870098101980867,0.03693499369461791
BIN_001258,C,2,5,8,0.034636395192756124,1.2181373427732138,0.05781912230116733
BIN_001259,C,2,5,9,0.034636395192756124,1.5661765835655606,0.08121483786515062
BIN_001260,C,2,6,0,0.10390918557826836,-1.5661765835655606,0.039732877556379685
BIN_001261,C,2,6,1,0.10390918557826836,-1.2181373427732138,0.0411302674052289
BIN_001262,C,2,6,2,0.10390918557826836,-0.870098101980867,0.04531625607901237
BIN_001263,C,2,6,3,0.10390918557826836,-0.5220588611885202,0.05227243685346777
BIN_001264,C,2,6,4,0.10390918557826836,-0.17401962039617339,0.06196857792411689
BIN_001265,C,2,6,5,0.10390918557826836,0.17401962039617339,0.0743632679476896
BIN_001266,C,2,6,6,0.10390918557826836,0.5220588611885202,0.08940477483868228
BIN_001267,C,2,6,7,0.10390918557826836,0.870098101980867,0.10703207760395606
BIN_001268,C,2,6,8,0.10390918557826836,1.2181373427732138,0.12717602556387456
BIN_001269,C,2,6,9,0.10390918557826836,1.5661765835655606,0.14976057730326234
BIN_001270,C,2,7,0,0.17318197596378063,-1.5661765835655606,0.11242401264739096
BIN_001271,C,2,7,1,0.17318197596378063,-1.2181373427732138,0.11376968345852456
BIN_001272,C,2,7,2,0.17318197596378063,-0.870098101980867,0.11780117518277167
BIN_001273,C,2,7,3,0.17318197596378063,-0.5220588611885202,0.12450203832253467
BIN_001274,C,2,7,4,0.17318197596378063,-0.17401962039617339,0.13384522716318545
BIN_001275,C,2,7,5,0.17318197596378063,0.17401962039617339,0.14579363677867574
BIN_001276,C,2,7,6,0.17318197596378063,0.5220588611885202,0.160300820058071
BIN_001277,C,2,7,7,0.17318197596378063,0.870098101980867,0.17731185338899697
BIN_001278,C,2,7,8,0.17318197596378063,1.2181373427732138,0.1967643150701749
BIN_001279,C,2,7,9,0.17318197596378063,1.5661765835655606,0.21858933850536666
BIN_001280,C,2,8,0,0.24245476634929286,-1.5661765835655606,0.18511514773840224
BIN_001281,C,2,8,1,0.24245476634929286,-1.2181373427732138,0.18641279006502703
BIN_001282,C,2,8,2,0.24245476634929286,-0.870098101980867,0.1903007657799129
BIN_001283,C,2,8,3,0.24245476634929286,-0.5220588611885202,0.1967643150701749
BIN_001284,C,2,8,4,0.24245476634929286,-0.17401962039617339,0.2057791473901459
BIN_001285,C,2,8,5,0.24245476634929286,0.17401962039617339,0.21731189103974544
BIN_001286,C,2,8,6,0.24245476634929286,0.5220588611885202,0.23132069542918274
BIN_001287,C,2,8,7,0.24245476634929286,0.870098101980867,0.24775596137405995
BIN_001288,C,2,8,8,0.24245476634929286,1.2181373427732138,0.26656117094647563
BIN_001289,C,2,8,9,0.24245476634929286,1.5661765835655606,0.28767378649145564
BIN_001290,C,2,9,0,0.3117275567348051,-1.5661765835655606,0.25780628282941354
BIN_001291,C,2,9,1,0.3117275567348051,-1.2181373427732138,0.25905920592228354
BIN_001292,C,2,9,2,0.3117275567348051,-0.870098101980867,0.2628135177166671
BIN_001293,C,2,9,3,0.3117275567348051,-0.5220588611885202,0.2690559246770263
BIN_001294,C,2,9,4,0.3117275567348051,-0.17401962039617339,0.27776453073075413
BIN_001295,C,2,9,5,0.3117275567348051,0.17401962039617339,0.2889092159047629
BIN_001296,C,2,9,6,0.3117275567348051,0.5220588611885202,0.3024521450555907
BIN_001297,C,2,9,7,0.3117275567348051,0.870098101980867,0.3183483871639751
BIN_001298,C,2,9,8,0.3117275567348051,1.2181373427732138,0.3365466224750384
BIN_001299,C,2,9,9,0.3117275567348051,1.5661765835655606,0.3569899130088005
BIN_001300,C,3,0,0,0.38100034712031733,-1.5661765835655606,0.3304974179204248
BIN_001301,C,3,0,1,0.38100034712031733,-1.2181373427732138,0.3317086004924086
BIN_001302,C,3,0,2,0.38100034712031733,-0.870098101980867,0.3353381209971178
BIN_001303,C,3,0,3,0.38100034712031733,-0.5220588611885202,0.34137396445836493
BIN_001304,C,3,0,4,0.38100034712031733,-0.17401962039617339,0.34979632555018114
BIN_001305,C,3,0,5,0.38100034712031733,0.17401962039617339,0.3605779292723339
BIN_001306,C,3,0,6,0.38100034712031733,0.5220588611885202,0.373684462955741
BIN_001307,C,3,0,7,0.38100034712031733,0.870098101980867,0.389075104019196
BIN_001308,C,3,0,8,0.38100034712031733,1.2181373427732138,0.4067031252346793
BIN_001309,C,3,0,9,0.38100034712031733,1.5661765835655606,0.42651655768242985
BIN_001310,C,3,1,0,0.4502731375058296,-1.5661765835655606,0.4031885530114361
BIN_001311,C,3,1,1,0.4502731375058296,-1.2181373427732138,0.4043606858281876
BIN_001312,C,3,1,2,0.4502731375058296,-0.870098101980867,0.4078734337188469
BIN_001313,C,3,1,3,0.4502731375058296,-0.5220588611885202,0.4137159016172666
BIN_001314,C,3,1,4,0.4502731375058296,-0.17401962039617339,0.42187011775273836
BIN_001315,C,3,1,5,0.4502731375058296,0.17401962039617339,0.43231130666430145
BIN_001316,C,3,1,6,0.4502731375058296,0.5220588611885202,0.44500825788829096
BIN_001317,C,3,1,7,0.4502731375058296,0.870098101980867,0.4599237778081904
BIN_001318,C,3,1,8,0.4502731375058296,1.2181373427732138,0.4770152099288853
BIN_001319,C,3,1,9,0.4502731375058296,1.5661765835655606,0.496235007442359
BIN_001320,C,3,2,0,0.5195459278913418,-1.5661765835655606,0.47587968810244735
BIN_001321,C,3,2,1,0.5195459278913418,-1.2181373427732138,0.4770152099288853
BIN_001322,C,3,2,2,0.5195459278913418,-0.870098101980867,0.4804184559752078
BIN_001323,C,3,2,3,0.5195459278913418,-0.5220588611885202,0.48607951627210544
BIN_001324,C,3,2,4,0.5195459278913418,-0.17401962039617339,0.4939820336705754
BIN_001325,C,3,2,5,0.5195459278913418,0.17401962039617339,0.5041034374268509
BIN_001326,C,3,2,6,0.5195459278913418,0.5220588611885202,0.5164152593369274
BIN_001327,C,3,2,7,0.5195459278913418,0.870098101980867,0.5308835223093119
BIN_001328,C,3,2,8,0.5195459278913418,1.2181373427732138,0.547469189400342
BIN_001329,C,3,2,9,0.5195459278913418,1.5661765835655606,0.566128660112548
BIN_001330,C,3,3,0,0.5888187182768541,-1.5661765835655606,0.5485708231934586
BIN_001331,C,3,3,1,0.5888187182768541,-1.2181373427732138,0.5496719513019449
BIN_001332,C,3,3,2,0.5888187182768541,-0.870098101980867,0.5529723084690266
BIN_001333,C,3,3,3,0.5888187182768541,-0.5220588611885202,0.5584628546781333
BIN_001334,C,3,3,4,0.5888187182768541,-0.17401962039617339,0.566128660112548
BIN_001335,C,3,3,5,0.5888187182768541,0.17401962039617339,0.5759491059348242
BIN_001336,C,3,3,6,0.5888187182768541,0.5220588611885202,0.58789815656691
BIN_001337,C,3,3,7,0.5888187182768541,0.870098101980867,0.6019446952496647
BIN_001338,C,3,3,8,0.5888187182768541,1.2181373427732138,0.618052913096705
BIN_001339,C,3,3,9,0.5888187182768541,1.5661765835655606,0.6361827407900662
BIN_001340,C,3,4,0,0.6580915086623663,-1.5661765835655606,0.62126195828447
BIN_001341,C,3,4,1,0.6580915086623663,-1.2181373427732138,0.6223307144827882
BIN_001342,C,3,4,2,0.6580915086623663,-0.870098101980867,0.62553421487525
BIN_001343,C,3,4,3,0.6580915086623663,-0.5220588611885202,0.6308641905808833
BIN_001344,C,3,4,4,0.6580915086623663,-0.17401962039617339,0.6383069781494076
BIN_001345,C,3,4,5,0.6580915086623663,0.17401962039617339,0.6478436928993471
BIN_001346,C,3,4,6,0.6580915086623663,0.5220588611885202,0.6594504644152117
BIN_001347,C,3,4,7,0.6580915086623663,0.870098101980867,0.6730987274809732
BIN_001348,C,3,4,8,0.6580915086623663,1.2181373427732138,0.6887555604124297
BIN_001349,C,3,4,9,0.6580915086623663,1.5661765835655606,0.7063840618234194
BIN_001350,C,3,5,0,0.7273642990478786,-1.5661765835655606,0.6939530933754812
BIN_001351,C,3,5,1,0.7273642990478786,-1.2181373427732138,0.6949913263214458
BIN_001352,C,3,5,2,0.7273642990478786,-0.870098101980867,0.6981034872082114
BIN_001353,C,3,5,3,0.7273642990478786,-0.5220588611885202,0.7032819931016688
BIN_001354,C,3,5,4,0.7273642990478786,-0.17401962039617339,0.7105143079678463
BIN_001355,C,3,5,5,0.7273642990478786,0.17401962039617339,0.7197830929401605
BIN_001356,C,3,5,6,0.7273642990478786,0.5220588611885202,0.731066410815218
BIN_001357,C,3,5,7,0.7273642990478786,0.870098101980867,0.7443379792500169
BIN_001358,C,3,5,8,0.7273642990478786,1.2181373427732138,0.7595674660253444
BIN_001359,C,3,5,9,0.7273642990478786,1.5661765835655606,0.776720818935857
BIN_001360,C,3,6,0,0.7966370894333908,-1.5661765835655606,0.7666442284664925
BIN_001361,C,3,6,1,0.7966370894333908,-1.2181373427732138,0.7676536328871663
BIN_001362,C,3,6,2,0.7966370894333908,-0.870098101980867,0.770679513613295
BIN_001363,C,3,6,3,0.7966370894333908,-0.5220588611885202,0.7757148999046252
BIN_001364,C,3,6,4,0.7966370894333908,-0.17401962039617339,0.7827482627000177
BIN_001365,C,3,6,5,0.7966370894333908,0.17401962039617339,0.7917636453949842
BIN_001366,C,3,6,6,0.7966370894333908,0.5220588611885202,0.8027408420887833
BIN_001367,C,3,6,7,0.7966370894333908,0.870098101980867,0.8156556187334346
BIN_001368,C,3,6,8,0.7966370894333908,1.2181373427732138,0.8304799716807325
BIN_001369,C,3,6,9,0.7966370894333908,1.5661765835655606,0.8471824174266245
BIN_001370,C,3,7,0,0.8659098798189031,-1.5661765835655606,0.8393353635575037
BIN_001371,C,3,7,1,0.8659098798189031,-1.2181373427732138,0.8403174968742864
BIN_001372,C,3,7,2,0.8659098798189031,-0.870098101980867,0.8432617481272995
BIN_001373,C,3,7,3,0.8659098798189031,-0.5220588611885202,0.848161694660641
BIN_001374,C,3,7,4,0.8659098798189031,-0.17401962039617339,0.8550067095743245
BIN_001375,C,3,7,5,0.8659098798189031,0.17401962039617339,0.8637820759624708
BIN_001376,C,3,7,6,0.8659098798189031,0.5220588611885202,0.8744691428386772
BIN_001377,C,3,7,7,0.8659098798189031,0.870098101980867,0.8870455189554347
BIN_001378,C,3,7,8,0.8659098798189031,1.2181373427732138,0.9014852999310516
BIN_001379,C,3,7,9,0.8659098798189031,1.5661765835655606,0.9177593234943061
BIN_001380,C,3,8,0,0.9351826702044154,-1.5661765835655606,0.912026498648515
BIN_001381,C,3,8,1,0.9351826702044154,-1.2181373427732138,0.9129827954171532
BIN_001382,C,3,8,2,0.9351826702044154,-0.870098101980867,0.9158497020470642
BIN_001383,C,3,8,3,0.9351826702044154,-0.5220588611885202,0.9206212880275163
BIN_001384,C,3,8,4,0.9351826702044154,-0.17401962039617339,0.9272877370717608
BIN_001385,C,3,8,5,0.9351826702044154,0.17401962039617339,0.9358354472590461
BIN_001386,C,3,8,6,0.9351826702044154,0.5220588611885202,0.9462471678989601
BIN_001387,C,3,8,7,0.9351826702044154,0.870098101980867,0.9585021699534875
BIN_001388,C,3,8,8,0.9351826702044154,1.2181373427732138,0.9725764461779216
BIN_001389,C,3,8,9,0.9351826702044154,1.5661765835655606,0.9884429366193747
BIN_001390,C,3,9,0,1.0044554605899276,-1.5661765835655606,0.9847176337395263
BIN_001391,C,3,9,1,1.0044554605899276,-1.2181373427732138,0.985649418240792
BIN_001392,C,3,9,2,1.0044554605899276,-0.870098101980867,0.9884429366193747
BIN_001393,C,3,9,3,1.0044554605899276,-0.5220588611885202,0.9930927015234746
BIN_001394,C,3,9,4,1.0044554605899276,-0.17401962039617339,0.9995896270347983
BIN_001395,C,3,9,5,1.0044554605899276,0.17401962039617339,1.007921116747404
BIN_001396,C,3,9,6,1.0044554605899276,0.5220588611885202,1.0180711842911323
BIN_001397,C,3,9,7,1.0044554605899276,0.870098101980867,1.0300206036475916
BIN_001398,C,3,9,8,1.0044554605899276,1.2181373427732138,1.043747086032197
BIN_001399,C,3,9,9,1.0044554605899276,1.5661765835655606,1.0592254796629803
BIN_001400,C,4,0,0,1.0737282509754398,-1.5661765835655606,1.0574087688305376
BIN_001401,C,4,0,1,1.0737282509754398,-1.2181373427732138,1.0583172660886515
BIN_001402,C,4,0,2,1.0737282509754398,-0.870098101980867,1.0610410568221853
BIN_001403,C,4,0,3,1.0737282509754398,-0.5220588611885202,1.065575053793934
BIN_001404,C,4,0,4,1.0737282509754398,-0.17401962039617339,1.0719108308811245
BIN_001405,C,4,0,5,1.0737282509754398,0.17401962039617339,1.0800367007906977
BIN_001406,C,4,0,6,1.0737282509754398,0.5220588611885202,1.0899378215210282
BIN_001407,C,4,0,7,1.0737282509754398,0.870098101980867,1.1015963293382287
BIN_001408,C,4,0,8,1.0737282509754398,1.2181373427732138,1.1149914955442928
BIN_001409,C,4,0,9,1.0737282509754398,1.5661765835655606,1.130099903921549
BIN_001410,C,4,1,0,1.1430010413609522,-1.5661765835655606,1.130099903921549
BIN_001411,C,4,1,1,1.1430010413609522,-1.2181373427732138,1.1309862493801726
BIN_001412,C,4,1,2,1.1430010413609522,-0.870098101980867,1.1336437060518167
BIN_001413,C,4,1,3,1.1430010413609522,-0.5220588611885202,1.1380675488677137
BIN_001414,C,4,1,4,1.1430010413609522,-0.17401962039617339,1.1442499492359972
BIN_001415,C,4,1,5,1.1430010413609522,0.17401962039617339,1.1521800438205398
BIN_001416,C,4,1,6,1.1430010413609522,0.5220588611885202,1.1618440288588634
BIN_001417,C,4,1,7,1.1430010413609522,0.870098101980867,1.1732252781332606
BIN_001418,C,4,1,8,1.1430010413609522,1.2181373427732138,1.1863044822886668
BIN_001419,C,4,1,9,1.1430010413609522,1.5661765835655606,1.2010598068496354
BIN_001420,C,4,2,0,1.2122738317464643,-1.5661765835655606,1.2027910390125602
BIN_001421,C,4,2,1,1.2122738317464643,-1.2181373427732138,1.2036562870599226
BIN_001422,C,4,2,2,1.2122738317464643,-0.870098101980867,1.2062505615658776
BIN_001423,C,4,2,3,1.2122738317464643,-0.5220588611885202,1.2105694660748259
BIN_001424,C,4,2,4,1.2122738317464643,-0.17401962039617339,1.2166057144247158
BIN_001425,C,4,2,5,1.2122738317464643,0.17401962039617339,1.2243491917928107
BIN_001426,C,4,2,6,1.2122738317464643,0.5220588611885202,1.2337870384901752
BIN_001427,C,4,2,7,1.2122738317464643,0.870098101980867,1.2449037549052326
BIN_001428,C,4,2,8,1.2122738317464643,1.2181373427732138,1.257681325635362
BIN_001429,C,4,2,9,1.2122738317464643,1.5661765835655606,1.2720993605487307
BIN_001430,C,4,3,0,1.2815466221319765,-1.5661765835655606,1.2754821741035713
BIN_001431,C,4,3,1,1.2815466221319765,-1.2181373427732138,1.276327305607163
BIN_001432,C,4,3,2,1.2815466221319765,-0.870098101980867,1.2788613305594696
BIN_001433,C,4,3,3,1.2815466221319765,-0.5220588611885202,1.2830801513582055
BIN_001434,C,4,3,4,1.2815466221319765,-0.17401962039617339,1.2889769753683822
BIN_001435,C,4,3,5,1.2815466221319765,0.17401962039617339,1.2965423692537692
BIN_001436,C,4,3,6,1.2815466221319765,0.5220588611885202,1.305764333622296
BIN_001437,C,4,3,7,1.2815466221319765,0.870098101980867,1.316628396623491
BIN_001438,C,4,3,8,1.2815466221319765,1.2181373427732138,1.3291177248247583
BIN_001439,C,4,3,9,1.2815466221319765,1.5661765835655606,1.3432132494346987
BIN_001440,C,4,4,0,1.3508194125174888,-1.5661765835655606,1.3481733091945827
BIN_001441,C,4,4,1,1.3508194125174888,-1.2181373427732138,1.3489992381803328
BIN_001442,C,4,4,2,1.3508194125174888,-0.870098101980867,1.3514757467743728
BIN_001443,C,4,4,3,1.3508194125174888,-0.5220588611885202,1.3555990097598796
BIN_001444,C,4,4,4,1.3508194125174888,-0.17401962039617339,1.3613626845074822
BIN_001445,C,4,4,5,1.3508194125174888,0.17401962039617339,1.3687579594582
BIN_001446,C,4,4,6,1.3508194125174888,0.5220588611885202,1.3777736207897109
BIN_001447,C,4,4,7,1.3508194125174888,0.870098101980867,1.3883961361023747
BIN_001448,C,4,4,8,1.3508194125174888,1.2181373427732138,1.4006097536925188
BIN_001449,C,4,4,9,1.3508194125174888,1.5661765835655606,1.414396615754878
BIN_001450,C,4,5,0,1.420092202903001,-1.5661765835655606,1.420864444285594
BIN_001451,C,4,5,1,1.420092202903001,-1.2181373427732138,1.421672023875505
BIN_001452,C,4,5,2,1.420092202903001,-0.870098101980867,1.4240935675586675
BIN_001453,C,4,5,3,1.420092202903001,-0.5220588611885202,1.4281254989006333
BIN_001454,C,4,5,4,1.420092202903001,-0.17401962039617339,1.4337618864432415
BIN_001455,C,4,5,5,1.420092202903001,0.17401962039617339,1.4409944870775007
BIN_001456,C,4,5,6,1.420092202903001,0.5220588611885202,1.449812805730228
BIN_001457,C,4,5,7,1.420092202903001,0.870098101980867,1.4602041703669375
BIN_001458,C,4,5,8,1.420092202903001,1.2181373427732138,1.4721538210805816
BIN_001459,C,4,5,9,1.420092202903001,1.5661765835655606,1.485645011838568
BIN_001460,C,4,6,0,1.4893649932885134,-1.5661765835655606,1.4935555793766053
BIN_001461,C,4,6,1,1.4893649932885134,-1.2181373427732138,1.494345607081471
BIN_001462,C,4,6,2,1.4893649932885134,-0.870098101980867,1.4967145713085235
BIN_001463,C,4,6,3,1.4893649932885134,-0.5220588611885202,1.5006591233033943
BIN_001464,C,4,6,4,1.4893649932885134,-0.17401962039617339,1.5061737080396458
BIN_001465,C,4,6,5,1.4893649932885134,0.17401962039617339,1.5132506031136783
BIN_001466,C,4,6,6,1.4893649932885134,0.5220588611885202,1.521879972308513
BIN_001467,C,4,6,7,1.4893649932885134,0.870098101980867,1.532049932968539
BIN_001468,C,4,6,8,1.4893649932885134,1.2181373427732138,1.5437466361251158
BIN_001469,C,4,6,9,1.4893649932885134,1.5661765835655606,1.5569543581402578
BIN_001470,C,4,7,0,1.5586377836740255,-1.5661765835655606,1.5662467144676164
BIN_001471,C,4,7,1,1.5586377836740255,-1.2181373427732138,1.5670199369170954
BIN_001472,C,4,7,2,1.5586377836740255,-0.870098101980867,1.5693385552354653
BIN_001473,C,4,7,3,1.5586377836740255,-0.5220588611885202,1.5731994294357718
BIN_001474,C,4,7,4,1.5586377836740255,-0.17401962039617339,1.5785973497719772
BIN_001475,C,4,7,5,1.5586377836740255,0.17401962039617339,1.5855250716987177
BIN_001476,C,4,7,6,1.5586377836740255,0.5220588611885202,1.593973364049058
BIN_001477,C,4,7,7,1.5586377836740255,0.870098101980867,1.6039310696900826
BIN_001478,C,4,7,8,1.5586377836740255,1.2181373427732138,1.6153851777401902
BIN_001479,C,4,7,9,1.5586377836740255,1.5661765835655606,1.6283209062805029
BIN_001480,C,4,8,0,1.6279105740595379,-1.5661765835655606,1.6389378495586278
BIN_001481,C,4,8,1,1.6279105740595379,-1.2181373427732138,1.639694966738933
BIN_001482,C,4,8,2,1.6279105740595379,-0.870098101980867,1.64196533341182
BIN_001483,C,4,8,3,1.6279105740595379,-0.5220588611885202,1.645746001367769
BIN_001484,C,4,8,4,1.6279105740595379,-0.17401962039617339,1.6510320781428058
BIN_001485,C,4,8,5,1.6279105740595379,0.17401962039617339,1.6578167585107995
BIN_001486,C,4,8,6,1.6279105740595379,0.5220588611885202,1.6660913679108198
BIN_001487,C,4,8,7,1.6279105740595379,0.870098101980867,1.6758454171691155
BIN_001488,C,4,8,8,1.6279105740595379,1.2181373427732138,1.6870666677216826
BIN_001489,C,4,8,9,1.6279105740595379,1.5661765835655606,1.6997412064103479
BIN_001490,C,4,9,0,1.69718336444505,-1.5661765835655606,1.711628984649639
BIN_001491,C,4,9,1,1.69718336444505,-1.2181373427732138,1.7123706537091004
BIN_001492,C,4,9,2,1.69718336444505,-0.870098101980867,1.714594735054763
BIN_001493,C,4,9,3,1.69718336444505,-0.5220588611885202,1.7182984569574855
BIN_001494,C,4,9,4,1.69718336444505,-0.17401962039617339,1.7234772190151375
BIN_001495,C,4,9,5,1.69718336444505,0.17401962039617339,1.7301246205815692
BIN_001496,C,4,9,6,1.69718336444505,0.5220588611885202,1.7382324999936019
BIN_001497,C,4,9,7,1.69718336444505,0.870098101980867,1.7477909840401902
BIN_001498,C,4,9,8,1.69718336444505,1.2181373427732138,1.7587885469837021
BIN_001499,C,4,9,9,1.69718336444505,1.5661765835655606,1.771212078326084
