sku_id,avg_actual_demand,avg_predicted_demand,mae,mape,mape_coverage_pct,r2_score
SKU_00000,55.43589743589744,54.04289925879563,8.821945364319022,18.30877418072416,100.0,0.5133694702356758
SKU_00001,3.4017094017094016,3.3083630316277857,0.7415401254624043,26.610254982539587,99.71509971509973,0.4123686861537692
SKU_00002,120.09401709401709,119.72185843181067,20.468568736331754,20.56570309395854,100.0,0.48400678380146844
SKU_00003,67.86039886039886,66.24211987496442,11.412856732593303,21.130049553574594,100.0,0.5110557321865319
SKU_00004,0.6666666666666666,0.6790365264286683,0.28785434373763213,20.940312820261923,66.0968660968661,0.3509164532297985
SKU_00005,15.91168091168091,15.774374363599,2.75368507822015,20.896648355325013,100.0,0.5250545254892569
SKU_00006,33.111111111111114,33.20996021460264,5.674364020851603,20.185382347174,100.0,0.4606946130102123
SKU_00007,30.643874643874643,30.16126300432743,5.233300339122783,20.6841952851875,100.0,0.4954884044978306
SKU_00008,4.561253561253562,4.510537367600661,0.8791760350564265,22.592096371554074,99.43019943019942,0.4810123981553648
SKU_00009,6.518518518518518,6.539818127780218,1.1887924160033547,22.151432477690747,100.0,0.4487897762050068
SKU_00010,108.66951566951568,107.79334876068637,18.380824614793827,19.33694946530056,100.0,0.5053566419267992
SKU_00011,14.051282051282051,14.088995982608903,2.339476615445227,19.436567463023458,100.0,0.5355340560476078
SKU_00012,43.894586894586894,43.25983010839533,7.1617578155974035,21.19273776288961,100.0,0.4808340213753698
SKU_00013,32.324786324786324,32.00262410824116,5.501737831324934,20.795895716837016,100.0,0.5120328592160821
SKU_00014,67.13960113960114,66.39565050601958,11.774652435229374,21.18557428525271,100.0,0.49330662043806395
SKU_00015,128.5954415954416,129.07089603456677,20.8053614352843,18.989080093624352,100.0,0.43484920670432703
SKU_00016,76.38461538461539,76.04280648136411,12.269811124883146,19.208270654020023,100.0,0.5191225609223392
SKU_00017,101.82051282051282,101.41144691233622,16.711989155182472,18.712883272730753,100.0,0.4925847328189331
SKU_00018,81.09116809116809,80.81681644916536,13.371388872464498,19.36062152389221,100.0,0.4589395227684875
SKU_00019,12.871794871794872,12.7746805968108,2.2056252626951602,21.05724409207793,100.0,0.5412079872852231
SKU_00020,114.3076923076923,112.3897832265267,20.39695671430001,22.259619820578976,100.0,0.47980203753559736
SKU_00021,32.81766381766382,32.78852722074232,5.78207288168774,20.35223376018534,100.0,0.474826116216159
SKU_00022,60.27065527065527,59.92550959011428,9.674878586646157,18.349996699502697,100.0,0.5131902536752266
SKU_00023,53.66096866096866,53.07353429661857,9.421288269367652,21.13787388377303,100.0,0.4602310316636459
SKU_00024,78.06267806267806,77.60178946124182,13.067205082317363,19.329288151734904,100.0,0.4835222860079701
SKU_00025,45.370370370370374,45.16898677865325,7.698988872545737,20.024256007797582,100.0,0.5294961016062634
SKU_00026,122.98290598290598,121.61577136649026,20.30200281764707,19.523734852278405,100.0,0.4893357773060071
SKU_00027,101.94871794871794,100.6703656468636,15.945100019290576,18.43899308608668,100.0,0.5483236222027061
SKU_00028,23.623931623931625,23.616183368229123,4.158098903476683,21.05454271678536,100.0,0.4981188356489906
SKU_00029,66.13675213675214,65.38539182443564,11.102364047809884,19.865164680090956,100.0,0.5041586041741793
SKU_00030,11.11111111111111,11.017063709405754,2.0411106083128185,21.4159303180488,100.0,0.5073577646916323
SKU_00031,30.62962962962963,30.896755579784724,5.580251346541266,21.486788497715366,100.0,0.46168850690041274
SKU_00032,40.62108262108262,40.249316414452004,7.009599733301717,20.630729866703064,100.0,0.5020613005629762
SKU_00033,21.54700854700855,21.275963611072964,3.4670206484971224,18.767569674551922,100.0,0.56045237933256
SKU_00034,49.36182336182336,49.6783631710585,7.855021909431175,18.626730523296608,100.0,0.518638180677542
SKU_00035,115.12250712250712,114.54624058234046,19.484534975555206,20.73925307065621,100.0,0.46279017757853913
SKU_00036,81.33618233618233,80.05006245466379,13.679447109543021,21.10693714036282,100.0,0.4923332391313566
SKU_00037,95.25641025641026,92.79047618173806,14.80811658968613,17.94364100945885,100.0,0.5139265163969515
SKU_00038,18.108262108262107,18.190040652059082,3.106729793242919,19.911556622257383,100.0,0.5026916037368889
SKU_00039,99.29629629629629,98.89301285376914,16.441443565564278,20.151709032509107,100.0,0.5026725828637661
SKU_00040,69.77492877492878,68.94299637660002,11.289025782350121,19.367718522004633,100.0,0.5364214502029456
SKU_00041,52.98005698005698,51.759995327885676,9.380701995133675,22.88846212622562,100.0,0.49788031891885587
SKU_00042,101.68376068376068,100.77781983513778,17.14773136776397,22.23435489023953,100.0,0.497916213077229
SKU_00043,48.38461538461539,48.26908277802997,8.423919476844647,20.073441826653074,100.0,0.47360395291102786
SKU_00044,1.4472934472934473,1.4413001351376884,0.33004261243377314,20.890106840761835,95.15669515669516,0.405460586019888
SKU_00045,59.07122507122507,58.40899628307405,10.059343926842056,20.88177537698186,100.0,0.4582264615505294
SKU_00046,66.22222222222223,65.33187757801807,10.49099407763223,19.188491346026286,100.0,0.538921821766079
SKU_00047,25.754985754985753,25.558726043103427,4.152539075269998,19.092465457314233,100.0,0.5156690908438418
SKU_00048,97.25356125356126,97.2433979599564,15.41506434403933,17.92789820387202,100.0,0.5248160543783758
SKU_00049,83.4045584045584,83.37840669583052,14.042824794084598,21.127638688419758,100.0,0.5323493224995481
SKU_00050,36.96866096866097,36.6371818164475,6.54391089854417,21.23817704491758,100.0,0.48430415037916374
SKU_00051,44.89173789173789,44.78841716407711,7.5006862911064065,20.028223655894934,100.0,0.47019080259747004
SKU_00052,82.03703703703704,82.89321672992828,14.147324329682565,20.251589689909494,100.0,0.5045627882334147
SKU_00053,7.84045584045584,7.901339813514992,1.3868287085128306,21.623109065424714,100.0,0.5135077899071906
SKU_00054,86.73504273504274,85.48411031869742,14.545825950100891,20.123911603634735,100.0,0.55185367720399
SKU_00055,55.333333333333336,54.20123851537025,10.337113759456537,23.082271405940254,99.71509971509973,0.45517140906213915
SKU_00056,64.23076923076923,62.9480685730945,10.706941267533859,21.26036644788567,100.0,0.5082783959476973
SKU_00057,34.47578347578347,34.23064940233855,5.855448080943179,19.319427541323993,100.0,0.4673309281545571
SKU_00058,113.44444444444444,112.5685344139735,20.05083399450677,21.333655650489444,100.0,0.45864740953021144
SKU_00059,78.52136752136752,78.54938879074193,13.569405699727202,20.241917439617744,100.0,0.4775560585988935
SKU_00060,17.675213675213676,17.130913711511173,3.134059618850719,20.10626013433463,99.71509971509973,0.4934017577470532
SKU_00061,122.92022792022792,121.4115071064047,20.760368111296597,20.318780586550044,100.0,0.47538149482020275
SKU_00062,42.25356125356125,41.52893421818049,6.73473664252167,18.420577510427982,100.0,0.5300947181421678
SKU_00063,20.65811965811966,20.460127090287006,3.344005660283939,18.601851266121702,100.0,0.5474043656628602
SKU_00064,74.92592592592592,75.45393920657982,12.310348760708106,19.36183504076544,100.0,0.5281216170270876
SKU_00065,131.04843304843305,129.19028847603036,22.479049077146072,19.95552942240195,100.0,0.4797899806812771
SKU_00066,77.62393162393163,77.70848881213414,13.03166807343138,20.16962807561008,100.0,0.48038914743163696
SKU_00067,36.61538461538461,36.22803379998587,6.459846495308428,20.00347178729302,100.0,0.4768108733081826
SKU_00068,25.270655270655272,25.294998904069264,4.230182235736793,19.15754305728786,100.0,0.5130446789887543
SKU_00069,40.82051282051282,40.94389838617073,6.8004482234814905,20.149134772361833,100.0,0.5453153925400714
SKU_00070,121.17948717948718,122.72223787226228,21.045315326788486,20.75219637735793,100.0,0.4990337678390643
SKU_00071,22.82051282051282,22.517470412784157,4.0683406995572255,21.96305921453688,100.0,0.4635300378685572
SKU_00072,1.245014245014245,1.2746417910879493,0.3897544146008641,24.47822446259447,89.17378917378917,0.3727462772848874
SKU_00073,102.41310541310541,100.67774896268492,16.333663068265995,18.96356393206173,100.0,0.526346384904972
SKU_00074,78.85470085470085,78.86896185572671,13.277801724750432,19.783043477326345,100.0,0.4929280393029021
SKU_00075,27.763532763532762,27.50361651394442,4.423449415511895,18.887549673826676,100.0,0.5710320098245438
SKU_00076,76.20797720797721,74.80731681727956,12.336959605712833,22.758365220271365,100.0,0.5607472076852145
SKU_00077,82.15669515669515,79.67248027557322,13.000529305802452,18.619070627107433,100.0,0.5487513692466184
SKU_00078,132.6011396011396,128.90673728563166,23.449292052335547,21.98490614636086,100.0,0.46589764182888416
SKU_00079,37.7008547008547,38.13139484682654,6.268781771007766,19.579533331845436,100.0,0.4865807578553655
SKU_00080,10.193732193732194,10.09754350993708,1.872151627499833,22.840723784237657,100.0,0.476812031333386
SKU_00081,81.39886039886039,79.90742686068229,14.045821886032059,21.747956912182318,100.0,0.5210137611277998
SKU_00082,110.65242165242165,108.54267481181697,18.038050105429104,20.502670127216607,100.0,0.44530199440978635
SKU_00083,114.0997150997151,114.22654069590773,18.82671474493467,19.44477824445881,100.0,0.4920725491555138
SKU_00084,44.72364672364672,44.289896295960475,7.195382844688546,19.068118943680656,100.0,0.5148322366360396
SKU_00085,124.01994301994301,121.28529111926372,21.174102305262178,20.863463456445356,100.0,0.45222277691391255
SKU_00086,79.74074074074075,79.61574138654264,11.956735106105478,17.568175961152722,100.0,0.5661101541072855
SKU_00087,23.16809116809117,22.917675853454828,3.99200293786845,20.309888322774135,100.0,0.5118467513888951
SKU_00088,35.18518518518518,34.50398508376546,5.913223916224265,20.391093609794897,100.0,0.514947752405355
SKU_00089,90.05982905982906,89.93960395625174,14.38170105668894,19.01045173225142,100.0,0.541344822919353
SKU_00090,54.17663817663818,53.936435827842125,8.646826061937544,18.173331333427974,100.0,0.5071761188038058
SKU_00091,49.6011396011396,49.0992456468252,8.070068914411415,19.836556483058214,100.0,0.5411243444842322
SKU_00092,28.74928774928775,28.660935930037432,5.043921120486028,20.365833158893164,100.0,0.49376972745730985
SKU_00093,100.77207977207978,99.57700817809143,17.25481465671137,20.731711164948955,100.0,0.5073335027125598
SKU_00094,108.6039886039886,108.64821212685686,18.422354710747374,19.691250643717797,100.0,0.45846771160474586
SKU_00095,66.17094017094017,65.2137376160024,10.90450649349778,21.39901882052764,100.0,0.5429921805578877
SKU_00096,9.11965811965812,9.028045085081008,1.6498116183484721,24.75712807093075,100.0,0.5250751751377137
SKU_00097,34.643874643874646,34.595240295442764,5.590001502267995,18.767583500454645,100.0,0.5186213712744367
SKU_00098,29.754985754985753,29.26261492264577,4.903560359933098,19.717541032799364,100.0,0.4931380794838012
SKU_00099,90.88603988603988,90.26507174060215,14.545395675462874,18.1934621821866,100.0,0.4973836082633437
SKU_00100,53.82905982905983,52.7838474214077,8.970639443889983,29.733798964156755,100.0,0.5296989280902495
SKU_00101,5.35042735042735,5.320397537488204,0.9940774430576551,22.749746886281585,100.0,0.4532542318007615
SKU_00102,123.63817663817663,122.47337500254314,20.751433774616643,21.034733699408264,100.0,0.4903461621602446
SKU_00103,90.89173789173789,89.63991826662311,16.757142498876973,23.163199910848363,100.0,0.43672511221944055
SKU_00104,67.45868945868946,66.07148543458719,11.52988431468988,23.751319990982132,100.0,0.5334014664633331
SKU_00105,89.08547008547009,89.26746963138594,13.984858833741598,18.013182408519935,100.0,0.5004546552550801
SKU_00106,96.48717948717949,94.58574352891017,16.49892553670114,20.553598075169226,100.0,0.4928717836805484
SKU_00107,91.17378917378917,90.42122044420651,15.136105173843202,19.56320418096151,100.0,0.5354740675993188
SKU_00108,127.3076923076923,126.64342850973124,20.15765636904627,18.287084684503334,100.0,0.5041673604652817
SKU_00109,111.7948717948718,109.81836696499774,17.546840785915016,19.40093293425139,100.0,0.5679370993918275
SKU_00110,69.31623931623932,68.57906031124612,11.855448186652271,20.164082292007137,100.0,0.5003205063319663
SKU_00111,67.76638176638177,67.68353863964732,11.666689304884343,20.384799073349793,100.0,0.45717921945504314
SKU_00112,127.46153846153847,124.94480614606132,22.637327423037963,22.351522376806,100.0,0.4830914356382082
SKU_00113,98.0,96.55945125748629,16.013700400747126,19.241432835711013,100.0,0.5247853983872086
SKU_00114,12.162393162393162,12.031159644113304,2.1538488178850916,20.708016334392724,100.0,0.5037936558615647
SKU_00115,41.15099715099715,41.000342356853004,6.818957111434719,19.167388299792062,100.0,0.5308354258214278
SKU_00116,65.86039886039886,66.35359535784464,9.874731057729475,17.592286140922752,100.0,0.5782434807368579
SKU_00117,24.464387464387464,24.33067143880404,4.445275772670735,21.789159590005013,100.0,0.48250160060368497
SKU_00118,86.92307692307692,86.93402546797044,14.47460943137818,19.79868778405753,100.0,0.5204658552532788
SKU_00119,118.17378917378917,117.79623849116841,19.843468241542155,20.23507853038593,100.0,0.5223145148052362
SKU_00120,115.56695156695157,116.62240492991911,19.363107980146705,20.202704589669356,100.0,0.5457462208007282
SKU_00121,4.772079772079772,4.6760065081792,0.8669926386613113,23.049822137267178,100.0,0.5576380188253808
SKU_00122,124.66666666666667,124.06619633059216,20.955285091345807,20.987279178768034,100.0,0.4971709028856979
SKU_00123,114.24786324786325,112.25578673374959,19.941392843879527,20.803770280333737,100.0,0.4697813637265452
SKU_00124,87.73219373219374,87.04747789809507,15.676932872190774,21.119036136936863,100.0,0.5195232019588572
SKU_00125,103.11396011396012,102.7435814325626,17.655936420812907,21.050181315315736,100.0,0.4901821159874634
SKU_00126,1.9886039886039886,1.973293229725286,0.4964186588243881,27.7097168790962,98.86039886039886,0.45229747030013046
SKU_00127,109.51851851851852,107.0977179107503,19.862457567470365,21.290651407876457,99.71509971509973,0.4466410523686326
SKU_00128,80.5982905982906,80.43457282200838,14.617127673918025,21.79212309807349,100.0,0.4230672007062074
SKU_00129,95.76638176638177,95.46023425621185,14.065701375320087,17.112892674706686,100.0,0.5296535788448458
SKU_00130,39.401709401709404,39.14892469452657,6.823181744059946,20.764336467902133,100.0,0.4819475781248229
SKU_00131,131.32193732193733,129.77901110112498,20.934982664225107,18.247405371398145,100.0,0.5334758948842204
SKU_00132,66.52991452991454,66.53072788980272,10.89007740143018,19.51276360947546,100.0,0.5238168669113294
SKU_00133,40.29059829059829,39.715487782856684,7.202351044131141,28.523943082269795,100.0,0.44689293901108595
SKU_00134,136.18233618233617,132.65243721076226,21.772146748681358,18.88243885718601,100.0,0.5103551013411161
SKU_00135,43.598290598290596,42.74343045552572,6.845669080728819,18.15499328792051,100.0,0.5357018043540629
SKU_00136,105.07692307692308,103.23662948064994,17.48532122424525,20.81385000205353,100.0,0.5223066120600995
SKU_00137,114.34188034188034,112.61895018374479,19.35318940809989,19.681637123281448,100.0,0.47538462600207765
SKU_00138,98.7977207977208,97.10988460442958,17.673592646237452,21.149310857897238,100.0,0.44447440962047235
SKU_00139,92.78917378917379,92.53229776254067,14.462644301418566,17.943032208874204,100.0,0.518094297434821
SKU_00140,31.344729344729345,30.85260182704002,5.545729299386342,21.20046597156894,100.0,0.439228745640043
SKU_00141,112.02279202279202,112.45198351034412,18.516467719930528,18.43355798065288,100.0,0.48577701200668866
SKU_00142,47.028490028490026,46.68875018212191,8.042544645971043,20.427408277069546,100.0,0.540929215892828
SKU_00143,74.13960113960114,73.94211444114349,12.540795167287191,21.284881035486364,100.0,0.5191555635375076
SKU_00144,118.68091168091168,118.90901898480209,19.33722311402658,18.847333265560458,100.0,0.5209356190353895
SKU_00145,38.72649572649573,38.81131744053628,6.458270041606365,19.58502853620049,100.0,0.5447925950907815
SKU_00146,42.623931623931625,41.96715059570777,6.673536570917847,18.426749417737067,100.0,0.5427857065350463
SKU_00147,22.025641025641026,21.761108430787033,3.6127855568020433,19.964902141454008,100.0,0.4891561019748991
SKU_00148,19.364672364672366,19.13051974467742,3.2534291221205667,20.341479449683664,100.0,0.5082727955148905
SKU_00149,1.772079772079772,1.6907828661621127,0.48074516942698053,26.30767548190696,95.72649572649573,0.3944694198537164
SKU_00150,129.008547008547,128.1113935528997,20.673115714492962,18.59632716456305,100.0,0.5267005429076744
SKU_00151,30.894586894586894,30.154778257734076,5.350449801510216,21.55731244996796,100.0,0.528335507817079
SKU_00152,49.15669515669516,48.932661511959175,8.461307574880768,20.848466174273465,100.0,0.5519597341722391
SKU_00153,85.53846153846153,84.28475126649579,12.78062611122077,16.84834774726094,100.0,0.473678749340123
SKU_00154,70.5925925925926,69.44111864052266,12.081974966488673,20.97732068710837,100.0,0.4358672367830183
SKU_00155,116.81481481481481,116.78704888800269,20.198108604830555,20.973606919822018,100.0,0.5251885283890899
SKU_00156,20.86894586894587,20.472456966200447,3.5610712673249747,21.319221894893914,100.0,0.44860404755065
SKU_00157,51.6011396011396,50.94004453570075,8.661486500518613,20.23456236712665,100.0,0.5138726660990682
SKU_00158,68.47293447293447,67.48471512244298,11.398385975435588,21.02438390468881,100.0,0.5199922254414322
SKU_00159,71.36467236467236,70.13129294478995,11.631466673989582,21.226185668249922,100.0,0.5448303442947084
SKU_00160,128.52706552706553,126.67256474087381,22.100303750092486,20.64183129739334,100.0,0.4781461922266118
SKU_00161,67.34188034188034,66.2248605491429,11.385474272263355,20.893236442727513,100.0,0.4949083428582042
SKU_00162,80.53276353276354,80.21119904789829,13.028531038693213,19.26390193051323,100.0,0.532816414790006
SKU_00163,21.76068376068376,21.56604201391212,3.4772007420361883,19.691990224784924,100.0,0.5973348577592275
SKU_00164,19.82051282051282,19.867253893800612,3.5337778214375857,21.026688767715715,100.0,0.446232439564365
SKU_00165,92.65527065527066,91.7112575273568,13.56311554820449,16.69374816653435,100.0,0.5714390066876522
SKU_00166,28.085470085470085,28.00543744407828,4.831951917746128,20.557781652525637,100.0,0.4878494257761439
SKU_00167,102.54985754985755,103.71626843635173,17.392390887451988,19.08940212886502,100.0,0.44092841306322517
SKU_00168,95.61253561253561,94.55689400103357,14.379905512105365,17.07832816387245,100.0,0.5640159266673662
SKU_00169,48.27350427350427,48.083952844397636,8.306719649126727,20.034876938620734,100.0,0.44483984176895663
SKU_00170,122.52136752136752,123.70758039574338,19.34223112964902,18.917644107142422,100.0,0.5212596763827019
SKU_00171,48.66096866096866,47.778242729837736,7.468474387613117,17.36951811605742,100.0,0.5048561820242246
SKU_00172,48.80911680911681,48.76122981445741,8.454538964308226,19.794188035887874,100.0,0.4667592692258258
SKU_00173,126.27635327635328,124.5414199122676,20.688046724368366,21.167762299903433,100.0,0.5014755880272996
SKU_00174,65.22792022792022,64.8352451253141,11.588370004440643,21.573575387483725,100.0,0.4350697529813471
SKU_00175,120.6068376068376,119.15799202198995,20.346741535215298,20.975448385793243,100.0,0.5124534908085759
SKU_00176,87.51851851851852,87.22420613548356,13.566563552940673,17.703145646498278,100.0,0.5420136520438048
SKU_00177,48.76068376068376,48.7959584065652,7.619158667716545,18.911306770779962,100.0,0.5719380460881943
SKU_00178,102.32193732193733,100.43396401294956,17.282877196698447,21.26528269171799,100.0,0.46953844794042154
SKU_00179,62.965811965811966,62.393307090060325,10.311726992201601,19.885595830149878,100.0,0.4989564352262681
SKU_00180,71.4074074074074,71.00815402068984,11.545131086284279,19.378992856614467,100.0,0.5184720693081373
SKU_00181,79.03418803418803,78.31332496428422,13.750104321373833,20.951698510782766,100.0,0.45338316855909944
SKU_00182,78.53276353276354,77.56420154517193,13.120595070711229,19.880160021151344,100.0,0.5013231494200417
SKU_00183,126.23931623931624,124.73652097964899,20.635231516809544,19.020338019185147,100.0,0.49702166930247393
SKU_00184,118.24501424501425,118.06688165741089,19.785726508778385,19.20024117126723,100.0,0.45243052566982644
SKU_00185,42.464387464387464,41.91686233088501,7.253499438280394,24.809170413409195,100.0,0.491846965030026
SKU_00186,70.28490028490029,70.97856709378058,11.292597104426463,18.288602713437285,100.0,0.4594059408269706
SKU_00187,109.06267806267806,107.43713905872445,18.09976849460874,19.694342129707863,100.0,0.5014354492623112
SKU_00188,91.9031339031339,90.99269782121364,15.437274407627235,21.3980839380199,100.0,0.532797720574798
SKU_00189,11.185185185185185,11.074693375503236,1.8692507268356802,19.029276008726278,100.0,0.5232771983667135
SKU_00190,40.62108262108262,39.66650346609262,6.5482700102010005,22.535994311025675,100.0,0.4616290685779416
SKU_00191,59.686609686609685,59.95941161498045,9.186825272024867,17.764609334738765,100.0,0.5404053420114252
SKU_00192,10.646723646723647,10.333004258127295,1.823983782037371,21.37907408409096,100.0,0.553404286845007
SKU_00193,14.279202279202279,14.09322703954501,2.402368376397679,20.430189176606824,100.0,0.5426317322551097
SKU_00194,126.74928774928775,126.12612234000804,20.828929519551433,19.4224951853911,100.0,0.5308101262103968
SKU_00195,116.01994301994301,114.75791906563305,19.323283823127422,19.866102943037383,100.0,0.5247788624845899
SKU_00196,80.1994301994302,79.62016673373361,12.804289616750516,18.550751216905436,100.0,0.57792195598372
SKU_00197,111.27350427350427,110.93549097917358,19.474673983633007,20.514845678683326,100.0,0.4548374836194292
SKU_00198,26.843304843304843,26.32401862579193,4.448093061773186,20.345114479240188,100.0,0.5124619105113903
SKU_00199,7.994301994301995,7.89331465297275,1.4064712222145492,23.20644605907839,100.0,0.48466589275008554
SKU_00200,114.33903133903134,113.90241665344293,19.59517800468325,20.009712012226398,100.0,0.46894730856779043
SKU_00201,56.95156695156695,56.6393159807068,9.16191061006652,18.448287878122567,100.0,0.48799107126363495
SKU_00202,58.78347578347579,58.382724476675705,10.141867721861923,20.08793704082693,100.0,0.452517984902579
SKU_00203,125.83475783475784,123.89522000510469,20.562968357166334,19.81326270052403,100.0,0.5020131448285013
SKU_00204,103.23361823361823,101.41116312375435,18.05582289970838,22.22710390376558,100.0,0.49179414153775713
SKU_00205,25.56980056980057,25.47205414018061,4.148241429926663,19.482200386983592,100.0,0.5195447925975896
SKU_00206,130.8945868945869,128.92411407412288,21.451263229731477,19.42963423841895,100.0,0.5056175826923888
SKU_00207,136.2849002849003,134.28911412679233,22.688822893675237,19.428146114810925,100.0,0.5065948193950144
SKU_00208,6.3076923076923075,6.335665302398877,1.246128484054848,25.462714861157114,100.0,0.4678757319322261
SKU_00209,51.12250712250712,51.01836898931411,9.158085454223503,21.214393146294572,100.0,0.4475724843915321
SKU_00210,51.598290598290596,50.76882419482595,9.294117733199371,30.96400417891983,100.0,0.512407584110506
SKU_00211,4.037037037037037,3.925082351492341,0.7934565957625028,24.88673030975319,99.71509971509973,0.47063224874474796
SKU_00212,30.487179487179485,30.551217303316818,5.4207290380429,21.67675771889231,100.0,0.5276485632018342
SKU_00213,84.0968660968661,83.33985932812392,14.285538714241099,20.39590893954573,100.0,0.47443232981858174
SKU_00214,16.507122507122507,16.314393242200214,2.8865493328822645,20.468104712912538,100.0,0.47858282131108887
SKU_00215,73.1880341880342,71.13734354881142,12.516181733024084,21.796986281672517,100.0,0.4304587174527622
SKU_00216,94.11965811965813,93.55253512439904,15.722867024844868,20.061735965394004,100.0,0.5302845392810116
SKU_00217,57.116809116809115,56.22660301112042,8.898667361152139,18.20549962332361,100.0,0.5507751523787402
SKU_00218,19.883190883190885,19.673302313710888,3.4547250985759614,19.84795674200211,100.0,0.5082262202408125
SKU_00219,53.43019943019943,52.44091555637512,8.736077895870915,19.782701576307847,100.0,0.5471580043792208
SKU_00220,5.615384615384615,5.5799429031179155,1.003956541206762,20.812756103382053,100.0,0.4273665849035778
SKU_00221,129.25641025641025,128.61055216830002,23.21661399640249,20.39712749632257,100.0,0.4664215051449665
SKU_00222,83.53846153846153,83.55748346074353,14.441009207243933,19.95934749307883,100.0,0.5035243715586508
SKU_00223,49.396011396011396,49.089298652447866,8.178366504163824,18.422628811991764,100.0,0.4617117714575323
SKU_00224,108.77492877492878,106.61105197973741,17.91237258928114,20.423085123176197,100.0,0.5177549858729267
SKU_00225,90.37606837606837,89.57385258066688,14.72457960867814,19.466694121446626,100.0,0.5092841709976306
SKU_00226,89.31339031339031,88.42714228869504,14.878485832034352,20.098177844199196,100.0,0.4818240330654646
SKU_00227,72.07122507122507,71.5742933237315,11.642171967063536,18.612463235238277,100.0,0.4984947147486486
SKU_00228,125.4045584045584,124.42980369942481,20.24618806908613,19.583899368407426,100.0,0.5492799250447266
SKU_00229,56.675213675213676,55.713351090409475,10.151672042842604,21.298014680591802,100.0,0.46912359827976247
SKU_00230,10.11111111111111,10.129807515022083,1.8966724757115725,24.211282707699617,100.0,0.46775146080917385
SKU_00231,6.598290598290598,6.503281326375456,1.131857040431085,22.290065691533545,100.0,0.5345668270468806
SKU_00232,61.96866096866097,62.50060221985874,9.788478090892148,18.39828622237493,100.0,0.5117196389186774
SKU_00233,133.13105413105413,130.9220418463915,23.946985517726663,21.70474334202303,100.0,0.5133861788018095
SKU_00234,134.36182336182335,133.144990855812,22.003864587202372,19.794543351897122,100.0,0.5081568261926507
SKU_00235,24.56125356125356,24.25387178858121,4.0490453295048825,19.719927597215317,100.0,0.4749075147423677
SKU_00236,7.358974358974359,7.305949821516318,1.3866987022069783,24.320933076435658,100.0,0.4698447304998189
SKU_00237,134.67236467236467,133.0428112880287,23.55926516499275,22.09613020976659,100.0,0.4506166693837206
SKU_00238,129.0940170940171,127.63504568200845,22.463370777348167,20.73936503740302,100.0,0.4462374852381973
SKU_00239,33.72364672364672,33.714542353509835,6.315294595780196,21.942580045583174,100.0,0.4558250768012658
SKU_00240,108.91737891737891,107.45829210016463,18.408202165552016,41.03722573735807,100.0,0.49526828791526767
SKU_00241,7.364672364672365,7.255590671148057,1.264615091503176,21.024481957165214,100.0,0.4895911627993592
SKU_00242,62.07692307692308,62.05539892541717,10.745792844017007,21.54849599629224,100.0,0.5500482891573131
SKU_00243,31.683760683760685,31.300741963916355,5.100294465183193,18.78176011143175,100.0,0.4820306000677317
SKU_00244,99.72934472934473,99.16109815664441,16.85449798519795,20.349085149309488,100.0,0.5219912695838349
SKU_00245,116.05982905982906,114.6401008944056,20.070921969974144,20.413550592416996,100.0,0.5052078343394851
SKU_00246,100.63247863247864,100.30702001620561,16.642827145054813,19.72507671034092,100.0,0.5027454131280533
SKU_00247,73.3048433048433,73.09182602141658,12.331682928352274,19.88412439345773,100.0,0.5172467484439902
SKU_00248,50.84045584045584,49.85569596901917,8.528467955412687,20.475199341548276,100.0,0.47673042233352936
SKU_00249,133.4102564102564,130.2802315277931,22.590639161248493,21.22827407910667,100.0,0.46691841730345374
SKU_00250,72.46723646723646,72.29408545779367,11.718540880415174,20.018241858697543,100.0,0.48240803729035076
SKU_00251,70.77777777777777,68.58428740501404,12.243724696996205,26.707982267690056,100.0,0.46624684472202516
SKU_00252,90.44444444444444,91.29155396396278,14.424107682670963,18.687078429594695,100.0,0.5120761298738132
SKU_00253,27.125356125356124,26.94031864820722,4.4148177395009585,19.24587177377124,100.0,0.5308118514707094
SKU_00254,58.23076923076923,58.21083086338478,9.653679475825058,19.568205430931236,100.0,0.5410278338110488
SKU_00255,83.81766381766381,83.14729810830875,14.041584561523209,19.544591331518177,100.0,0.5382573989639461
SKU_00256,26.726495726495727,26.53434168961313,4.576350620414456,21.012348080245488,100.0,0.5116412436854005
SKU_00257,2.8774928774928776,2.856023365106338,0.6022157738691042,25.845893724475587,99.71509971509973,0.43578982559251445
SKU_00258,94.87179487179488,93.28223744722511,16.102710717593844,21.462604419872648,100.0,0.5306451324161552
SKU_00259,87.77207977207978,86.29360733769218,14.63215968309984,19.542270895198563,100.0,0.4758223641407955
SKU_00260,18.928774928774928,18.825738026036156,3.257277926997921,20.08130571216856,100.0,0.4564513063331953
SKU_00261,35.73789173789174,35.59569673456697,5.388092447210242,17.474902560868045,100.0,0.5536199283060212
SKU_00262,101.14814814814815,101.56041158570184,17.02614459352955,19.56468015919632,100.0,0.5085077834707545
SKU_00263,86.17663817663818,84.8803172945297,16.12665724873203,22.461426811804188,100.0,0.44868699155834924
SKU_00264,2.54985754985755,2.5202192531691656,0.5540555724051603,26.775676636468795,99.71509971509973,0.5092732261737041
SKU_00265,14.763532763532764,14.405796806017557,2.5823503973816875,19.90048384070677,99.71509971509973,0.4731774451305081
SKU_00266,29.205128205128204,29.09080416999991,5.085456928296646,20.155921453689146,100.0,0.4552925357666512
SKU_00267,129.96296296296296,129.81559307758624,22.662116368611656,20.207307256166057,100.0,0.49079205704047835
SKU_00268,117.23646723646723,117.35888250082986,20.59552615091332,20.756895623059393,100.0,0.46777689134429457
SKU_00269,79.27065527065527,78.48557565762447,13.650627230646943,21.56938161474092,100.0,0.51128346875751
SKU_00270,59.452991452991455,59.28310456540849,9.375465496313199,18.09987188442691,100.0,0.5246935810779972
SKU_00271,116.13675213675214,115.55829252391798,19.12741134411249,19.123201505231645,100.0,0.4663862509582656
SKU_00272,36.57549857549858,35.69121525684992,5.6738149189201845,24.493992616255007,100.0,0.5514055703129409
SKU_00273,3.6866096866096867,3.7085452446570764,0.6958972460184342,23.603285463657492,100.0,0.49189457894880373
SKU_00274,92.52136752136752,91.76714000054913,14.90903786504031,18.21284800204203,100.0,0.5109751958716182
SKU_00275,96.11965811965813,94.65793552111697,15.15584617589953,18.68035763836783,100.0,0.5041463625714433
SKU_00276,70.53846153846153,70.3839988411322,11.104408299651242,18.7449160656276,100.0,0.5074792133299731
SKU_00277,71.33333333333333,71.28935514403204,11.173251889200293,19.20441076166431,100.0,0.5754119028191572
SKU_00278,13.834757834757834,13.37767612679392,2.4119312190941598,24.424980323677488,100.0,0.43267117147064393
SKU_00279,45.25071225071225,44.25876969014138,8.085650001495992,23.175341805708392,100.0,0.47575469960766714
SKU_00280,36.680911680911684,36.12106290561522,6.629170067544676,21.73518882179301,100.0,0.488037765801995
SKU_00281,19.005698005698004,18.986864958818142,3.3829922773729364,21.273176029420544,100.0,0.4383148792035052
SKU_00282,48.888888888888886,48.157529566023086,8.72351063011039,23.067794972185407,100.0,0.4459478247302626
SKU_00283,123.64387464387464,122.48616202417604,18.959311145832736,16.86853206854695,100.0,0.5393673058961883
SKU_00284,20.384615384615383,20.26530766563538,3.604765160555853,21.40668354390049,100.0,0.48185519630334783
SKU_00285,129.3846153846154,127.19680566920175,21.01053339005196,18.554414276638166,100.0,0.4878450457003056
SKU_00286,40.541310541310544,40.30024186005959,6.8519730688499925,21.274731942200123,100.0,0.5241921574925557
SKU_00287,21.83190883190883,21.449260104330858,3.3978826258427057,18.402314574718524,100.0,0.5002377226544247
SKU_00288,24.71794871794872,24.559107217269066,3.9655710344131174,18.947091558104756,100.0,0.5189858997688759
SKU_00289,56.44159544159544,55.931962500270615,8.811060106312787,18.06497562296399,100.0,0.5143352694325143
SKU_00290,31.41025641025641,31.10278110244336,5.433110013222082,20.077166049846934,100.0,0.4715840439719622
SKU_00291,135.55840455840456,134.459581335046,23.464605961430106,20.45818184502299,100.0,0.4540232263638354
SKU_00292,6.219373219373219,6.088105506961502,1.1390284779574458,22.478236064368907,99.71509971509973,0.4904021148945752
SKU_00293,63.997150997150996,63.01793561659308,11.414278937965376,21.859849556727593,100.0,0.4616006551128241
SKU_00294,102.41025641025641,101.34511966914191,17.47045255921505,19.74785189519016,100.0,0.4918385320085983
SKU_00295,136.83475783475782,134.35482497364708,21.90322884127625,20.124559074816695,100.0,0.5488243691072812
SKU_00296,66.35897435897436,66.06307192813297,10.812572674533918,19.22859651857761,100.0,0.5217925699976306
SKU_00297,57.022792022792025,56.7527871969079,9.057379061170451,19.206400284361166,100.0,0.5391688003229672
SKU_00298,32.01424501424501,31.561021080723517,5.491303801876188,20.3078781576511,100.0,0.5187447538226008
SKU_00299,68.4074074074074,67.86434199047564,11.659201755737646,19.52586219596933,100.0,0.5039555766403518
SKU_00300,59.162393162393165,58.80313028025831,10.33306003228212,20.736150644557043,100.0,0.4721439875843473
SKU_00301,57.096866096866094,57.72651531782925,9.789536590674665,20.236536124950792,100.0,0.5173650942594539
SKU_00302,96.53561253561253,95.64848120446898,16.392960022657345,20.16243270753592,100.0,0.49668483253051954
SKU_00303,73.72934472934473,72.65631575360258,12.433653701064934,20.560992815877892,100.0,0.49517588155429604
SKU_00304,58.136752136752136,57.319566579965446,9.7686181666165,19.508152745798647,100.0,0.44263589125768765
SKU_00305,119.54415954415954,119.15825305874871,19.712917584809144,19.465418185064635,100.0,0.5392044356162414
SKU_00306,21.307692307692307,21.324026276837728,3.548396505776293,20.471167058061383,100.0,0.5527382431171606
SKU_00307,85.93162393162393,85.73202123830461,14.021238762683678,18.97024990484772,100.0,0.5006461422616962
SKU_00308,127.11396011396012,125.79047648061035,22.01150947028076,21.13279302295243,100.0,0.47040717938428733
SKU_00309,76.2991452991453,76.36040543626856,11.620276077180845,18.414447213207243,100.0,0.5756069604222946
SKU_00310,74.32763532763532,72.6532733881915,12.928170444618942,20.73270844743177,100.0,0.4927065896280347
SKU_00311,80.95156695156695,79.94696688108634,13.217115059877054,19.173793293847336,100.0,0.5101841942052013
SKU_00312,82.4985754985755,81.5721905147418,14.255177986502988,21.320420080763743,100.0,0.5062135649200148
SKU_00313,122.17663817663818,121.40543782218568,21.42059301158302,20.198217538739193,100.0,0.4474280170805379
SKU_00314,32.06837606837607,31.86981110032807,5.472177544380525,19.892126032025196,100.0,0.49106512506443867
SKU_00315,71.61538461538461,70.64275011802332,11.6632189093492,17.888554518957342,100.0,0.48078027096076825
SKU_00316,35.47578347578347,35.53670901968608,5.865039324064201,19.608912195866537,100.0,0.4991778562809678
SKU_00317,97.84330484330485,97.50552289659142,16.20076487427763,19.291717908711092,100.0,0.5500997745394429
SKU_00318,39.04558404558404,38.578785653043,6.138424562677699,18.386233530973477,100.0,0.5297270509780572
SKU_00319,64.78062678062678,63.56725889087741,11.014846643830976,22.16233057201707,100.0,0.4643187846816025
SKU_00320,17.826210826210826,17.692116152781708,3.1157838168137433,21.06774010072463,100.0,0.5284542035013107
SKU_00321,88.6951566951567,87.36714881811386,15.560043027937581,22.154433485663034,100.0,0.49542384477274115
SKU_00322,45.69230769230769,45.580697927719505,7.59514045715332,19.320932845878687,100.0,0.48579891813230347
SKU_00323,8.831908831908832,8.790191869280617,1.5237964311895884,20.852486353956046,100.0,0.48744379066311727
SKU_00324,115.13960113960114,115.16452675531393,20.627706173817995,20.939233562375662,100.0,0.4596356511004076
SKU_00325,98.27920227920228,97.22113735145994,16.68093535737095,20.04544880982529,100.0,0.4199383209318972
SKU_00326,28.34757834757835,28.008688563974495,4.453177048609807,19.21364702463448,100.0,0.5252449654785651
SKU_00327,48.15669515669516,48.31141230370584,7.878228775626234,19.63065463465105,100.0,0.49766110041595923
SKU_00328,63.535612535612536,62.01013463956338,10.615833893121138,19.33098438027449,100.0,0.5275079306642549
SKU_00329,127.41880341880342,127.50021224755507,22.170254939471896,20.497889481939488,100.0,0.4698520023210089
SKU_00330,36.43874643874644,36.4097209486187,6.263676522124527,20.21463185516805,100.0,0.5358460449078073
SKU_00331,8.173789173789174,8.104042487266737,1.5857615443716022,23.57919217963093,100.0,0.43909971499628175
SKU_00332,31.877492877492877,31.745146374417168,5.61429769361121,20.393776721423926,100.0,0.47674925245921995
SKU_00333,59.837606837606835,59.67979611732341,9.27464289492012,17.66801377457013,100.0,0.5606174189723884
SKU_00334,121.60113960113961,120.10123705125262,19.883777644644436,23.936628605614864,100.0,0.47309298801584276
SKU_00335,128.22792022792024,128.5157968095395,22.428697976376597,20.634548079126212,100.0,0.4815773342582085
SKU_00336,76.7008547008547,74.9602236518493,12.231811772554348,23.435116443394982,100.0,0.5248311473473007
SKU_00337,90.5014245014245,89.72676989546528,15.554040859058032,22.343841532478034,100.0,0.5261260759934511
SKU_00338,91.98575498575498,89.8774706132901,15.175374676274439,19.094401096148964,99.71509971509973,0.5193844317891925
SKU_00339,106.8119658119658,108.23153401134361,17.21695078540052,18.879262251352408,100.0,0.49498765397320843
SKU_00340,44.49287749287749,44.35895211132843,7.6585507131370045,21.449836830858924,100.0,0.5434167367621634
SKU_00341,77.28774928774929,76.89430118846758,12.648563119251165,18.36790945156158,100.0,0.448449731689075
SKU_00342,133.1054131054131,131.17989259211086,23.345406658289438,21.028939054621194,100.0,0.46279424642263356
SKU_00343,93.75498575498575,92.92433450177863,15.31137461387194,19.226023060105362,99.71509971509973,0.5319930627673648
SKU_00344,86.52991452991454,86.82943402396307,14.78879747499428,19.788086286293314,100.0,0.4582769462758547
SKU_00345,15.461538461538462,15.27132300637726,2.715503225978623,21.02161804304726,100.0,0.47639818909629394
SKU_00346,19.746438746438745,19.491132614959003,3.5107181598657897,21.58144804676226,100.0,0.4825353595870481
SKU_00347,34.63247863247863,34.27813167755421,5.7525677190207345,19.077250216441612,100.0,0.4741338245734753
SKU_00348,122.55270655270655,121.0947443007404,20.955745106578892,21.134605363250074,100.0,0.48646146038470517
SKU_00349,54.31054131054131,53.98641295548518,8.908006488427818,18.89261018525147,100.0,0.5157558233339664
SKU_00350,31.1994301994302,30.81876380796786,5.210487088926158,19.98261814013326,100.0,0.5077001195434726
SKU_00351,5.0997150997151,5.1656592895842,1.1185628286114446,30.70273661237459,100.0,0.43714109114023525
SKU_00352,134.13675213675214,132.40124123881006,21.6581941131513,19.070473626855502,100.0,0.5083583762312156
SKU_00353,72.04273504273505,72.9974015640822,11.235135125511052,18.760578704552056,100.0,0.5103964781179582
SKU_00354,53.800569800569804,53.16565842913767,8.754729719243498,20.947454438927675,100.0,0.5157221808923409
SKU_00355,115.32478632478633,113.46049741929413,19.459765998980938,20.21751922578569,100.0,0.5094760527152109
SKU_00356,46.78917378917379,45.58842739844933,7.502151648033718,18.332138733896755,99.71509971509973,0.5326859251996316
SKU_00357,132.23931623931625,130.5865913826516,22.237835379067985,19.385240391429306,100.0,0.4748741590331077
SKU_00358,71.23076923076923,70.88877406181433,12.234582405144673,20.978422248786117,100.0,0.5353022261283251
SKU_00359,104.6068376068376,102.8701314968601,16.253797315294587,18.258413557770098,100.0,0.528237478441382
SKU_00360,62.592592592592595,61.101941981886185,9.460260362367006,17.985706780791638,100.0,0.5271756178189658
SKU_00361,51.14529914529915,50.98649127106381,8.550398810636622,20.153202529095108,100.0,0.4938570668916059
SKU_00362,53.732193732193736,54.18728893027346,9.083704808328905,21.03946922602179,100.0,0.49597207170241464
SKU_00363,94.07407407407408,92.642144976603,15.44055427080206,18.990385453612276,100.0,0.4889796104714377
SKU_00364,58.45014245014245,57.00444002997162,10.494467447116504,20.067353447337116,99.71509971509973,0.461159833913816
SKU_00365,109.46723646723646,106.12784772449069,18.108233517731016,23.399538834862398,99.71509971509973,0.47347447378738017
SKU_00366,15.507122507122507,15.319340309271446,2.6777073383501113,21.94595851667732,100.0,0.525013231757802
SKU_00367,100.93162393162393,99.76816524858148,15.966204761439919,18.48542685027236,100.0,0.5296760595303844
SKU_00368,8.88888888888889,8.87894185486003,1.572052787851404,22.181673682660588,100.0,0.5427571972928211
SKU_00369,24.247863247863247,24.269030810251536,4.1389465697130925,20.41045043049683,100.0,0.4998425349451595
SKU_00370,23.76923076923077,23.66422055046103,3.9790789663282213,20.41885592949352,100.0,0.5415055894604719
SKU_00371,47.48717948717949,46.98424457450878,7.906293354652546,20.618285230944338,100.0,0.5547473991777616
SKU_00372,124.6068376068376,124.84868699643344,21.148603835761378,19.80886545204062,100.0,0.5173217278470823
SKU_00373,54.48148148148148,52.53477380953284,9.175051788404117,22.520068868407535,100.0,0.5178064948920089
SKU_00374,84.47863247863248,84.15342262191992,13.244406340129016,18.656868349724697,100.0,0.5181163843639325
SKU_00375,107.13960113960114,106.42824868378136,18.068257274620894,20.36317265680304,100.0,0.48394249341677065
SKU_00376,47.9002849002849,47.86026061905755,7.521890853714739,17.901489144839726,100.0,0.5161074032231511
SKU_00377,106.34757834757835,105.97930267665461,18.002895704361787,21.60274678653433,100.0,0.4614499439269819
SKU_00378,114.97435897435898,112.39817376167346,18.889083426732284,21.956904817482595,100.0,0.5474919476091321
SKU_00379,15.393162393162394,15.334212800036807,2.732763493842209,20.94059715487514,100.0,0.5061333161921802
SKU_00380,124.13960113960114,124.3701545845749,19.33168222150232,17.640103266827065,100.0,0.4924494096404457
SKU_00381,41.34757834757835,40.45879453564981,7.415369898590267,21.529076752343197,99.71509971509973,0.49157646706303015
SKU_00382,1.2222222222222223,1.2393021456196778,0.3733042461580021,24.22451750823745,92.3076923076923,0.2997853345881515
SKU_00383,8.772079772079772,8.791402024081629,1.617110725141998,21.886139758739667,100.0,0.5077161656439422
SKU_00384,131.67806267806267,129.91466494987156,22.57752047517361,19.852436118589058,100.0,0.5309947691466214
SKU_00385,32.042735042735046,31.761658983692485,5.84560006619179,24.694959882961776,100.0,0.42474700296754986
SKU_00386,77.52991452991454,77.10060051193943,13.261000057570955,19.773776027209486,100.0,0.45600640413392945
SKU_00387,36.33048433048433,35.817833450105454,6.370858049800255,21.36931615379794,100.0,0.5278500016153306
SKU_00388,94.8005698005698,93.66759636234015,15.6426615889086,20.11415398855208,100.0,0.5072677883501446
SKU_00389,23.726495726495727,23.460770241894952,4.265982816022346,21.285249118730103,100.0,0.43327232662752635
SKU_00390,103.93162393162393,103.15819224749195,16.000007589233565,17.71969736939021,100.0,0.5656329033666533
SKU_00391,24.894586894586894,24.594432185348282,4.332336333232727,21.314311769566146,100.0,0.49655678145190274
SKU_00392,13.706552706552706,13.607819823118353,2.226349869684616,18.905879583292588,100.0,0.47969384211325183
SKU_00393,131.52136752136752,129.78941497062345,23.477752769434893,22.939490501155966,100.0,0.45581574362432875
SKU_00394,96.47293447293447,95.78281679588166,16.356484583640032,19.69767002968337,100.0,0.47566466517470496
SKU_00395,45.07122507122507,44.45747372261819,7.284421181746698,21.048452962394883,100.0,0.5703845314515641
SKU_00396,80.55555555555556,79.65078437880233,13.402575150089726,19.726321607258583,100.0,0.5371624231171007
SKU_00397,54.356125356125354,54.79766920523087,9.498040544001805,21.986026361065697,100.0,0.5385919113863727
SKU_00398,99.45584045584046,98.5696628641369,15.994758698420645,18.19619538931701,100.0,0.503956597205678
SKU_00399,72.98005698005699,72.50261558104104,11.749780222561284,19.15624590562046,100.0,0.5365148445623152
SKU_00400,84.54131054131054,84.20419691863903,13.106277319695534,17.78629719600207,100.0,0.5177646781932488
SKU_00401,77.4045584045584,77.22197866915297,13.27882127493535,20.247545435295592,100.0,0.5180546350912403
SKU_00402,49.054131054131055,49.25658044448266,8.807732724056624,21.40504309219151,100.0,0.44796458457681876
SKU_00403,112.64387464387464,112.24213720038746,18.45076345353045,19.43936306398184,100.0,0.4995096746189631
SKU_00404,71.42165242165242,70.72661622195501,12.311780501295019,22.308602698476285,100.0,0.5283582671418396
SKU_00405,16.62108262108262,16.43649686758335,2.922369699192862,21.570463117338537,100.0,0.5147037902883611
SKU_00406,58.35042735042735,58.067625356026184,9.139993176331208,18.545250598935308,100.0,0.5315081457363274
SKU_00407,113.22792022792022,113.89307921683347,19.44680031089701,20.033278202404354,100.0,0.5109514074745296
SKU_00408,55.34188034188034,55.26735585503429,8.883940900492872,18.762337791001688,100.0,0.4718871784081179
SKU_00409,81.75213675213675,81.3027201714339,13.492412365399874,19.470917025300565,100.0,0.5020234039254761
SKU_00410,88.20797720797721,88.10340156412532,14.714310422242537,19.743223780088872,100.0,0.5031222965851817
SKU_00411,10.17094017094017,10.060186350787127,1.742802285740518,20.433145039348993,100.0,0.48519445346860823
SKU_00412,127.41880341880342,126.92177197362622,21.72165152931485,19.81171740522171,100.0,0.5036736723522569
SKU_00413,26.47008547008547,25.67616569554364,4.358404358397862,20.776026621848217,100.0,0.5244785049672879
SKU_00414,120.27065527065527,117.63166658762853,20.026809579117007,18.349227240620202,99.71509971509973,0.46103608075079294
SKU_00415,107.7008547008547,107.46188146792926,19.134602550937238,20.588506516721388,100.0,0.4905031103444484
SKU_00416,104.8119658119658,104.39302739118921,17.12987924369312,18.29474886666383,100.0,0.5090127761809352
SKU_00417,132.74928774928776,130.8179489931999,22.834798897348577,21.166227862453272,100.0,0.42163129069288496
SKU_00418,24.074074074074073,23.943359585908745,4.1161295433669345,19.33018578847597,100.0,0.4694781252547584
SKU_00419,127.07692307692308,126.37988439686278,22.624627165984563,24.142545680681913,100.0,0.4478286982890314
SKU_00420,81.33618233618233,81.14153647762419,14.6343842741431,21.001589584990132,100.0,0.42870251844197094
SKU_00421,85.16809116809117,84.3719699875242,13.268061892599123,18.36876264670733,100.0,0.5562764644778172
SKU_00422,131.76923076923077,132.34660398552563,22.690493276146405,19.348284006371614,100.0,0.49889877325850507
SKU_00423,96.02564102564102,94.01427093326538,15.843523108381829,19.865081153114772,100.0,0.5084114161776667
SKU_00424,24.068376068376068,23.675957306837425,3.806722744238003,18.727592271245836,100.0,0.5457788746450513
SKU_00425,24.683760683760685,24.563647522630855,4.468544689253864,21.79562356554299,100.0,0.4337482874403715
SKU_00426,60.965811965811966,59.50028710317748,10.643588216046663,22.384659816513995,100.0,0.5224457247492379
SKU_00427,134.2079772079772,133.597672504747,21.84528543297042,19.317922250433572,100.0,0.4804450055935966
SKU_00428,17.188034188034187,17.029447977189665,3.115205889413839,23.642037427521807,100.0,0.4419195992246343
SKU_00429,74.1880341880342,73.77914307565771,12.73869021784546,19.913360677079957,100.0,0.4702196068432195
SKU_00430,127.45584045584046,126.24448004135719,23.008121036056778,22.133819308954205,100.0,0.49667009841946175
SKU_00431,122.51566951566952,119.57621899017921,18.96282528744124,18.696933561624572,100.0,0.5472486794957295
SKU_00432,49.58119658119658,48.80562752485275,8.033418925569269,19.64864893127133,100.0,0.4759192035919614
SKU_00433,62.95156695156695,62.21018926268629,10.854731219956,21.86330532355712,100.0,0.5140539426958024
SKU_00434,128.91168091168092,128.59527930303176,22.291133096075466,20.580055558466785,100.0,0.5095704450460072
SKU_00435,118.73219373219374,117.322252239427,19.165277670421492,17.13941160972545,99.71509971509973,0.4474625473469651
SKU_00436,42.105413105413106,41.1536474790838,7.167613882879246,20.739731979651946,100.0,0.48023286331189596
SKU_00437,63.75498575498575,63.606964502579125,11.384360989953716,20.3768786920487,100.0,0.4261333037249265
SKU_00438,89.08262108262109,87.47377905597713,15.693528873458547,21.283181649228773,100.0,0.4936163013279654
SKU_00439,27.646723646723647,27.423151834058626,4.965864540844561,22.05114939921878,100.0,0.445485793024204
SKU_00440,44.35042735042735,44.05093518655185,7.592496593453606,20.60564352996492,100.0,0.504392959841429
SKU_00441,8.065527065527066,8.006803540083078,1.4880414005697962,21.845846219910563,100.0,0.47924184728835817
SKU_00442,0.002849002849002849,0.01605969281108291,0.019370134102652894,99.27399754524231,0.2849002849002849,-0.1729428363349137
SKU_00443,24.951566951566953,24.768224567429638,4.174292008421699,19.95691445829897,100.0,0.4664269322233886
SKU_00444,67.63532763532764,67.34959682083537,12.304814354816394,21.144233097836878,100.0,0.4512345467264568
SKU_00445,16.17948717948718,16.03897983430118,2.795416962557029,20.259937480825474,100.0,0.4748356397833787
SKU_00446,106.86894586894587,106.62385249214294,17.72821211466762,19.148408371134924,100.0,0.45220009007607587
SKU_00447,138.72649572649573,135.67083682395793,22.431269913657097,19.35176652785494,100.0,0.4823293515803312
SKU_00448,5.105413105413105,5.09380882825607,0.9414565216781745,22.633687878837122,100.0,0.45684255432549215
SKU_00449,49.58974358974359,49.83754156135086,8.796696175197592,20.948862446779803,100.0,0.5097359238964143
SKU_00450,108.16809116809117,105.77868115290617,18.26082750229414,21.88144048555976,100.0,0.5301182605070336
SKU_00451,69.74643874643874,68.03689784473843,11.89481829578041,19.07269780779567,99.71509971509973,0.4697767477145326
SKU_00452,92.26780626780626,91.14780960794528,15.278423664152113,19.105812414857354,100.0,0.5302140582981507
SKU_00453,68.07122507122507,68.7598531207128,11.68709922957624,20.253851659363622,100.0,0.519351934301951
SKU_00454,99.21082621082621,99.82308176991944,16.282670144087227,18.917819417973398,100.0,0.4835623923139476
SKU_00455,71.87464387464388,71.29350618470428,11.434799040824261,17.80770365200562,100.0,0.5118609772648492
SKU_00456,9.074074074074074,9.10209089683162,1.4620562101106698,19.28809545111669,100.0,0.5699321429920079
SKU_00457,69.6951566951567,69.81580078856558,11.47614505657783,19.141986833971245,100.0,0.49836136381311424
SKU_00458,36.86039886039886,36.37532982535851,6.2781263971091,19.950825439465643,100.0,0.4621825478187025
SKU_00459,67.96011396011396,66.79052465559751,10.979343437740948,18.70413123520761,100.0,0.5413231522358866
SKU_00460,97.07122507122507,95.40941420316359,16.48235055294811,19.972822975304744,100.0,0.4477741122938421
SKU_00461,73.29344729344729,73.29057202889369,11.672731417536395,17.96971505859997,100.0,0.5439200358382112
SKU_00462,91.08831908831908,91.1925171094063,15.515967672027413,20.037528637900166,100.0,0.5123073829611883
SKU_00463,126.65242165242165,125.70601327780984,20.120841621758252,18.222310795077394,100.0,0.5488020284487825
SKU_00464,89.8005698005698,89.28174137585182,14.579956437362904,18.999128494730407,100.0,0.5328545485099339
SKU_00465,2.245014245014245,2.2378036604817435,0.5376873633630596,28.69702382334348,99.14529914529915,0.39905609780685414
SKU_00466,31.358974358974358,31.3057051455533,5.738692711221526,21.95745088613121,100.0,0.4643859262819412
SKU_00467,78.31908831908832,79.44292615010187,12.451295609997207,18.2390482366221,100.0,0.5226955692740352
SKU_00468,44.666666666666664,44.26807495365795,7.880235965095694,20.707001991094423,100.0,0.44447240452623804
SKU_00469,23.495726495726494,23.284550199481497,3.97582367631445,20.56929776609989,100.0,0.47787552504352493
SKU_00470,92.03418803418803,91.75697840151624,15.065411267372278,18.863725965348806,100.0,0.499288856750171
SKU_00471,91.12250712250712,90.53512488573026,15.835948750164434,20.787964771860477,100.0,0.4494322768012814
SKU_00472,56.903133903133906,56.60998171262252,9.22475361127799,19.25912000932096,100.0,0.4858597862976993
SKU_00473,79.80911680911682,79.62116528448895,12.086199121512578,18.414706696775667,100.0,0.6121297835222955
SKU_00474,100.27920227920228,99.20623632034345,16.814260678413586,20.803095031087974,100.0,0.5108296480648862
SKU_00475,126.8974358974359,125.4727280581439,21.033868463630352,19.51575520190526,100.0,0.4974020963112359
SKU_00476,41.66951566951567,41.35758893917768,6.857984439599887,19.803681989637244,100.0,0.5030479248649569
SKU_00477,41.54985754985755,41.192631782629554,7.070291692714745,20.410123597270072,100.0,0.48706515541996476
SKU_00478,19.1994301994302,19.088525934097095,3.313091743026364,21.40056843457723,100.0,0.511297437886792
SKU_00479,27.8005698005698,27.554397514742664,4.642595370610555,20.43045045881428,100.0,0.5270181039466297
SKU_00480,118.82905982905983,117.76389505312993,19.877979294187323,21.385583923395554,100.0,0.5474687569695034
SKU_00481,4.0398860398860394,3.9366808828295468,0.7552130802234693,22.806336152837392,99.71509971509973,0.5104677002142521
SKU_00482,36.81766381766382,36.329159825106295,6.461089993304337,20.72779923065645,100.0,0.5151194364371203
SKU_00483,48.49002849002849,48.27774983109572,8.110583062440242,19.313250735536297,100.0,0.47969045373661334
SKU_00484,73.52706552706553,73.83244201770196,12.497885145353118,19.891810652001737,100.0,0.498662209985412
SKU_00485,87.92592592592592,87.96205717987485,14.30237597244078,18.96385421689415,100.0,0.5210401748245888
SKU_00486,54.95156695156695,54.87061612694352,9.387820287477597,19.624913820934317,100.0,0.5099488740075206
SKU_00487,13.008547008547009,12.747954843730327,2.2370280197203334,21.86087633059367,100.0,0.5288707971630726
SKU_00488,49.60968660968661,49.603884788659904,8.881256523974601,21.31250553419597,100.0,0.48388544943556056
SKU_00489,76.73504273504274,76.29026218561027,12.195164079340095,18.45141867025827,100.0,0.4957289751160512
SKU_00490,122.84900284900284,122.49785729580455,20.765237216511345,19.761092503213966,100.0,0.5199329850306351
SKU_00491,6.153846153846154,6.075754131856466,1.1150591235894425,22.85037051945972,100.0,0.4847289210974134
SKU_00492,12.675213675213675,12.439641251183643,2.286048272736052,22.99779210331628,100.0,0.4519359129200228
SKU_00493,72.57264957264957,71.73398704559375,11.812116911098828,20.865715246141292,100.0,0.49802472157533106
SKU_00494,136.18803418803418,135.6774210653923,21.618801621714887,19.232826708721944,100.0,0.5611089517672194
SKU_00495,65.64102564102564,65.75657787265261,11.470750054572722,20.092014596959395,100.0,0.4481903769144113
SKU_00496,55.91737891737892,55.76799755923429,9.399747406400506,20.56673837817314,100.0,0.5346709796317166
SKU_00497,27.774928774928775,27.72888100045359,4.80990100246549,20.579092913679514,100.0,0.44631130789405793
SKU_00498,109.93447293447294,107.84726385419864,18.08653055730029,19.584354018394215,100.0,0.5086405005673564
SKU_00499,44.25356125356125,43.92256048500028,7.603725859072813,20.608726720779586,100.0,0.4774458380732177
SKU_00500,1.5384615384615385,1.507883278732626,0.38187482978543663,21.757539614542825,94.87179487179486,0.4093065055515467
SKU_00501,100.54700854700855,99.5114331625805,18.14318142996894,22.727728162716303,100.0,0.516231258640514
SKU_00502,130.78347578347578,128.31462025098992,22.477035369628513,21.512739957365515,100.0,0.5501862281388303
SKU_00503,7.863247863247863,7.850143988927205,1.3321502079651226,20.22901088574419,100.0,0.5184720256318673
SKU_00504,69.07977207977208,69.15060627749165,11.598611316280147,20.174816475072248,100.0,0.5271676964260327
SKU_00505,136.03988603988603,133.4816859111487,22.615412348356003,19.933790623459423,100.0,0.5197834140379518
SKU_00506,38.193732193732195,38.05462030264047,6.545270512246678,20.30543123013861,100.0,0.4768187742389268
SKU_00507,24.535612535612536,24.338112066613988,4.065131815410408,19.75864477747619,100.0,0.5820755564884827
SKU_00508,78.35327635327636,77.75205661870136,12.78339537630054,19.410206253581205,100.0,0.5099835243765524
SKU_00509,125.26210826210826,125.86829377799971,20.295798974668877,19.405322628866802,100.0,0.5495154133996927
SKU_00510,105.53561253561253,104.02745959052334,18.06874205651786,20.742065121241918,100.0,0.48595682917032845
SKU_00511,44.60683760683761,44.45727915514229,7.112241921516565,18.57949124032426,100.0,0.5205387207499147
SKU_00512,125.72934472934473,125.76764527617017,20.413511278962137,18.513690857955396,100.0,0.47647498655467746
SKU_00513,90.3048433048433,89.78595203339545,15.292370533416754,19.878218071690565,100.0,0.513661382435027
SKU_00514,80.86324786324786,79.61050760983741,13.783611399495703,20.31051202616151,100.0,0.51778824187614
SKU_00515,19.145299145299145,19.214391298868037,3.3611487018586566,21.259110745762428,100.0,0.5148275370893024
SKU_00516,130.04273504273505,130.14813498554068,22.20537398921119,19.306611787726133,100.0,0.44747574161294756
SKU_00517,135.994301994302,134.4050955994856,22.710691368817603,19.621241767847778,100.0,0.4928657722227774
SKU_00518,2.45014245014245,2.332407943203918,0.530483585477215,26.215236274651836,99.43019943019942,0.4269860660538197
SKU_00519,95.81766381766381,95.12669832117197,15.0810011121792,17.984536286579253,100.0,0.5098631535161404
SKU_00520,23.276353276353277,23.183544704547295,3.8160971321611323,18.377546522138474,100.0,0.48986090858983855
SKU_00521,130.84330484330485,129.51955628284702,22.02193424190551,20.275522925353908,100.0,0.4530660676262974
SKU_00522,35.43874643874644,35.32793385214955,5.750980431198055,18.61741635231497,100.0,0.5042806109063124
SKU_00523,69.76068376068376,67.81119524396722,11.848337768489479,21.856167671385503,100.0,0.5154296458938052
SKU_00524,98.38176638176638,97.86441730637836,16.80850670004842,20.68215513060258,100.0,0.48902057579991165
SKU_00525,106.8974358974359,108.62352283812656,17.487254034929467,19.219102326441153,100.0,0.561273099158244
SKU_00526,91.82621082621083,90.62186391112472,16.253270694503076,21.81735740371825,100.0,0.46580327478169814
SKU_00527,104.16239316239316,103.09684938582939,16.847706674510597,19.353069464880328,100.0,0.5228133060153803
SKU_00528,131.2051282051282,130.4115070955366,20.36972630329621,17.785581612808276,100.0,0.5322911714819984
SKU_00529,41.84900284900285,41.85826944693542,7.361017670047251,21.599362927585858,100.0,0.49281959668881636
SKU_00530,12.62962962962963,12.675617572334078,2.0992472697357165,19.596980163509485,100.0,0.4960439515356476
SKU_00531,17.632478632478634,17.3890529650229,3.011633531660096,20.785828521762447,100.0,0.5365766677306313
SKU_00532,69.85185185185185,70.439515738151,11.799085269201855,20.265704819874205,100.0,0.5322703734186222
SKU_00533,86.77207977207978,87.32794692645385,14.533968053312384,20.20362127340518,100.0,0.5004649740079119
SKU_00534,86.45014245014245,84.52986671790438,13.710016491491231,20.243284280372308,100.0,0.5118275359521549
SKU_00535,60.6011396011396,59.98533684609623,10.910208278911405,22.26890254763896,100.0,0.5065604822907102
SKU_00536,33.0,32.68704445460583,5.468918370385455,21.289803181932694,100.0,0.5085325866110968
SKU_00537,117.52991452991454,117.69224390616783,19.195659992701646,18.83777447776637,100.0,0.5424277280984533
SKU_00538,72.35327635327636,72.41463456194624,12.075054041680447,20.08384184924588,100.0,0.5110041298682716
SKU_00539,70.76923076923077,71.32584152160547,12.26482039333409,20.62108255901236,100.0,0.4754265782702649
SKU_00540,30.01994301994302,29.725850997826992,4.9823403548650935,20.780516015988756,100.0,0.5061407061163414
SKU_00541,123.62678062678063,120.32145882867,20.531699544768728,19.0499909919058,99.71509971509973,0.4938868831678891
SKU_00542,32.837606837606835,33.22497241194771,6.199746283880327,22.76522801422423,100.0,0.49680643500268873
SKU_00543,81.31339031339031,81.7335485134624,13.833308085119961,19.715722470062968,100.0,0.48901691589907914
SKU_00544,48.199430199430196,47.532570210786965,8.695969669227926,23.9663549004347,100.0,0.5228784672848119
SKU_00545,122.48148148148148,120.61812924116086,19.58709565730516,19.405900239951784,100.0,0.5217095471734146
SKU_00546,114.85185185185185,114.66900427372028,19.678426023731884,20.283895804695984,100.0,0.49128301411369535
SKU_00547,57.43589743589744,56.9538572607217,9.919777002599504,21.465060269469,100.0,0.4768137860250231
SKU_00548,133.33903133903135,130.78650279856814,23.242626500435364,20.136410779677817,100.0,0.4995572548081667
SKU_00549,91.7008547008547,89.77606646907637,15.080768245492566,19.098584021619562,100.0,0.5151520726932289
SKU_00550,52.33048433048433,51.213576210869675,9.359688601262889,22.153269456987232,100.0,0.5065261781552416
SKU_00551,76.15669515669515,75.50435480840525,11.93094285329183,18.062539440909294,100.0,0.5304607765162181
SKU_00552,53.47008547008547,53.00590536940811,9.580534779448113,22.444233150581976,100.0,0.4976586342496202
SKU_00553,74.3048433048433,75.18425771084605,12.663643853871571,19.763171946173653,100.0,0.47674772632662077
SKU_00554,62.78347578347579,62.342395748083405,10.231560080903888,19.070158390394553,100.0,0.5018133939421258
SKU_00555,35.14529914529915,34.642308517568814,6.067816830598391,22.37245398807546,100.0,0.4982779904250628
SKU_00556,126.38746438746439,126.15548673042885,22.410230498028618,22.426520087977696,100.0,0.551569656688659
SKU_00557,31.45014245014245,31.09985357675797,5.378439972543309,19.968534074349385,100.0,0.5126152004886704
SKU_00558,113.4900284900285,110.53163180476919,18.831421234499015,23.451189855596393,100.0,0.5251072749092895
SKU_00559,1.225071225071225,1.244329813326526,0.34544824675107616,22.227836900820304,92.02279202279202,0.36132068083003455
SKU_00560,62.84615384615385,62.411747256914786,10.806505022225558,20.310733297801082,100.0,0.4644523403728419
SKU_00561,133.01139601139602,133.68046340312372,23.208358302500173,20.987866829566148,100.0,0.4903602002173426
SKU_00562,90.07977207977208,89.48545502325749,14.290005670144009,18.453911524454284,100.0,0.5133122161138091
SKU_00563,72.86894586894587,72.03025018965077,12.629885840959359,20.64642616024244,100.0,0.5152303447292148
SKU_00564,122.73789173789174,121.98806538948647,20.320636544132505,19.31707864277449,100.0,0.4986147761482066
SKU_00565,12.427350427350428,12.197831139095829,2.0418114310655837,19.57771381165605,100.0,0.45307264554634685
SKU_00566,95.97435897435898,94.75447803345162,16.46196799808078,21.623009968414866,100.0,0.46540910140823366
SKU_00567,83.75783475783476,83.97175989055906,13.58061636954631,18.30534084224693,100.0,0.5110246380240202
SKU_00568,79.8005698005698,80.44982285190511,13.84405037174877,20.824252999675988,100.0,0.5349396238028111
SKU_00569,94.28774928774929,93.92216892120166,14.798511444333611,17.82270974472234,100.0,0.515356599594829
SKU_00570,89.87464387464388,88.79817735520523,14.114575882073481,19.32439926645482,100.0,0.530778228630564
SKU_00571,12.378917378917379,12.201745348863113,2.19916079314346,23.344142119556466,100.0,0.5014251719035767
SKU_00572,96.42735042735043,95.9462646758794,16.028605646557278,19.464317174930994,100.0,0.4776557653298896
SKU_00573,128.34757834757835,128.2258988939799,21.08086414996036,19.362065575490046,100.0,0.5384156993439642
SKU_00574,98.00569800569801,97.69277981534984,16.42377803086216,19.99967170757703,100.0,0.5133960829176831
SKU_00575,113.23361823361823,112.95169842463953,17.692203624975306,17.820291953287246,100.0,0.4805377856894012
SKU_00576,10.056980056980057,10.084142602746644,1.7168971344276711,23.350979947529055,100.0,0.5228291140552892
SKU_00577,126.92307692307692,124.81986226841933,20.91762867255768,19.47487021723611,100.0,0.46517140149639113
SKU_00578,98.52136752136752,96.18833861425732,16.355037163125825,19.622344398459653,100.0,0.43125071522918135
SKU_00579,72.22222222222223,72.53385998244978,11.865307407161788,19.822389248088037,100.0,0.5842723111879317
SKU_00580,5.527065527065527,5.416165114807607,0.9851727037348299,21.773314062767827,99.71509971509973,0.5139775911159594
SKU_00581,118.33903133903134,118.58580321065041,18.98296332690451,18.49787495345985,100.0,0.5035709029856033
SKU_00582,37.37891737891738,37.009337973390885,6.500838125533188,23.22987298743003,100.0,0.4902686999531801
SKU_00583,59.86894586894587,59.90227771357254,10.137964370838258,19.87358719657324,100.0,0.4805302067312647
SKU_00584,56.07692307692308,55.86672545752974,9.31188151673374,20.574120120473534,100.0,0.4657051584483983
SKU_00585,88.47578347578347,89.12055882989851,15.611702665813969,21.16810006507879,100.0,0.5113586409866442
SKU_00586,34.9059829059829,35.48377068362005,5.680626681047967,18.967263364265957,100.0,0.5105476455579145
SKU_00587,99.4957264957265,99.60040572311124,16.577210530426427,19.178001367502798,100.0,0.4852288476883757
SKU_00588,107.52991452991454,106.22873614588352,18.623456052905134,22.427368998052355,100.0,0.4804542011971604
SKU_00589,121.96581196581197,121.92794731751806,19.95745476587885,18.767415287728593,100.0,0.5452532209767345
SKU_00590,92.01139601139602,92.12599460283916,15.505131792478752,20.521232270440716,100.0,0.5029439486651719
SKU_00591,45.06837606837607,44.64670349517439,7.532829716929004,19.989575429147006,100.0,0.5265982347636083
SKU_00592,28.763532763532762,28.80042863350648,5.201580643144428,21.222283610832715,100.0,0.4598077821162767
SKU_00593,15.27065527065527,15.088664865731515,2.506792115180241,19.462930938691883,100.0,0.5337503197329021
SKU_00594,30.02849002849003,29.726433218034924,4.975295647596702,19.837579586129518,100.0,0.5443038537002457
SKU_00595,126.62393162393163,124.03040984621074,21.396279938879854,21.21561457767264,100.0,0.48298619602874926
SKU_00596,53.3048433048433,53.106716543860585,9.33145419688646,20.192411889993775,100.0,0.44066696793112803
SKU_00597,116.65811965811966,114.6884669698881,19.180827334565656,19.54406181309481,100.0,0.4664195696967952
SKU_00598,16.729344729344728,16.622831375255885,2.7247541583331563,19.00021657806348,100.0,0.5670544919900414
SKU_00599,130.02849002849004,128.53748266513531,21.898134461155646,19.669004084918317,100.0,0.5147691237815927
SKU_00600,104.70370370370371,103.91773659593699,18.269069482882816,20.83198512927889,100.0,0.45125229613248996
SKU_00601,37.98860398860399,38.31810549385527,6.491744001366814,20.506398624041704,100.0,0.5150168324815658
SKU_00602,64.43874643874643,63.525099925505806,11.014954098609099,19.40009918480739,100.0,0.440590723156532
SKU_00603,62.43589743589744,61.5152439405436,11.121971575962512,27.396951113296915,100.0,0.5097389183004366
SKU_00604,117.56125356125357,116.85624149314359,19.718421881694738,20.229062008049556,100.0,0.5035417576352836
SKU_00605,46.0,46.188271548163854,7.833204462827101,20.33112698916814,100.0,0.49165099922365374
SKU_00606,16.113960113960115,15.935508141235749,2.8232500698321905,27.04218293202494,100.0,0.5163834798454134
SKU_00607,116.74643874643874,117.94057437565252,19.39952965951034,19.18628658988019,100.0,0.5184520863488058
SKU_00608,53.64102564102564,54.1102938607887,9.406464016250736,21.076278991087467,100.0,0.48833962440543854
SKU_00609,97.01139601139602,97.08952972386298,15.672827862946056,19.093948424392202,100.0,0.48749016662261013
SKU_00610,16.245014245014247,16.290808421594125,2.879476166858293,21.683244744613333,100.0,0.5401650997485259
SKU_00611,41.79202279202279,41.944590337680616,6.78561892307382,19.684568831903153,100.0,0.5194524332377018
SKU_00612,72.96296296296296,72.34726510598108,12.375230065438142,21.47136653192078,100.0,0.5303093034269849
SKU_00613,72.3048433048433,71.92926429785214,12.384702983065548,21.441724124902024,100.0,0.532650998909761
SKU_00614,99.47863247863248,98.570091894719,15.910224575432617,18.917210564240573,100.0,0.5050175479461614
SKU_00615,26.85185185185185,26.549510825393547,4.425116033635588,19.38142753468437,100.0,0.4937119376460418
SKU_00616,70.84615384615384,70.57196337213882,12.397628449221962,22.28867901357812,100.0,0.48450725311879794
SKU_00617,39.142450142450144,39.26557224088924,6.159912763497768,17.96765391967168,100.0,0.495239179379645
SKU_00618,48.0997150997151,47.602361312279335,8.350239328509382,19.70273839874445,100.0,0.4578607800966562
SKU_00619,4.461538461538462,4.414920302537771,0.8815744644895918,23.77430407021727,99.71509971509973,0.467871553823456
SKU_00620,49.313390313390315,49.0974655271935,8.1761522529132,19.146469379746776,100.0,0.49878795281313804
SKU_00621,1.4387464387464388,1.428866031842354,0.36611930699090334,23.05935721497636,94.87179487179486,0.35447274682277363
SKU_00622,47.894586894586894,47.885516306104144,7.982455604266577,19.1839642060019,100.0,0.536773664398223
SKU_00623,94.37606837606837,94.05813408662111,16.980825713387244,21.221680004786872,100.0,0.46834280524604377
SKU_00624,54.965811965811966,55.488854738382194,9.348009458634248,19.89216116252464,100.0,0.5062066179699054
SKU_00625,43.91737891737892,43.412014898751195,7.435018870905254,19.688188547012906,100.0,0.5069081925308281
SKU_00626,2.421652421652422,2.416140542835252,0.5779110297688053,29.4650676149399,98.86039886039886,0.4724700878657855
SKU_00627,129.7920227920228,129.30532045131736,21.362235122002087,19.156698469153,100.0,0.48494363125491
SKU_00628,69.64957264957265,69.83267505963643,11.645959774992745,20.1445313859699,100.0,0.5775129480895171
SKU_00629,69.65527065527066,69.02053510904992,12.17544129855952,21.21836920516345,100.0,0.4691151659748798
SKU_00630,0.5327635327635327,0.4873370036185637,0.34383279131858097,36.450719889153774,53.27635327635327,0.3456193965327765
SKU_00631,74.85470085470085,74.24424510514974,12.74436282245522,20.17290660974884,100.0,0.501089807214119
SKU_00632,42.01139601139601,41.53919763536195,7.282900946177648,20.73703576380633,100.0,0.4960096202903511
SKU_00633,108.17663817663818,108.43750488367516,18.485758869736284,19.86220841184004,100.0,0.47997098847908426
SKU_00634,2.740740740740741,2.7215258596289873,0.5164719181522684,21.64977411202022,99.71509971509973,0.5038965188271535
SKU_00635,56.94301994301994,57.23066785057046,9.520960321453561,19.12457565782379,100.0,0.47157396216230596
SKU_00636,28.695156695156694,28.301510007972393,4.818942544127461,20.215724304374344,100.0,0.4911850408162459
SKU_00637,79.15954415954415,78.50112874258278,12.771712105922889,17.950310347760592,100.0,0.4731014323015639
SKU_00638,102.34472934472934,102.17421967444936,17.792654266299685,20.927939866641886,100.0,0.4273313669985198
SKU_00639,109.08831908831908,108.97807656529962,17.98781301492979,19.067715152562062,100.0,0.4974967913020849
SKU_00640,82.12820512820512,81.20612208617379,13.755248249680907,19.543208282447488,100.0,0.44462141220106066
SKU_00641,24.92022792022792,24.39733036664816,4.382349615762716,25.18575178508354,100.0,0.510873599587129
SKU_00642,92.3076923076923,92.35435661045234,15.365182258889206,19.7623761635157,100.0,0.5544842774132408
SKU_00643,70.07122507122507,70.76679639972514,11.382564541111645,19.57683648179238,100.0,0.5187828349119044
SKU_00644,111.96011396011396,110.05736115039923,18.894537274314466,32.21427665648974,100.0,0.44102338505723937
SKU_00645,96.15384615384616,94.47349290842683,16.289207318314798,19.862935797742384,100.0,0.42484755118433915
SKU_00646,3.168091168091168,3.115311956813193,0.6583541720001785,25.250965541601182,99.71509971509973,0.4061499679419057
SKU_00647,104.98290598290598,103.06422353283293,17.141566356532593,20.757029247431575,100.0,0.5539994106841402
SKU_00648,133.63817663817665,133.12571362960034,22.21644277586217,19.112648652548692,100.0,0.5206244731479015
SKU_00649,0.008547008547008548,0.020879791630299342,0.030515808792535397,98.80527754624684,0.8547008547008548,-0.12840183955049977
SKU_00650,124.34472934472934,124.0790457959868,21.138564221200102,20.436639401866774,100.0,0.5065625405992759
SKU_00651,65.31908831908832,64.47254845321689,11.292229196964167,20.767420743418356,100.0,0.5099302795213688
SKU_00652,41.76923076923077,41.465243766110845,6.8604374257927265,19.756286932473333,100.0,0.49119589217346404
SKU_00653,17.97720797720798,17.640533343509393,2.967734652536887,20.270607391309074,100.0,0.5683164853426086
SKU_00654,18.247863247863247,17.855911888118484,3.0794328418891994,21.6397886402542,100.0,0.5032589909695808
SKU_00655,8.754985754985755,8.838843852366477,1.5891933020023878,21.989941049502452,100.0,0.4955623727604491
SKU_00656,24.54131054131054,24.456701724957195,4.069585774359201,19.780167030573633,100.0,0.5027211180559569
SKU_00657,110.57549857549857,108.78922570057405,17.880182353180018,20.60140391020806,100.0,0.5677506168397745
SKU_00658,36.76923076923077,35.93583572369356,6.056696166509917,19.988796078599638,100.0,0.495989284998973
SKU_00659,33.19088319088319,32.9390409812968,5.610987886744007,20.09039055467958,100.0,0.4869840739336114
SKU_00660,107.7977207977208,105.93569103324855,17.67600796373821,19.194441234869664,100.0,0.4967555808050448
SKU_00661,61.87464387464387,61.297873660030525,10.031817164516177,18.755169182260346,100.0,0.5312787382055423
SKU_00662,107.42165242165242,105.21248059089368,17.50115879274841,20.72563605630048,100.0,0.519938405136972
SKU_00663,88.3903133903134,87.75356826432409,14.738552858177414,20.853467986931037,100.0,0.5180383966346126
SKU_00664,33.81766381766382,33.71816240204365,5.490422435041166,18.343332036913647,100.0,0.5441427888742529
SKU_00665,5.074074074074074,5.089790428296114,0.9192617141623102,23.2645951910115,100.0,0.515074389483337
SKU_00666,119.5954415954416,119.99227469064232,20.251935465298487,19.536530393112905,100.0,0.4896465401105521
SKU_00667,46.67236467236467,45.47859753332926,8.30521865210302,22.535983958604135,100.0,0.42158540174924386
SKU_00668,12.054131054131053,11.806040505738,2.0741047954287626,20.261126338980954,100.0,0.4688642512649338
SKU_00669,26.954415954415953,26.694592095338383,4.526284805560044,20.17038452851427,100.0,0.47428604590036416
SKU_00670,116.4045584045584,115.13063907164792,19.33324836275177,21.451107504242984,100.0,0.5298772692572982
SKU_00671,117.87749287749288,118.81700088631393,19.220609409177406,19.32592163703741,100.0,0.5353851879853411
SKU_00672,115.42735042735043,116.4883346481201,19.749146693282658,20.034288408588377,100.0,0.4704227625755081
SKU_00673,63.03988603988604,63.21447731337996,10.645205453420298,20.275659543258826,100.0,0.46184696846215123
SKU_00674,110.4985754985755,110.61130665586545,18.924392392068164,20.969131292842,100.0,0.4706487958378447
SKU_00675,36.77207977207977,36.1094489524677,6.36665762667982,20.296663699033235,100.0,0.5201314180325605
SKU_00676,102.62393162393163,102.33540195634222,16.649754974067722,18.389971380509202,100.0,0.5025513854975461
SKU_00677,123.58119658119658,122.84733356013257,22.031199580244188,22.852912230511166,100.0,0.5213276719144986
SKU_00678,132.51566951566952,134.06706874127738,21.576174728636047,19.659317366290573,100.0,0.5080522159507592
SKU_00679,132.5014245014245,131.50276825366876,21.42075303748802,20.531379370181472,100.0,0.5204647591544207
SKU_00680,102.48717948717949,102.16455183392574,17.47520422307175,21.20914513914858,100.0,0.5362482577400705
SKU_00681,42.31623931623932,41.6976869639508,7.194662901920471,20.309913501566058,100.0,0.5458086826654289
SKU_00682,61.85470085470085,60.482924928522515,10.37256818704116,20.59499713323218,100.0,0.49175670424045326
SKU_00683,77.97435897435898,78.08013730663859,12.75276945747881,18.311151033441327,100.0,0.5156044540650702
SKU_00684,41.7008547008547,41.22161562982787,7.366469181500948,20.842000908856804,100.0,0.42330459920305186
SKU_00685,65.72934472934473,65.6284892613392,11.75473158991235,21.479488199160752,100.0,0.44559679648881767
SKU_00686,100.16239316239316,99.95634086960742,16.783661504926165,20.226181659593237,100.0,0.5071120534785544
SKU_00687,0.6239316239316239,0.553652277486956,0.34814058813104604,33.50460171427357,62.39316239316239,0.32246108028058074
SKU_00688,86.96011396011396,86.30640316926517,15.247538778686796,21.217632742409684,100.0,0.4863292540006161
SKU_00689,121.34757834757835,119.33204975953468,22.405007775522705,22.21256919276965,99.71509971509973,0.47319267331598935
SKU_00690,78.74074074074075,77.52147166698407,14.057928701581439,21.85711855265783,100.0,0.49583197760076914
SKU_00691,116.6951566951567,115.15891414626032,18.758407751719158,19.610018631173975,100.0,0.548387407819579
SKU_00692,102.58404558404558,102.24530455716315,16.6046970364375,19.10081779789812,100.0,0.5449754996823335
SKU_00693,84.91737891737891,85.19930462424571,14.43607814113299,19.95185489024011,100.0,0.4624878493196838
SKU_00694,96.94017094017094,98.25211849103965,16.506247423822725,19.95992850923136,100.0,0.5682684138087786
SKU_00695,86.26780626780626,85.90743720463539,13.993128924967557,19.61603883845563,100.0,0.4948281494593616
SKU_00696,37.096866096866094,37.41785561350676,6.420560752139812,20.80180775049497,100.0,0.48292889779545134
SKU_00697,124.89173789173789,125.31684921134232,22.22188370316117,20.972060275530705,100.0,0.5156581852882182
SKU_00698,129.35042735042734,127.27825522286939,22.31549735830041,21.459814663008427,100.0,0.45375219253921095
SKU_00699,53.41880341880342,53.12624962479302,8.609604728867186,18.437280986627147,100.0,0.5056759574445026
SKU_00700,114.95441595441595,115.09192263714948,19.746124131132735,20.944559419426792,100.0,0.5185510327217229
SKU_00701,36.743589743589745,37.001067828588674,5.810534957127693,18.195288998093694,100.0,0.528912374227466
SKU_00702,73.03703703703704,72.34504310697572,12.769310575604779,21.561693742509096,100.0,0.4909910819870358
SKU_00703,122.91168091168092,122.09900509869611,21.81956091090145,21.152298848939516,100.0,0.49303523556274287
SKU_00704,21.752136752136753,21.44513049203786,3.7764953295050185,22.850475476855426,100.0,0.4996087635024353
SKU_00705,98.76353276353277,97.93271845044234,16.866309977409845,21.305076126294964,100.0,0.498562309552381
SKU_00706,10.601139601139602,10.566014268374511,1.8883624435999455,24.099218711126667,100.0,0.4947689192449488
SKU_00707,103.3048433048433,102.5739422195997,16.988782664989134,18.898141411442918,100.0,0.49250109791007013
SKU_00708,46.45584045584046,45.86851694950691,7.109018701433796,17.486961407322198,100.0,0.5000175251243604
SKU_00709,112.01994301994301,110.64237646966578,18.510298775386946,19.188986704214376,100.0,0.4831163304811923
SKU_00710,134.62962962962962,133.35880495493228,21.209983171391013,18.492966237767796,100.0,0.553491530648462
SKU_00711,15.447293447293447,15.01396367030266,2.661207455515522,22.596997469586352,100.0,0.492747913262504
SKU_00712,21.43019943019943,21.23431329849439,3.351090759972901,17.882542595369145,100.0,0.5036039809646901
SKU_00713,59.173789173789174,59.180561717589015,9.984150044428995,19.570103384461824,100.0,0.49026180011053067
SKU_00714,124.12535612535612,123.45309571883617,22.49328585992172,21.78270737278811,100.0,0.46954305122563345
SKU_00715,18.404558404558404,18.415389963789202,3.3794259723604916,21.6502744731382,100.0,0.46358642308915876
SKU_00716,72.6923076923077,72.62811467229811,12.353299010682989,19.89991438922254,100.0,0.47664377548309245
SKU_00717,53.18233618233618,52.85802475034002,9.151418268850387,20.83818840999596,100.0,0.4864785050240845
SKU_00718,1.1196581196581197,1.0732563474239447,0.3940913322304728,26.652038125764754,89.74358974358975,0.2630560129909164
SKU_00719,108.58404558404558,106.07438425698511,19.00552429178162,21.217976847700207,100.0,0.45058067201428764
SKU_00720,70.45584045584046,70.87877928624806,12.244369639035982,20.546967401177678,100.0,0.4796528503024734
SKU_00721,131.52136752136752,131.01234226510397,21.548766724319538,19.62163236189259,100.0,0.5286043907756344
SKU_00722,98.4957264957265,96.16678084776952,16.452586509902932,21.55288971953904,100.0,0.48546824105469877
SKU_00723,79.51282051282051,79.01726184186772,13.045216455588653,19.56657373969201,100.0,0.45177063307620047
SKU_00724,4.299145299145299,4.348808717863512,0.860186642051762,26.992238549317573,100.0,0.47419559529905086
SKU_00725,72.05698005698005,70.9818179332293,11.975357934959934,19.444922429260618,100.0,0.5094284099462043
SKU_00726,10.982905982905983,10.599350683879308,1.8382320142539479,21.376002156438016,100.0,0.5075677518494603
SKU_00727,98.7977207977208,98.31103776459001,16.49868551074949,20.242403607431385,100.0,0.49772471890304926
SKU_00728,21.262108262108264,21.0630176223581,3.930383896895623,21.641307386876164,100.0,0.4580474146831369
SKU_00729,85.10826210826211,85.2681943634976,14.52795513487949,19.817392746845655,100.0,0.4752296762900321
SKU_00730,90.63817663817663,89.85867139849907,14.614438115616469,19.067133437399598,100.0,0.5179775775200726
SKU_00731,133.05128205128204,132.73332162154708,23.11147581580018,20.39201931719573,100.0,0.49438178095135943
SKU_00732,68.6980056980057,68.5886276101115,11.537901070043233,20.266235567026335,100.0,0.5121674825832452
SKU_00733,48.3019943019943,48.116324934694504,8.269310821325352,20.221457371200355,100.0,0.4813648308591997
SKU_00734,104.39886039886039,105.07791150482294,16.336582363500895,18.7945237646905,100.0,0.5649346937965579
SKU_00735,9.857549857549857,9.69239538432526,1.7835230530157389,22.283571351917352,100.0,0.5243211171984004
SKU_00736,3.54985754985755,3.5138743177608207,0.7200061477657057,25.12695374666449,99.43019943019942,0.4795182314647707
SKU_00737,112.7948717948718,111.9958044529131,18.987078760339323,19.157028037197772,100.0,0.48149053493853
SKU_00738,112.51282051282051,111.43481339306234,18.66767037330869,19.31492033311782,100.0,0.5287930223890898
SKU_00739,134.41595441595442,133.22738852502613,21.936535713254894,19.49835977452108,100.0,0.48998912561274
SKU_00740,72.07692307692308,71.48249496353998,12.715244776163345,21.433879390094294,100.0,0.5081455605621872
SKU_00741,9.934472934472934,9.788134606730225,1.6378006428225427,21.057899021905573,100.0,0.549817383230504
SKU_00742,63.863247863247864,62.879885306725136,10.901076036301093,22.057948558474735,100.0,0.5195711610563476
SKU_00743,76.18518518518519,75.98140817218356,12.504885443934688,18.72682215270019,100.0,0.497358184133458
SKU_00744,102.27350427350427,101.37886554766924,17.997698253885634,21.212311034660146,100.0,0.48761860130733536
SKU_00745,95.64387464387464,95.93319839086288,15.512130139560101,19.076893425667,100.0,0.5123465283574957
SKU_00746,24.504273504273506,24.313974661704822,4.315820661365477,22.02354601246585,100.0,0.5281766205446004
SKU_00747,32.94017094017094,32.637838535838654,5.583681901635607,21.59515222067455,100.0,0.5462626043541303
SKU_00748,97.04558404558405,96.85313741807585,16.83456155003985,20.173557837969568,100.0,0.4758895546262415
SKU_00749,86.14245014245014,85.92914585246999,14.468676474783836,19.657682898719635,100.0,0.5409127571737098
SKU_00750,106.51566951566952,105.73984243701666,16.999273920585626,19.222187127097243,100.0,0.5276080384674707
SKU_00751,47.945868945868945,48.16365123457379,8.133683150480277,19.96562217819131,100.0,0.46857674913291425
SKU_00752,124.46153846153847,122.72349130139392,19.20686537333024,17.74063695979707,100.0,0.5011134853855441
SKU_00753,24.242165242165242,23.671252399173557,4.00949391179275,23.305631527576526,100.0,0.5240180291743235
SKU_00754,77.13105413105413,77.06189892978071,11.616766731283944,17.903311959804906,100.0,0.561919965818888
SKU_00755,82.72934472934473,82.12718490504811,14.676620776497062,22.676379038030323,100.0,0.48548915929126624
SKU_00756,61.41880341880342,61.342520476406456,9.977031665649848,18.88143277142097,100.0,0.5147240535803542
SKU_00757,39.57549857549858,38.88026816535879,6.771474594064587,21.16500480438645,100.0,0.46187135018795966
SKU_00758,122.26210826210826,121.16740590316955,19.3998699145779,18.981241733162125,100.0,0.5372904962610566
SKU_00759,108.84045584045585,107.50671791724672,16.68552181218085,18.359919665854314,100.0,0.5637094895802797
SKU_00760,30.735042735042736,30.91998461805857,5.098979390839226,19.831523242565666,100.0,0.5515148845537863
SKU_00761,69.92307692307692,69.93163545111305,11.77040526941631,19.15169606198605,100.0,0.48164017697837214
SKU_00762,98.34472934472934,97.13023788501054,16.741462306758958,20.057702261668222,100.0,0.474221752163401
SKU_00763,32.73789173789174,32.481679443959834,5.5450925229281784,20.06471533414727,100.0,0.5270502973844404
SKU_00764,115.64957264957265,115.2577882966934,17.29206657163438,17.07542103328586,100.0,0.5482608849910916
SKU_00765,60.93732193732194,60.082408613628814,10.62609134644185,22.133220219308797,100.0,0.46813578053923166
SKU_00766,78.39886039886039,76.84877083902686,12.491713799981989,18.159968265766107,100.0,0.49939450893581416
SKU_00767,17.293447293447294,17.072026734168716,3.1102279047680716,21.827602201212674,100.0,0.465430011033778
SKU_00768,97.46438746438747,95.16742050189238,15.899311064994572,19.48033331955625,100.0,0.49756450227178384
SKU_00769,120.4017094017094,121.00143883948313,20.707175216443858,20.73811458709225,100.0,0.4885992910925008
SKU_00770,72.05128205128206,70.43237390367054,11.743491077779705,20.19047819955677,100.0,0.5354398561695081
SKU_00771,85.78062678062678,85.43052804130434,14.336556420366989,20.597637983382604,100.0,0.4977949246244645
SKU_00772,2.9857549857549857,2.959069855702229,0.6330883073331284,25.382514696749713,99.43019943019942,0.434272340995427
SKU_00773,12.626780626780628,12.516239441103409,2.5136137602166237,24.486770334231426,100.0,0.46252718193335773
SKU_00774,90.97720797720798,92.27848468682704,14.40967765764633,18.313089473865833,100.0,0.5171038401063688
SKU_00775,58.94301994301994,58.11667315156711,10.257671506910922,20.170861029866554,100.0,0.46570113369102706
SKU_00776,44.84900284900285,44.406942624651805,7.303635708966486,20.55589061037439,100.0,0.5592474432681733
SKU_00777,32.148148148148145,31.640339765029076,5.274421736980096,20.32900260048478,100.0,0.5465050761812529
SKU_00778,76.07692307692308,75.52188681002357,12.286683530294658,18.335972713823807,100.0,0.48794586829569764
SKU_00779,31.299145299145298,31.019707488708008,5.180102530537847,19.748013724306308,100.0,0.5480096070152007
SKU_00780,125.05982905982906,124.85520416039687,21.1591412545609,20.218269099198142,100.0,0.4779340167893853
SKU_00781,120.75498575498575,120.42411467348069,18.287319564666504,16.90377236226409,100.0,0.5451015883112678
SKU_00782,22.225071225071225,22.017890060729112,3.6975865381056088,20.668136242207602,100.0,0.48367271707493875
SKU_00783,69.61538461538461,69.21260059762884,12.01174791976597,21.48352631218751,100.0,0.5108097185145677
SKU_00784,73.86609686609687,72.77511428436662,12.156694929908824,19.06159240066064,100.0,0.4956092203469016
SKU_00785,43.91168091168091,43.41943847878366,6.883417751374747,17.907878326542463,99.71509971509973,0.5127784277323891
SKU_00786,73.10826210826211,72.12876173115184,12.462850775983599,20.20560027963543,100.0,0.47518841267324197
SKU_00787,35.55555555555556,35.08215864142801,6.175176799976588,20.959445254931982,100.0,0.5076381977235085
SKU_00788,107.03418803418803,105.8280239380323,17.49313773728504,19.430032048146423,100.0,0.4882251529635706
SKU_00789,67.47863247863248,67.2754814322518,11.34305742799047,19.4354252615191,100.0,0.4818138764793557
SKU_00790,92.1880341880342,92.60517170490363,15.934446716580295,19.849510898511294,100.0,0.4522282677405034
SKU_00791,114.82905982905983,113.287262011797,19.539248406037984,19.955076163437887,100.0,0.48123107089322703
SKU_00792,12.045584045584045,11.809549461742412,2.1504683905517274,22.760261646152536,100.0,0.4959561999182961
SKU_00793,76.22222222222223,74.74849339640379,12.171647405607409,18.958349806947616,100.0,0.5377412810069061
SKU_00794,58.63817663817664,58.40703657991187,9.804908987124081,20.65857012074857,100.0,0.5235476144278106
SKU_00795,105.10826210826211,103.02976109448322,17.283983422650234,19.327187896543045,100.0,0.4773833579534017
SKU_00796,24.185185185185187,23.740047409493698,4.201911271976949,22.559602346352744,100.0,0.5271194881022943
SKU_00797,100.6068376068376,100.07705391896756,17.35254851688347,20.114459615043927,100.0,0.49683354912408695
SKU_00798,122.41310541310541,120.46503104791682,22.060929550319656,22.428710668915553,100.0,0.4797151398143842
SKU_00799,122.44729344729345,122.77731643986498,19.793564339308997,18.589316146304856,100.0,0.5562017341768015
SKU_00800,35.173789173789174,34.953113647268026,6.269581805946481,25.67014381531765,100.0,0.4252266220144493
SKU_00801,135.45868945868946,133.34128782832386,24.7387293820877,22.61491790443831,100.0,0.4697446467919538
SKU_00802,102.07407407407408,99.74066604890378,17.51607202201487,19.619506293075517,100.0,0.4565449130841064
SKU_00803,127.61538461538461,127.52329994105546,20.380556743963492,18.69719154135776,100.0,0.5335998086269815
SKU_00804,127.55840455840456,126.79287783457684,20.853267134254814,19.909975963741683,100.0,0.5347427094361055
SKU_00805,16.444444444444443,16.194424399623163,2.6933058021414995,20.17896805694179,100.0,0.5650057741356103
SKU_00806,19.159544159544158,19.159232090681027,3.4122119235177326,21.87693401345681,100.0,0.49722294780353105
SKU_00807,77.66666666666667,77.24751422369582,12.264016962204224,18.444455945289484,100.0,0.5216820524254009
SKU_00808,74.4985754985755,73.58130724409706,12.653927169973693,20.57508070558629,100.0,0.44508208758971946
SKU_00809,98.88603988603988,98.35202645032834,17.385279946177775,21.54300065777803,100.0,0.46792307959625035
SKU_00810,116.9002849002849,114.4749614807785,18.72720534416006,18.609819553348814,100.0,0.5203090484201114
SKU_00811,18.555555555555557,18.54289477639049,3.3256340081195885,21.77682842844055,100.0,0.4773645861023442
SKU_00812,36.0940170940171,35.73420992671934,6.489650558202695,20.90327653323952,100.0,0.5017864192359838
SKU_00813,84.87464387464388,84.20591892798741,13.474944117571892,18.568716040302323,100.0,0.5608899517561858
SKU_00814,134.1851851851852,131.23808400243774,21.628169205793288,45.25275519371865,100.0,0.5266327800631792
SKU_00815,115.7948717948718,115.37668717671663,18.39097975071339,19.147848136988276,100.0,0.5797611039411111
SKU_00816,33.35042735042735,32.96582621403909,5.271233811507537,18.390706903563935,100.0,0.503933837737934
SKU_00817,123.19373219373219,121.02911160924496,20.461042739302343,20.93370988472265,100.0,0.5082654769149345
SKU_00818,119.8974358974359,119.73017593360694,19.678526497634387,19.690211974405006,100.0,0.5017407518149322
SKU_00819,62.59544159544159,62.400957527663294,11.013079206488412,21.002972657289103,100.0,0.47753280187614966
SKU_00820,96.4957264957265,96.14048115667114,16.451467544944197,19.979731929081158,100.0,0.41729978942220247
SKU_00821,57.94301994301994,57.95764793663623,9.890443494686714,20.18163219445188,100.0,0.4952767154664399
SKU_00822,92.04558404558405,90.4044334689776,16.306711265504195,23.50063384777416,100.0,0.44965229186957334
SKU_00823,133.5811965811966,131.15303562390497,22.401295003897783,19.447433088586337,99.71509971509973,0.4669938363611056
SKU_00824,120.26495726495726,119.66143430077452,21.213077103480316,21.170946294345082,100.0,0.4563871745357233
SKU_00825,132.51282051282053,131.43747225191518,22.44800376620388,21.281215508331847,100.0,0.5245545167054848
SKU_00826,80.6096866096866,79.61601595695203,12.586566027752694,17.877508631511393,100.0,0.5672627276413297
SKU_00827,19.356125356125357,19.099796912778817,3.5044822517962877,21.38389738809987,99.71509971509973,0.4600199671858457
SKU_00828,9.752136752136753,9.580667903280666,1.7233899081194843,24.096953884043444,100.0,0.5368500032265842
SKU_00829,64.48148148148148,64.10125343616193,10.109188699654364,18.311011861115908,100.0,0.5464419923827535
SKU_00830,50.56410256410256,50.00112482616704,8.659276516943576,22.21394620630224,100.0,0.5206368161370534
SKU_00831,132.5014245014245,131.3628699282805,21.761573290298468,18.908948514570238,100.0,0.44949951189207316
SKU_00832,67.32478632478633,67.57036313796654,11.491279305386067,19.77185729259504,100.0,0.47832937193161484
SKU_00833,23.555555555555557,23.540764544339602,3.9643850422482885,20.281671021728364,100.0,0.48244786461492073
SKU_00834,17.424501424501425,17.197801743392592,3.0710880913455942,23.027186189570678,100.0,0.4995043347530066
SKU_00835,67.68091168091168,66.48902369258751,11.448745443950012,20.24303290401714,100.0,0.48635747135971463
SKU_00836,114.62108262108262,113.6358989753954,19.748495727862387,20.109978469351617,100.0,0.46017844980690736
SKU_00837,32.82905982905983,32.93065437326404,5.782478575013641,20.725895297333587,100.0,0.4841606640055802
SKU_00838,94.83760683760684,94.30843946762235,15.487267194055764,18.96490035466064,100.0,0.48989379847610126
SKU_00839,115.31623931623932,115.0903693026627,17.850665293527804,17.547575882113115,100.0,0.4996200672525938
SKU_00840,60.35042735042735,58.87532471693479,9.743778544443625,20.928501679558476,100.0,0.5256333151715644
SKU_00841,14.581196581196581,14.428895447753433,2.588769453458297,21.351879847875395,100.0,0.4619105910462312
SKU_00842,116.82905982905983,115.92988465866472,18.54191421672829,19.039498356457575,100.0,0.5626788379514078
SKU_00843,37.002849002849004,35.95187718100697,6.31899984202154,21.20242153422353,99.71509971509973,0.5240639755885761
SKU_00844,29.954415954415953,30.030334788255203,5.31942889467943,21.09094537109357,100.0,0.48844462026271085
SKU_00845,61.977207977207975,61.49922314056983,10.431519322925144,19.863064268264957,100.0,0.510541956599974
SKU_00846,41.98575498575499,41.76084508736249,6.986307028861467,19.380674573262684,100.0,0.48357628582176626
SKU_00847,63.76068376068376,64.1387064867889,9.989682074285978,18.145931662471543,100.0,0.5460718572811697
SKU_00848,93.05128205128206,92.62765891293854,15.314064856947658,20.778161263564357,100.0,0.5579926392483308
SKU_00849,63.57549857549858,63.02274743257425,10.649625893841442,19.68252785898912,100.0,0.4855406041025505
SKU_00850,25.43874643874644,25.08266036293106,4.223985981567632,19.984810555875423,100.0,0.5071624723915404
SKU_00851,77.06837606837607,76.67383991135152,13.608558209618272,20.400273244084016,100.0,0.4990733642618165
SKU_00852,102.88034188034187,101.08442872609848,16.780921037380512,18.833596490689295,100.0,0.4886450643601876
SKU_00853,44.29059829059829,44.442907160673386,7.721884419265975,20.37830138564576,100.0,0.5007110955254751
SKU_00854,28.797720797720796,28.8530141920106,4.9082413521247705,20.403167827623307,100.0,0.4799744356205631
SKU_00855,102.91168091168092,102.67300784299177,17.604607416523827,19.85550939138087,100.0,0.45580855552043986
SKU_00856,26.66951566951567,26.508126351058994,4.721692211437768,22.93290778448697,100.0,0.5046600477080507
SKU_00857,85.61823361823362,85.67757587385314,14.247377345195183,19.845021371565736,100.0,0.5114147701210434
SKU_00858,16.840455840455842,16.804939700327708,2.8965225538976513,21.50901901507449,100.0,0.5348428916141419
SKU_00859,96.74928774928775,96.78138151883738,16.484310125098947,19.72360310311193,100.0,0.4886058208902977
SKU_00860,92.03988603988604,90.69775410034718,15.174487363409114,20.090414429579802,100.0,0.47098387139682507
SKU_00861,121.97435897435898,122.31455048791364,20.690066903574852,19.62595563510767,100.0,0.4915571007580565
SKU_00862,108.76638176638177,110.43606860557853,17.148170457351583,18.400392950810105,100.0,0.5210411649380164
SKU_00863,100.08547008547009,98.97540174080777,18.216847216981087,24.458704353828512,100.0,0.45608588150227236
SKU_00864,19.51851851851852,19.54819313854913,3.2356922606117706,19.24443539782128,100.0,0.5195520695187626
SKU_00865,89.3019943019943,87.91070283817768,14.83120481275086,21.30282090891481,100.0,0.48198951617070196
SKU_00866,97.44729344729345,96.35683380971606,16.88953242045522,20.489797582740668,100.0,0.46408545044487026
SKU_00867,64.16239316239316,62.4775303102117,10.493839533495427,23.10099356302608,100.0,0.5224023776910822
SKU_00868,0.02564102564102564,0.0389681333235526,0.06358795700080035,94.44636238945856,2.564102564102564,-0.09730002993877496
SKU_00869,103.02564102564102,103.58207810290182,17.38164977376957,19.35739465539915,100.0,0.4488988045826485
SKU_00870,44.25071225071225,44.611128757906776,7.250336597532968,19.175045246309455,100.0,0.5137247090194257
SKU_00871,8.162393162393162,8.062985604475028,1.4711198258264113,22.17086767897868,100.0,0.5235237361909104
SKU_00872,115.8974358974359,115.04878713568391,20.586432518442813,20.53037715950663,100.0,0.472677685721019
SKU_00873,70.95441595441595,69.97442647814749,11.611928053985634,22.008513097023698,100.0,0.5568977660974612
SKU_00874,135.40740740740742,136.1099069908134,22.291395261586565,19.36613815503146,100.0,0.5161396671270772
SKU_00875,49.02564102564103,48.92117008991391,7.6807730409324675,18.97361453682664,100.0,0.5119212140359404
SKU_00876,79.41310541310541,79.30950842623697,14.040920780425058,23.118182285314475,100.0,0.5025968712285147
SKU_00877,46.680911680911684,45.00363267121831,7.844090310002326,18.45677057540447,99.71509971509973,0.5085864663733948
SKU_00878,40.504273504273506,40.089541624753906,6.811507029920562,20.312699124800513,100.0,0.5403065416251294
SKU_00879,132.96011396011397,130.80414676207764,22.895093234346124,22.161056114876875,100.0,0.5298492410224929
SKU_00880,112.63532763532764,112.51564532441968,18.028149964038462,18.17196455673058,100.0,0.5428366711801782
SKU_00881,31.418803418803417,31.544569872383374,4.976421234274861,17.885635894099355,100.0,0.5341800685556369
SKU_00882,7.49002849002849,7.367520602340374,1.359908398400005,22.983396925375757,100.0,0.4997882808349343
SKU_00883,42.680911680911684,42.63763321312065,7.767152743631618,22.530657550496066,100.0,0.49132747291937084
SKU_00884,74.62962962962963,74.06436872295505,12.320944819864724,19.301089869824793,100.0,0.5385080206757955
SKU_00885,91.05413105413105,88.80570042337108,14.519366747972972,20.9000969136686,100.0,0.5542435379015961
SKU_00886,111.4928774928775,111.43286314071753,18.54157250185638,19.75513607545057,100.0,0.5526463737116565
SKU_00887,63.77777777777778,63.12286374168178,9.918225048614024,18.035102037148103,100.0,0.4954290322432511
SKU_00888,70.37321937321937,69.83561787951706,12.411162541802453,21.12443343728902,100.0,0.48624187263519736
SKU_00889,25.03133903133903,24.683498063912758,4.2510088137921445,20.95987821722685,100.0,0.5124209244100447
SKU_00890,74.32478632478633,73.22219415947244,12.578152614441352,19.93883747419735,100.0,0.43323749925868515
SKU_00891,107.72934472934473,106.15955446877031,18.871434389016567,20.831402314596094,100.0,0.493558441595105
SKU_00892,20.188034188034187,19.752619813055738,3.2615826988322105,18.319200815866406,100.0,0.5327567747116313
SKU_00893,59.396011396011396,58.1000714597539,9.666647330308571,19.116532302832304,100.0,0.5366581690332508
SKU_00894,90.41595441595442,89.37313629928816,15.60718608547819,21.358968882348055,100.0,0.4815654360156092
SKU_00895,48.085470085470085,48.07135123557854,8.367909405476007,20.908648497962314,100.0,0.5275364775039737
SKU_00896,126.31054131054131,125.12052397918158,21.14750145812999,19.40784234372683,100.0,0.45593349129350946
SKU_00897,11.492877492877493,11.460031672930105,1.9934278463366364,20.718784575120647,100.0,0.4924433347208037
SKU_00898,79.20797720797721,77.573124768897,12.710748340838995,23.198766367823485,100.0,0.5465762696816716
SKU_00899,87.68376068376068,88.14956850951214,14.456318714679815,18.792514662451556,100.0,0.5347594199015433
SKU_00900,63.12250712250712,63.10485695026539,10.453721021994566,19.16591172344364,100.0,0.5447913186364475
SKU_00901,89.26780626780626,89.42510809424596,13.67492825582496,18.367869752112277,100.0,0.5537485655405034
SKU_00902,88.58689458689459,87.86347388040984,13.567956410157375,19.139907613822608,100.0,0.504059818854105
SKU_00903,121.6923076923077,120.79728433922824,20.202872303136733,19.548748006873566,100.0,0.4960234591650351
SKU_00904,80.61538461538461,80.38201341567895,12.471341018832986,17.411343877791307,100.0,0.5342966477856049
SKU_00905,104.78347578347578,105.03916938208107,16.72134760633493,19.524766207934956,100.0,0.5517671777520605
SKU_00906,48.592592592592595,48.67828220944119,7.904357690417189,18.47380032899803,100.0,0.4870488146693417
SKU_00907,92.47863247863248,92.38661933149028,15.659701489315413,19.752819211180736,100.0,0.5256369894786515
SKU_00908,29.054131054131055,28.667541925723736,5.24663199148966,29.22954207097467,100.0,0.45951797243343917
SKU_00909,84.12250712250712,83.48112411818273,13.847364796192897,18.487057951480452,100.0,0.4925424421310798
SKU_00910,68.22507122507122,67.70983841531297,11.061427750988225,18.88473751407804,100.0,0.560213001799976
SKU_00911,110.64387464387464,109.8673538618278,18.018990866139404,19.233042597887323,100.0,0.4702305658973178
SKU_00912,33.77207977207977,33.4377537835018,5.855537069998576,20.034792754612603,100.0,0.4951684310889748
SKU_00913,123.15669515669515,122.8492525328598,20.72839351596995,21.373527460830566,100.0,0.5435902008263909
SKU_00914,127.19373219373219,128.02665882861172,21.16107754405068,19.59246950294606,100.0,0.5512470157246727
SKU_00915,125.00854700854701,122.91350771966484,22.064059634493965,19.83761946935442,100.0,0.4516736909388769
SKU_00916,21.28205128205128,21.291017128616318,3.7923316277160257,21.49785116648386,100.0,0.4606996396370687
SKU_00917,38.712250712250714,38.27562617746174,6.328351263646726,20.4356243105597,100.0,0.5064591320531026
SKU_00918,44.12250712250712,43.471720951744636,7.79501767155112,21.911221347076538,100.0,0.4975068277809014
SKU_00919,83.53276353276354,82.47033130468806,14.795674211364187,21.664524182769362,100.0,0.5036382757760298
SKU_00920,26.82051282051282,26.468231375061208,4.616276795368249,20.446683072353323,100.0,0.45122956626344646
SKU_00921,102.5925925925926,103.44127874836283,16.837461356763487,19.38055426251366,100.0,0.4984825287637348
SKU_00922,6.50997150997151,6.531536958156487,1.1941576713850013,21.534599549144104,100.0,0.44032575583376854
SKU_00923,136.6239316239316,136.78395989002325,22.188862615840726,18.6690358839268,100.0,0.5176380413409389
SKU_00924,18.262108262108264,18.529730115945526,3.150955587285876,20.157312568365796,100.0,0.4776927925879354
SKU_00925,10.01994301994302,9.776006459510564,1.7335831161238189,23.55115829446664,100.0,0.517755072841417
SKU_00926,13.558404558404558,13.557729792900574,2.3088034515367273,20.168570816592766,100.0,0.516698217234095
SKU_00927,29.02279202279202,28.72368506743358,5.465092424144093,28.577812865704644,100.0,0.4692281481933914
SKU_00928,6.461538461538462,6.4209624805681385,1.2342570661819219,24.399095610587743,100.0,0.5029442994114803
SKU_00929,97.0,97.04441164268388,17.260801671322255,20.978008613204956,100.0,0.5116491176961855
SKU_00930,11.635327635327636,11.62272435783321,1.9465146336460386,19.368501305962887,100.0,0.4972498084065081
SKU_00931,40.14529914529915,40.06915394023613,6.658191011672006,19.012071553540924,100.0,0.48946271907999506
SKU_00932,93.4074074074074,93.1751337104883,15.435615857357316,19.900159215495975,100.0,0.5295616581947609
SKU_00933,21.726495726495727,21.535067811990398,3.5626119602779376,19.545225885266607,100.0,0.5273495220087079
SKU_00934,111.97720797720798,111.13288799921672,18.448353882868407,19.161712370574882,100.0,0.5452907658577855
SKU_00935,94.81481481481481,93.16413524296888,15.514471718558559,21.06103273156945,100.0,0.4965438984294317
SKU_00936,123.74643874643874,122.43849640065788,19.287891046104267,17.814438669998246,100.0,0.4999190431743985
SKU_00937,109.28490028490029,107.84297619034082,18.722608289063142,20.253614597915316,100.0,0.4882524048582363
SKU_00938,23.076923076923077,23.060739453022297,4.016271258691098,20.554676730178254,100.0,0.5066345544532935
SKU_00939,88.94586894586895,87.83801683350507,15.078972926167001,20.372092096187615,100.0,0.532434589947228
SKU_00940,13.660968660968662,13.603678698043877,2.4865259844013767,21.960692540412722,100.0,0.4310372445217725
SKU_00941,51.957264957264954,52.070075577565405,8.123484498500146,17.711916490139426,100.0,0.505636945085939
SKU_00942,26.484330484330485,26.555836585342373,4.191952725251515,19.196620946288846,100.0,0.5034097096037049
SKU_00943,128.82621082621083,127.04308876751834,22.050488738168,22.635613183303153,100.0,0.5435010333345571
SKU_00944,88.5042735042735,87.41552034759114,14.752967798811758,20.39979609656803,100.0,0.48153799474853176
SKU_00945,1.606837606837607,1.5734597296796293,0.4154223195168367,24.77621408540811,95.44159544159544,0.3902698169034563
SKU_00946,122.75498575498575,120.46642032927937,20.83365618325027,20.509906738746928,100.0,0.4563848955586981
SKU_00947,82.24786324786325,81.56431795491112,13.969310886160262,20.02049145013347,100.0,0.4237919637390918
SKU_00948,130.83475783475782,130.30207758173984,20.43364894288218,18.28155271387534,100.0,0.5076742366119686
SKU_00949,116.33618233618233,116.2065487083716,19.100317509001133,19.482411954871814,100.0,0.5291308485540689
SKU_00950,132.74928774928776,131.35379838102904,22.67952910388297,19.344408279613013,100.0,0.4480703958053305
SKU_00951,28.498575498575498,27.99508799548842,4.782476310716396,19.809637439370544,100.0,0.505543297394341
SKU_00952,8.974358974358974,8.82331430470502,1.5407702834517867,20.11507532782318,100.0,0.5108981715002883
SKU_00953,70.36752136752136,69.91282485421227,12.163959853669517,21.270168531526494,100.0,0.5075541465436628
SKU_00954,78.82621082621083,77.27242049039938,12.153637856160135,19.06620538808892,100.0,0.5649647136154289
SKU_00955,0.2849002849002849,0.2815933010177395,0.28734627552861164,50.93250595033169,28.49002849002849,0.271605116522303
SKU_00956,98.31623931623932,96.96153830887586,15.47312463467617,20.050933790368752,100.0,0.5415984594654308
SKU_00957,63.03133903133903,62.988646142503136,10.254346334696494,18.717690237071587,100.0,0.49110032931790215
SKU_00958,91.03703703703704,91.50177248930319,15.557928534994097,20.883701718033468,100.0,0.49603314291494927
SKU_00959,8.182336182336183,8.095617116856099,1.5400522093147972,24.17582552473481,100.0,0.4905629488654899
SKU_00960,80.15669515669515,80.20895811202179,12.42320576191288,17.955323734405685,100.0,0.524800762470548
SKU_00961,125.97435897435898,124.27665236974374,21.5800576050397,20.746323746887548,100.0,0.4346789694655787
SKU_00962,118.80341880341881,118.17607321324851,19.17327801284627,18.234409127475377,100.0,0.4637969603450639
SKU_00963,55.49287749287749,55.99386425430958,9.813205992139642,20.53867427846869,100.0,0.44997109821933234
SKU_00964,109.01424501424502,110.67832880719774,18.844800312125102,20.31084930112796,100.0,0.47850020814820016
SKU_00965,29.054131054131055,29.00131042509677,5.021359993521644,20.246156570662613,100.0,0.4966513512071997
SKU_00966,94.97150997150997,94.21728986442258,15.129275708371758,19.313511914779824,100.0,0.48033350741365766
SKU_00967,43.96296296296296,44.26352564952312,7.28246049680601,18.95746396908365,100.0,0.47746759186918275
SKU_00968,90.54415954415954,88.84952610476404,14.696226020823856,39.198691874915596,100.0,0.46720045729703974
SKU_00969,19.675213675213676,19.646460289204562,3.2389739234732766,19.69461163132072,100.0,0.5093332588492723
SKU_00970,102.97150997150997,102.06903662504973,16.46810381093256,19.4083991072876,100.0,0.5340335868400461
SKU_00971,131.62678062678063,131.75496355658584,21.787303103340996,19.433213986478552,100.0,0.49355027379172867
SKU_00972,79.15669515669515,78.02880978431457,14.281254258081102,22.870986719418244,100.0,0.47598402931687567
SKU_00973,70.47293447293447,69.96712597771588,12.034334186475158,19.765042877035274,100.0,0.5122273060122258
SKU_00974,113.06267806267806,111.25127518312884,17.967320365443868,20.291935610024055,100.0,0.5157048802340485
SKU_00975,50.6951566951567,51.91677356759707,8.460696353956504,19.769362273311625,100.0,0.5190384291015253
SKU_00976,88.34472934472934,88.30596902134411,15.192651182413101,19.892891921234412,100.0,0.46659500630608985
SKU_00977,45.0997150997151,45.14225335763051,7.723791875900367,20.21253580069207,100.0,0.4834108248002744
SKU_00978,91.34757834757835,91.37543185144408,14.81866295826741,18.974824113230266,100.0,0.45658267697254173
SKU_00979,36.53276353276353,36.7891525471652,6.243797161979892,19.601690281498183,100.0,0.5383296786251694
SKU_00980,55.22222222222222,54.06022869521736,8.770124632069189,18.336232646715256,99.71509971509973,0.5410381585239146
SKU_00981,71.86894586894587,71.38559239321626,11.603345176942668,18.38206929468622,100.0,0.5062523249503492
SKU_00982,13.153846153846153,12.995021648726233,2.2669438352951636,20.833384493415682,100.0,0.5045182731908897
SKU_00983,29.94871794871795,29.720829545942127,4.868628816896694,18.689023717284233,100.0,0.4669914091284768
SKU_00984,28.957264957264957,28.958735176640698,4.486722330761771,18.391515583487436,100.0,0.5052391447088238
SKU_00985,26.894586894586894,25.8830289025592,4.447703867726176,23.69258825687346,100.0,0.5490994950347354
SKU_00986,51.863247863247864,51.77715269588677,9.219808851551806,21.202840440942467,100.0,0.4863246433786804
SKU_00987,43.99145299145299,43.049691151349975,7.544329902045747,23.589941181499235,100.0,0.4672052400406419
SKU_00988,15.709401709401709,15.520750147155207,2.660704460069325,20.214775088584435,100.0,0.5394758900242791
SKU_00989,62.054131054131055,60.83650750032178,10.515998906644322,20.418089246452315,100.0,0.5138180778374797
SKU_00990,51.629629629629626,50.98360628551907,8.68208350890722,20.27209648797047,100.0,0.4695438932747906
SKU_00991,135.02564102564102,132.53460930079817,22.08301777241916,19.535937154068275,100.0,0.45633882038052664
SKU_00992,95.54985754985755,94.46120827048593,16.421363702866426,20.828670695632635,100.0,0.5322987109445684
SKU_00993,83.72934472934473,84.23140637996869,13.284122584891795,18.364628800952566,100.0,0.5002467470077577
SKU_00994,129.7065527065527,128.78330787634238,22.75802816352953,20.770924314996293,100.0,0.41876384862906413
SKU_00995,51.08831908831909,50.38887038368445,9.070522508814804,22.05217928285455,100.0,0.5156921925416013
SKU_00996,102.5982905982906,101.49211049827076,18.028773713485467,21.27071626636286,100.0,0.5281208018574561
SKU_00997,115.26780626780626,114.90764352263209,21.389838770923454,22.53866134224477,100.0,0.4522203324733377
SKU_00998,49.44444444444444,49.419904132684074,8.52842152033776,20.52372690832137,100.0,0.47780452979885224
SKU_00999,98.60113960113961,99.24422281267296,17.01432047423474,20.29454855020914,100.0,0.4815258824670231
