order_id,order_priority
ORD_0000000,high
ORD_0000001,low
ORD_0000002,low
ORD_0000003,medium
ORD_0000004,medium
ORD_0000005,low
ORD_0000006,low
ORD_0000007,medium
ORD_0000008,low
ORD_0000009,low
ORD_0000010,medium
ORD_0000011,low
ORD_0000012,low
ORD_0000013,high
ORD_0000014,high
ORD_0000015,medium
ORD_0000016,medium
ORD_0000017,low
ORD_0000018,low
ORD_0000019,high
ORD_0000020,low
ORD_0000021,high
ORD_0000022,low
ORD_0000023,medium
ORD_0000024,low
ORD_0000025,high
ORD_0000026,low
ORD_0000027,medium
ORD_0000028,low
ORD_0000029,low
ORD_0000030,medium
ORD_0000031,low
ORD_0000032,high
ORD_0000033,medium
ORD_0000034,medium
ORD_0000035,low
ORD_0000036,low
ORD_0000037,medium
ORD_0000038,high
ORD_0000039,low
ORD_0000040,low
ORD_0000041,low
ORD_0000042,high
ORD_0000043,low
ORD_0000044,low
ORD_0000045,high
ORD_0000046,high
ORD_0000047,high
ORD_0000048,low
ORD_0000049,low
ORD_0000050,medium
ORD_0000051,low
ORD_0000052,medium
ORD_0000053,low
ORD_0000054,low
ORD_0000055,medium
ORD_0000056,high
ORD_0000057,high
ORD_0000058,low
ORD_0000059,low
ORD_0000060,low
ORD_0000061,medium
ORD_0000062,high
ORD_0000063,medium
ORD_0000064,low
ORD_0000065,high
ORD_0000066,medium
ORD_0000067,medium
ORD_0000068,medium
ORD_0000069,high
ORD_0000070,medium
ORD_0000071,low
ORD_0000072,high
ORD_0000073,low
ORD_0000074,low
ORD_0000075,medium
ORD_0000076,medium
ORD_0000077,high
ORD_0000078,low
ORD_0000079,medium
ORD_0000080,medium
ORD_0000081,medium
ORD_0000082,medium
ORD_0000083,high
ORD_0000084,low
ORD_0000085,high
ORD_0000086,high
ORD_0000087,high
ORD_0000088,medium
ORD_0000089,high
ORD_0000090,medium
ORD_0000091,medium
ORD_0000092,low
ORD_0000093,medium
ORD_0000094,high
ORD_0000095,low
ORD_0000096,high
ORD_0000097,medium
ORD_0000098,low
ORD_0000099,low
ORD_0000100,low
ORD_0000101,high
ORD_0000102,high
ORD_0000103,low
ORD_0000104,medium
ORD_0000105,low
ORD_0000106,medium
ORD_0000107,medium
ORD_0000108,medium
ORD_0000109,low
ORD_0000110,medium
ORD_0000111,low
ORD_0000112,low
ORD_0000113,low
ORD_0000114,high
ORD_0000115,low
ORD_0000116,medium
ORD_0000117,low
ORD_0000118,low
ORD_0000119,low
ORD_0000120,low
ORD_0000121,low
ORD_0000122,medium
ORD_0000123,medium
ORD_0000124,medium
ORD_0000125,medium
ORD_0000126,high
ORD_0000127,low
ORD_0000128,low
ORD_0000129,low
ORD_0000130,medium
ORD_0000131,medium
ORD_0000132,medium
ORD_0000133,low
ORD_0000134,high
ORD_0000135,medium
ORD_0000136,low
ORD_0000137,medium
ORD_0000138,low
ORD_0000139,high
ORD_0000140,low
ORD_0000141,high
ORD_0000142,high
ORD_0000143,high
ORD_0000144,low
ORD_0000145,high
ORD_0000146,medium
ORD_0000147,medium
ORD_0000148,low
ORD_0000149,low
ORD_0000150,high
ORD_0000151,low
ORD_0000152,medium
ORD_0000153,high
ORD_0000154,low
ORD_0000155,low
ORD_0000156,medium
ORD_0000157,high
ORD_0000158,medium
ORD_0000159,low
ORD_0000160,medium
ORD_0000161,low
ORD_0000162,low
ORD_0000163,low
ORD_0000164,medium
ORD_0000165,medium
ORD_0000166,low
ORD_0000167,high
ORD_0000168,high
ORD_0000169,medium
ORD_0000170,high
ORD_0000171,medium
ORD_0000172,low
ORD_0000173,high
ORD_0000174,medium
ORD_0000175,medium
ORD_0000176,low
ORD_0000177,medium
ORD_0000178,high
ORD_0000179,medium
ORD_0000180,low
ORD_0000181,high
ORD_0000182,low
ORD_0000183,low
ORD_0000184,low
ORD_0000185,low
ORD_0000186,low
ORD_0000187,medium
ORD_0000188,low
ORD_0000189,high
ORD_0000190,medium
ORD_0000191,medium
ORD_0000192,high
ORD_0000193,medium
ORD_0000194,medium
ORD_0000195,low
ORD_0000196,high
ORD_0000197,low
ORD_0000198,medium
ORD_0000199,low
ORD_0000200,medium
ORD_0000201,medium
ORD_0000202,low
ORD_0000203,low
ORD_0000204,low
ORD_0000205,low
ORD_0000206,low
ORD_0000207,medium
ORD_0000208,medium
ORD_0000209,low
ORD_0000210,medium
ORD_0000211,low
ORD_0000212,high
ORD_0000213,high
ORD_0000214,low
ORD_0000215,low
ORD_0000216,low
ORD_0000217,medium
ORD_0000218,medium
ORD_0000219,low
ORD_0000220,medium
ORD_0000221,medium
ORD_0000222,low
ORD_0000223,medium
ORD_0000224,high
ORD_0000225,high
ORD_0000226,low
ORD_0000227,high
ORD_0000228,medium
ORD_0000229,low
ORD_0000230,low
ORD_0000231,low
ORD_0000232,low
ORD_0000233,medium
ORD_0000234,medium
ORD_0000235,low
ORD_0000236,low
ORD_0000237,medium
ORD_0000238,high
ORD_0000239,low
ORD_0000240,high
ORD_0000241,low
ORD_0000242,low
ORD_0000243,low
ORD_0000244,low
ORD_0000245,medium
ORD_0000246,low
ORD_0000247,low
ORD_0000248,low
ORD_0000249,medium
ORD_0000250,low
ORD_0000251,high
ORD_0000252,low
ORD_0000253,low
ORD_0000254,medium
ORD_0000255,high
ORD_0000256,low
ORD_0000257,low
ORD_0000258,high
ORD_0000259,low
ORD_0000260,high
ORD_0000261,low
ORD_0000262,low
ORD_0000263,high
ORD_0000264,high
ORD_0000265,high
ORD_0000266,high
ORD_0000267,medium
ORD_0000268,low
ORD_0000269,low
ORD_0000270,medium
ORD_0000271,low
ORD_0000272,low
ORD_0000273,low
ORD_0000274,low
ORD_0000275,low
ORD_0000276,low
ORD_0000277,low
ORD_0000278,low
ORD_0000279,low
ORD_0000280,medium
ORD_0000281,low
ORD_0000282,low
ORD_0000283,high
ORD_0000284,low
ORD_0000285,low
ORD_0000286,low
ORD_0000287,high
ORD_0000288,low
ORD_0000289,medium
ORD_0000290,low
ORD_0000291,medium
ORD_0000292,high
ORD_0000293,medium
ORD_0000294,low
ORD_0000295,high
ORD_0000296,low
ORD_0000297,low
ORD_0000298,high
ORD_0000299,high
ORD_0000300,low
ORD_0000301,low
ORD_0000302,low
ORD_0000303,medium
ORD_0000304,high
ORD_0000305,medium
ORD_0000306,high
ORD_0000307,low
ORD_0000308,high
ORD_0000309,low
ORD_0000310,low
ORD_0000311,low
ORD_0000312,high
ORD_0000313,high
ORD_0000314,high
ORD_0000315,high
ORD_0000316,high
ORD_0000317,high
ORD_0000318,medium
ORD_0000319,high
ORD_0000320,medium
ORD_0000321,low
ORD_0000322,high
ORD_0000323,low
ORD_0000324,medium
ORD_0000325,medium
ORD_0000326,low
ORD_0000327,medium
ORD_0000328,low
ORD_0000329,high
ORD_0000330,low
ORD_0000331,medium
ORD_0000332,low
ORD_0000333,low
ORD_0000334,medium
ORD_0000335,high
ORD_0000336,high
ORD_0000337,low
ORD_0000338,low
ORD_0000339,high
ORD_0000340,low
ORD_0000341,high
ORD_0000342,medium
ORD_0000343,low
ORD_0000344,high
ORD_0000345,medium
ORD_0000346,low
ORD_0000347,high
ORD_0000348,medium
ORD_0000349,low
ORD_0000350,medium
ORD_0000351,medium
ORD_0000352,low
ORD_0000353,low
ORD_0000354,medium
ORD_0000355,low
ORD_0000356,medium
ORD_0000357,medium
ORD_0000358,low
ORD_0000359,low
ORD_0000360,low
ORD_0000361,low
ORD_0000362,low
ORD_0000363,medium
ORD_0000364,low
ORD_0000365,low
ORD_0000366,high
ORD_0000367,medium
ORD_0000368,low
ORD_0000369,low
ORD_0000370,medium
ORD_0000371,medium
ORD_0000372,low
ORD_0000373,low
ORD_0000374,low
ORD_0000375,low
ORD_0000376,low
ORD_0000377,high
ORD_0000378,high
ORD_0000379,medium
ORD_0000380,medium
ORD_0000381,medium
ORD_0000382,low
ORD_0000383,low
ORD_0000384,medium
ORD_0000385,high
ORD_0000386,low
ORD_0000387,high
ORD_0000388,high
ORD_0000389,low
ORD_0000390,medium
ORD_0000391,low
ORD_0000392,low
ORD_0000393,medium
ORD_0000394,low
ORD_0000395,low
ORD_0000396,low
ORD_0000397,low
ORD_0000398,low
ORD_0000399,low
ORD_0000400,low
ORD_0000401,medium
ORD_0000402,medium
ORD_0000403,medium
ORD_0000404,high
ORD_0000405,high
ORD_0000406,low
ORD_0000407,high
ORD_0000408,medium
ORD_0000409,high
ORD_0000410,low
ORD_0000411,medium
ORD_0000412,low
ORD_0000413,medium
ORD_0000414,low
ORD_0000415,high
ORD_0000416,high
ORD_0000417,low
ORD_0000418,low
ORD_0000419,medium
ORD_0000420,low
ORD_0000421,high
ORD_0000422,low
ORD_0000423,low
ORD_0000424,high
ORD_0000425,medium
ORD_0000426,medium
ORD_0000427,medium
ORD_0000428,low
ORD_0000429,low
ORD_0000430,low
ORD_0000431,low
ORD_0000432,low
ORD_0000433,medium
ORD_0000434,high
ORD_0000435,low
ORD_0000436,low
ORD_0000437,low
ORD_0000438,low
ORD_0000439,low
ORD_0000440,high
ORD_0000441,low
ORD_0000442,high
ORD_0000443,high
ORD_0000444,high
ORD_0000445,low
ORD_0000446,low
ORD_0000447,medium
ORD_0000448,medium
ORD_0000449,medium
ORD_0000450,medium
ORD_0000451,low
ORD_0000452,medium
ORD_0000453,low
ORD_0000454,low
ORD_0000455,low
ORD_0000456,high
ORD_0000457,low
ORD_0000458,low
ORD_0000459,low
ORD_0000460,low
ORD_0000461,low
ORD_0000462,high
ORD_0000463,low
ORD_0000464,low
ORD_0000465,high
ORD_0000466,medium
ORD_0000467,high
ORD_0000468,low
ORD_0000469,low
ORD_0000470,high
ORD_0000471,high
ORD_0000472,low
ORD_0000473,low
ORD_0000474,low
ORD_0000475,low
ORD_0000476,high
ORD_0000477,low
ORD_0000478,high
ORD_0000479,low
ORD_0000480,medium
ORD_0000481,low
ORD_0000482,low
ORD_0000483,medium
ORD_0000484,low
ORD_0000485,low
ORD_0000486,medium
ORD_0000487,low
ORD_0000488,low
ORD_0000489,low
ORD_0000490,low
ORD_0000491,low
ORD_0000492,medium
ORD_0000493,medium
ORD_0000494,low
ORD_0000495,low
ORD_0000496,low
ORD_0000497,low
ORD_0000498,medium
ORD_0000499,medium
ORD_0000500,medium
ORD_0000501,low
ORD_0000502,high
ORD_0000503,low
ORD_0000504,low
ORD_0000505,medium
ORD_0000506,low
ORD_0000507,medium
ORD_0000508,high
ORD_0000509,high
ORD_0000510,low
ORD_0000511,low
ORD_0000512,medium
ORD_0000513,medium
ORD_0000514,medium
ORD_0000515,low
ORD_0000516,low
ORD_0000517,medium
ORD_0000518,medium
ORD_0000519,medium
ORD_0000520,low
ORD_0000521,medium
ORD_0000522,medium
ORD_0000523,high
ORD_0000524,high
ORD_0000525,low
ORD_0000526,low
ORD_0000527,medium
ORD_0000528,medium
ORD_0000529,low
ORD_0000530,high
ORD_0000531,low
ORD_0000532,medium
ORD_0000533,low
ORD_0000534,high
ORD_0000535,low
ORD_0000536,medium
ORD_0000537,low
ORD_0000538,medium
ORD_0000539,high
ORD_0000540,high
ORD_0000541,medium
ORD_0000542,low
ORD_0000543,medium
ORD_0000544,high
ORD_0000545,high
ORD_0000546,medium
ORD_0000547,high
ORD_0000548,low
ORD_0000549,high
ORD_0000550,medium
ORD_0000551,high
ORD_0000552,medium
ORD_0000553,high
ORD_0000554,low
ORD_0000555,low
ORD_0000556,low
ORD_0000557,medium
ORD_0000558,high
ORD_0000559,low
ORD_0000560,low
ORD_0000561,low
ORD_0000562,low
ORD_0000563,low
ORD_0000564,low
ORD_0000565,low
ORD_0000566,low
ORD_0000567,medium
ORD_0000568,low
ORD_0000569,medium
ORD_0000570,high
ORD_0000571,high
ORD_0000572,medium
ORD_0000573,high
ORD_0000574,low
ORD_0000575,low
ORD_0000576,medium
ORD_0000577,low
ORD_0000578,medium
ORD_0000579,low
ORD_0000580,low
ORD_0000581,low
ORD_0000582,high
ORD_0000583,low
ORD_0000584,medium
ORD_0000585,medium
ORD_0000586,high
ORD_0000587,medium
ORD_0000588,high
ORD_0000589,medium
ORD_0000590,medium
ORD_0000591,low
ORD_0000592,low
ORD_0000593,low
ORD_0000594,high
ORD_0000595,low
ORD_0000596,low
ORD_0000597,high
ORD_0000598,low
ORD_0000599,medium
ORD_0000600,low
ORD_0000601,high
ORD_0000602,low
ORD_0000603,high
ORD_0000604,medium
ORD_0000605,medium
ORD_0000606,low
ORD_0000607,low
ORD_0000608,high
ORD_0000609,medium
ORD_0000610,low
ORD_0000611,low
ORD_0000612,low
ORD_0000613,low
ORD_0000614,low
ORD_0000615,medium
ORD_0000616,medium
ORD_0000617,medium
ORD_0000618,medium
ORD_0000619,low
ORD_0000620,high
ORD_0000621,low
ORD_0000622,low
ORD_0000623,low
ORD_0000624,medium
ORD_0000625,high
ORD_0000626,medium
ORD_0000627,low
ORD_0000628,high
ORD_0000629,medium
ORD_0000630,low
ORD_0000631,low
ORD_0000632,medium
ORD_0000633,low
ORD_0000634,medium
ORD_0000635,low
ORD_0000636,low
ORD_0000637,low
ORD_0000638,low
ORD_0000639,low
ORD_0000640,medium
ORD_0000641,low
ORD_0000642,low
ORD_0000643,low
ORD_0000644,medium
ORD_0000645,low
ORD_0000646,medium
ORD_0000647,low
ORD_0000648,medium
ORD_0000649,high
ORD_0000650,high
ORD_0000651,high
ORD_0000652,low
ORD_0000653,medium
ORD_0000654,high
ORD_0000655,low
ORD_0000656,low
ORD_0000657,low
ORD_0000658,low
ORD_0000659,medium
ORD_0000660,high
ORD_0000661,medium
ORD_0000662,low
ORD_0000663,low
ORD_0000664,low
ORD_0000665,low
ORD_0000666,high
ORD_0000667,high
ORD_0000668,medium
ORD_0000669,low
ORD_0000670,low
ORD_0000671,low
ORD_0000672,low
ORD_0000673,low
ORD_0000674,high
ORD_0000675,high
ORD_0000676,medium
ORD_0000677,low
ORD_0000678,low
ORD_0000679,medium
ORD_0000680,low
ORD_0000681,medium
ORD_0000682,medium
ORD_0000683,medium
ORD_0000684,low
ORD_0000685,low
ORD_0000686,low
ORD_0000687,low
ORD_0000688,low
ORD_0000689,low
ORD_0000690,low
ORD_0000691,low
ORD_0000692,medium
ORD_0000693,medium
ORD_0000694,medium
ORD_0000695,low
ORD_0000696,high
ORD_0000697,medium
ORD_0000698,low
ORD_0000699,high
ORD_0000700,low
ORD_0000701,low
ORD_0000702,medium
ORD_0000703,high
ORD_0000704,low
ORD_0000705,high
ORD_0000706,medium
ORD_0000707,medium
ORD_0000708,low
ORD_0000709,high
ORD_0000710,high
ORD_0000711,medium
ORD_0000712,low
ORD_0000713,medium
ORD_0000714,high
ORD_0000715,medium
ORD_0000716,low
ORD_0000717,low
ORD_0000718,low
ORD_0000719,low
ORD_0000720,low
ORD_0000721,medium
ORD_0000722,low
ORD_0000723,medium
ORD_0000724,high
ORD_0000725,high
ORD_0000726,low
ORD_0000727,high
ORD_0000728,medium
ORD_0000729,medium
ORD_0000730,low
ORD_0000731,medium
ORD_0000732,low
ORD_0000733,medium
ORD_0000734,medium
ORD_0000735,medium
ORD_0000736,medium
ORD_0000737,low
ORD_0000738,low
ORD_0000739,low
ORD_0000740,medium
ORD_0000741,high
ORD_0000742,low
ORD_0000743,medium
ORD_0000744,low
ORD_0000745,medium
ORD_0000746,high
ORD_0000747,medium
ORD_0000748,high
ORD_0000749,low
ORD_0000750,low
ORD_0000751,low
ORD_0000752,high
ORD_0000753,low
ORD_0000754,medium
ORD_0000755,high
ORD_0000756,medium
ORD_0000757,high
ORD_0000758,low
ORD_0000759,high
ORD_0000760,low
ORD_0000761,medium
ORD_0000762,low
ORD_0000763,medium
ORD_0000764,high
ORD_0000765,low
ORD_0000766,medium
ORD_0000767,medium
ORD_0000768,low
ORD_0000769,low
ORD_0000770,medium
ORD_0000771,low
ORD_0000772,low
ORD_0000773,medium
ORD_0000774,low
ORD_0000775,medium
ORD_0000776,high
ORD_0000777,low
ORD_0000778,low
ORD_0000779,high
ORD_0000780,low
ORD_0000781,low
ORD_0000782,low
ORD_0000783,high
ORD_0000784,medium
ORD_0000785,low
ORD_0000786,medium
ORD_0000787,high
ORD_0000788,high
ORD_0000789,medium
ORD_0000790,low
ORD_0000791,low
ORD_0000792,high
ORD_0000793,low
ORD_0000794,medium
ORD_0000795,low
ORD_0000796,medium
ORD_0000797,low
ORD_0000798,medium
ORD_0000799,low
ORD_0000800,high
ORD_0000801,low
ORD_0000802,medium
ORD_0000803,high
ORD_0000804,high
ORD_0000805,low
ORD_0000806,low
ORD_0000807,medium
ORD_0000808,high
ORD_0000809,low
ORD_0000810,medium
ORD_0000811,low
ORD_0000812,low
ORD_0000813,low
ORD_0000814,high
ORD_0000815,low
ORD_0000816,low
ORD_0000817,high
ORD_0000818,low
ORD_0000819,low
ORD_0000820,low
ORD_0000821,medium
ORD_0000822,low
ORD_0000823,low
ORD_0000824,low
ORD_0000825,medium
ORD_0000826,medium
ORD_0000827,medium
ORD_0000828,medium
ORD_0000829,low
ORD_0000830,medium
ORD_0000831,low
ORD_0000832,medium
ORD_0000833,medium
ORD_0000834,low
ORD_0000835,medium
ORD_0000836,medium
ORD_0000837,low
ORD_0000838,high
ORD_0000839,medium
ORD_0000840,low
ORD_0000841,high
ORD_0000842,low
ORD_0000843,low
ORD_0000844,medium
ORD_0000845,low
ORD_0000846,low
ORD_0000847,high
ORD_0000848,high
ORD_0000849,high
ORD_0000850,low
ORD_0000851,low
ORD_0000852,low
ORD_0000853,low
ORD_0000854,low
ORD_0000855,low
ORD_0000856,low
ORD_0000857,high
ORD_0000858,low
ORD_0000859,high
ORD_0000860,low
ORD_0000861,low
ORD_0000862,low
ORD_0000863,medium
ORD_0000864,medium
ORD_0000865,low
ORD_0000866,low
ORD_0000867,high
ORD_0000868,high
ORD_0000869,medium
ORD_0000870,low
ORD_0000871,medium
ORD_0000872,high
ORD_0000873,low
ORD_0000874,low
ORD_0000875,medium
ORD_0000876,medium
ORD_0000877,low
ORD_0000878,low
ORD_0000879,low
ORD_0000880,medium
ORD_0000881,low
ORD_0000882,low
ORD_0000883,medium
ORD_0000884,medium
ORD_0000885,medium
ORD_0000886,low
ORD_0000887,low
ORD_0000888,low
ORD_0000889,medium
ORD_0000890,low
ORD_0000891,high
ORD_0000892,high
ORD_0000893,medium
ORD_0000894,medium
ORD_0000895,medium
ORD_0000896,low
ORD_0000897,medium
ORD_0000898,high
ORD_0000899,low
ORD_0000900,low
ORD_0000901,medium
ORD_0000902,medium
ORD_0000903,medium
ORD_0000904,low
ORD_0000905,high
ORD_0000906,low
ORD_0000907,medium
ORD_0000908,high
ORD_0000909,medium
ORD_0000910,low
ORD_0000911,low
ORD_0000912,low
ORD_0000913,high
ORD_0000914,low
ORD_0000915,medium
ORD_0000916,low
ORD_0000917,low
ORD_0000918,medium
ORD_0000919,high
ORD_0000920,low
ORD_0000921,high
ORD_0000922,low
ORD_0000923,low
ORD_0000924,medium
ORD_0000925,medium
ORD_0000926,low
ORD_0000927,medium
ORD_0000928,medium
ORD_0000929,medium
ORD_0000930,low
ORD_0000931,medium
ORD_0000932,low
ORD_0000933,high
ORD_0000934,low
ORD_0000935,medium
ORD_0000936,high
ORD_0000937,low
ORD_0000938,low
ORD_0000939,high
ORD_0000940,low
ORD_0000941,low
ORD_0000942,medium
ORD_0000943,medium
ORD_0000944,low
ORD_0000945,medium
ORD_0000946,low
ORD_0000947,high
ORD_0000948,medium
ORD_0000949,high
ORD_0000950,high
ORD_0000951,high
ORD_0000952,medium
ORD_0000953,low
ORD_0000954,low
ORD_0000955,low
ORD_0000956,high
ORD_0000957,low
ORD_0000958,high
ORD_0000959,high
ORD_0000960,low
ORD_0000961,low
ORD_0000962,low
ORD_0000963,medium
ORD_0000964,low
ORD_0000965,high
ORD_0000966,low
ORD_0000967,low
ORD_0000968,medium
ORD_0000969,low
ORD_0000970,low
ORD_0000971,high
ORD_0000972,low
ORD_0000973,low
ORD_0000974,high
ORD_0000975,medium
ORD_0000976,high
ORD_0000977,medium
ORD_0000978,low
ORD_0000979,low
ORD_0000980,medium
ORD_0000981,medium
ORD_0000982,low
ORD_0000983,low
ORD_0000984,medium
ORD_0000985,medium
ORD_0000986,low
ORD_0000987,low
ORD_0000988,low
ORD_0000989,high
ORD_0000990,high
ORD_0000991,high
ORD_0000992,low
ORD_0000993,low
ORD_0000994,low
ORD_0000995,high
ORD_0000996,low
ORD_0000997,low
ORD_0000998,low
ORD_0000999,medium
ORD_0001000,medium
ORD_0001001,low
ORD_0001002,low
ORD_0001003,medium
ORD_0001004,low
ORD_0001005,low
ORD_0001006,low
ORD_0001007,high
ORD_0001008,high
ORD_0001009,low
ORD_0001010,medium
ORD_0001011,low
ORD_0001012,low
ORD_0001013,medium
ORD_0001014,low
ORD_0001015,high
ORD_0001016,high
ORD_0001017,medium
ORD_0001018,low
ORD_0001019,high
ORD_0001020,low
ORD_0001021,low
ORD_0001022,medium
ORD_0001023,medium
ORD_0001024,low
ORD_0001025,low
ORD_0001026,medium
ORD_0001027,medium
ORD_0001028,medium
ORD_0001029,medium
ORD_0001030,high
ORD_0001031,low
ORD_0001032,high
ORD_0001033,medium
ORD_0001034,low
ORD_0001035,low
ORD_0001036,low
ORD_0001037,low
ORD_0001038,medium
ORD_0001039,low
ORD_0001040,low
ORD_0001041,high
ORD_0001042,medium
ORD_0001043,low
ORD_0001044,low
ORD_0001045,low
ORD_0001046,medium
ORD_0001047,low
ORD_0001048,medium
ORD_0001049,medium
ORD_0001050,high
ORD_0001051,high
ORD_0001052,medium
ORD_0001053,low
ORD_0001054,low
ORD_0001055,medium
ORD_0001056,low
ORD_0001057,medium
ORD_0001058,low
ORD_0001059,low
ORD_0001060,low
ORD_0001061,low
ORD_0001062,low
ORD_0001063,low
ORD_0001064,low
ORD_0001065,low
ORD_0001066,high
ORD_0001067,medium
ORD_0001068,medium
ORD_0001069,medium
ORD_0001070,low
ORD_0001071,high
ORD_0001072,high
ORD_0001073,low
ORD_0001074,high
ORD_0001075,low
ORD_0001076,medium
ORD_0001077,high
ORD_0001078,low
ORD_0001079,medium
ORD_0001080,high
ORD_0001081,medium
ORD_0001082,medium
ORD_0001083,low
ORD_0001084,low
ORD_0001085,medium
ORD_0001086,medium
ORD_0001087,high
ORD_0001088,high
ORD_0001089,high
ORD_0001090,medium
ORD_0001091,medium
ORD_0001092,low
ORD_0001093,medium
ORD_0001094,medium
ORD_0001095,low
ORD_0001096,low
ORD_0001097,high
ORD_0001098,low
ORD_0001099,low
ORD_0001100,medium
ORD_0001101,low
ORD_0001102,medium
ORD_0001103,high
ORD_0001104,low
ORD_0001105,low
ORD_0001106,medium
ORD_0001107,high
ORD_0001108,low
ORD_0001109,low
ORD_0001110,medium
ORD_0001111,low
ORD_0001112,high
ORD_0001113,low
ORD_0001114,medium
ORD_0001115,low
ORD_0001116,medium
ORD_0001117,low
ORD_0001118,high
ORD_0001119,high
ORD_0001120,medium
ORD_0001121,high
ORD_0001122,low
ORD_0001123,low
ORD_0001124,medium
ORD_0001125,high
ORD_0001126,low
ORD_0001127,medium
ORD_0001128,low
ORD_0001129,high
ORD_0001130,medium
ORD_0001131,low
ORD_0001132,low
ORD_0001133,high
ORD_0001134,high
ORD_0001135,high
ORD_0001136,medium
ORD_0001137,medium
ORD_0001138,medium
ORD_0001139,low
ORD_0001140,low
ORD_0001141,high
ORD_0001142,high
ORD_0001143,low
ORD_0001144,low
ORD_0001145,medium
ORD_0001146,medium
ORD_0001147,medium
ORD_0001148,medium
ORD_0001149,high
ORD_0001150,medium
ORD_0001151,medium
ORD_0001152,high
ORD_0001153,high
ORD_0001154,low
ORD_0001155,high
ORD_0001156,low
ORD_0001157,low
ORD_0001158,medium
ORD_0001159,low
ORD_0001160,low
ORD_0001161,high
ORD_0001162,low
ORD_0001163,low
ORD_0001164,medium
ORD_0001165,low
ORD_0001166,medium
ORD_0001167,medium
ORD_0001168,medium
ORD_0001169,low
ORD_0001170,high
ORD_0001171,medium
ORD_0001172,low
ORD_0001173,low
ORD_0001174,medium
ORD_0001175,low
ORD_0001176,low
ORD_0001177,low
ORD_0001178,medium
ORD_0001179,medium
ORD_0001180,high
ORD_0001181,low
ORD_0001182,medium
ORD_0001183,low
ORD_0001184,low
ORD_0001185,low
ORD_0001186,medium
ORD_0001187,low
ORD_0001188,medium
ORD_0001189,low
ORD_0001190,low
ORD_0001191,low
ORD_0001192,low
ORD_0001193,low
ORD_0001194,medium
ORD_0001195,medium
ORD_0001196,medium
ORD_0001197,low
ORD_0001198,low
ORD_0001199,low
ORD_0001200,high
ORD_0001201,medium
ORD_0001202,low
ORD_0001203,medium
ORD_0001204,medium
ORD_0001205,high
ORD_0001206,low
ORD_0001207,high
ORD_0001208,low
ORD_0001209,medium
ORD_0001210,medium
ORD_0001211,medium
ORD_0001212,low
ORD_0001213,high
ORD_0001214,low
ORD_0001215,medium
ORD_0001216,low
ORD_0001217,high
ORD_0001218,high
ORD_0001219,low
ORD_0001220,low
ORD_0001221,medium
ORD_0001222,high
ORD_0001223,low
ORD_0001224,low
ORD_0001225,low
ORD_0001226,medium
ORD_0001227,high
ORD_0001228,high
ORD_0001229,low
ORD_0001230,high
ORD_0001231,high
ORD_0001232,medium
ORD_0001233,low
ORD_0001234,low
ORD_0001235,high
ORD_0001236,medium
ORD_0001237,high
ORD_0001238,low
ORD_0001239,high
ORD_0001240,high
ORD_0001241,low
ORD_0001242,high
ORD_0001243,low
ORD_0001244,low
ORD_0001245,medium
ORD_0001246,medium
ORD_0001247,high
ORD_0001248,low
ORD_0001249,medium
ORD_0001250,low
ORD_0001251,low
ORD_0001252,medium
ORD_0001253,low
ORD_0001254,medium
ORD_0001255,low
ORD_0001256,high
ORD_0001257,low
ORD_0001258,high
ORD_0001259,high
ORD_0001260,high
ORD_0001261,medium
ORD_0001262,medium
ORD_0001263,low
ORD_0001264,high
ORD_0001265,low
ORD_0001266,high
ORD_0001267,medium
ORD_0001268,low
ORD_0001269,low
ORD_0001270,medium
ORD_0001271,low
ORD_0001272,low
ORD_0001273,low
ORD_0001274,low
ORD_0001275,medium
ORD_0001276,low
ORD_0001277,medium
ORD_0001278,low
ORD_0001279,low
ORD_0001280,medium
ORD_0001281,low
ORD_0001282,low
ORD_0001283,high
ORD_0001284,low
ORD_0001285,low
ORD_0001286,low
ORD_0001287,low
ORD_0001288,medium
ORD_0001289,medium
ORD_0001290,high
ORD_0001291,medium
ORD_0001292,high
ORD_0001293,high
ORD_0001294,medium
ORD_0001295,low
ORD_0001296,low
ORD_0001297,high
ORD_0001298,low
ORD_0001299,high
ORD_0001300,medium
ORD_0001301,low
ORD_0001302,medium
ORD_0001303,low
ORD_0001304,high
ORD_0001305,low
ORD_0001306,low
ORD_0001307,low
ORD_0001308,medium
ORD_0001309,medium
ORD_0001310,low
ORD_0001311,medium
ORD_0001312,low
ORD_0001313,low
ORD_0001314,medium
ORD_0001315,high
ORD_0001316,low
ORD_0001317,low
ORD_0001318,high
ORD_0001319,low
ORD_0001320,high
ORD_0001321,medium
ORD_0001322,high
ORD_0001323,low
ORD_0001324,high
ORD_0001325,low
ORD_0001326,high
ORD_0001327,low
ORD_0001328,low
ORD_0001329,medium
ORD_0001330,medium
ORD_0001331,medium
ORD_0001332,medium
ORD_0001333,low
ORD_0001334,low
ORD_0001335,medium
ORD_0001336,low
ORD_0001337,low
ORD_0001338,low
ORD_0001339,high
ORD_0001340,low
ORD_0001341,low
ORD_0001342,high
ORD_0001343,medium
ORD_0001344,medium
ORD_0001345,low
ORD_0001346,low
ORD_0001347,low
ORD_0001348,medium
ORD_0001349,medium
ORD_0001350,high
ORD_0001351,low
ORD_0001352,low
ORD_0001353,high
ORD_0001354,high
ORD_0001355,low
ORD_0001356,low
ORD_0001357,low
ORD_0001358,medium
ORD_0001359,medium
ORD_0001360,high
ORD_0001361,low
ORD_0001362,low
ORD_0001363,medium
ORD_0001364,medium
ORD_0001365,medium
ORD_0001366,low
ORD_0001367,low
ORD_0001368,low
ORD_0001369,low
ORD_0001370,medium
ORD_0001371,low
ORD_0001372,low
ORD_0001373,high
ORD_0001374,high
ORD_0001375,low
ORD_0001376,medium
ORD_0001377,low
ORD_0001378,medium
ORD_0001379,medium
ORD_0001380,medium
ORD_0001381,low
ORD_0001382,low
ORD_0001383,low
ORD_0001384,medium
ORD_0001385,low
ORD_0001386,medium
ORD_0001387,low
ORD_0001388,low
ORD_0001389,medium
ORD_0001390,high
ORD_0001391,low
ORD_0001392,low
ORD_0001393,medium
ORD_0001394,low
ORD_0001395,low
ORD_0001396,medium
ORD_0001397,medium
ORD_0001398,low
ORD_0001399,medium
ORD_0001400,low
ORD_0001401,low
ORD_0001402,low
ORD_0001403,high
ORD_0001404,medium
ORD_0001405,high
ORD_0001406,low
ORD_0001407,high
ORD_0001408,low
ORD_0001409,high
ORD_0001410,medium
ORD_0001411,high
ORD_0001412,low
ORD_0001413,high
ORD_0001414,low
ORD_0001415,low
ORD_0001416,medium
ORD_0001417,low
ORD_0001418,high
ORD_0001419,medium
ORD_0001420,low
ORD_0001421,medium
ORD_0001422,low
ORD_0001423,high
ORD_0001424,high
ORD_0001425,medium
ORD_0001426,high
ORD_0001427,low
ORD_0001428,medium
ORD_0001429,high
ORD_0001430,medium
ORD_0001431,low
ORD_0001432,medium
ORD_0001433,medium
ORD_0001434,low
ORD_0001435,medium
ORD_0001436,high
ORD_0001437,medium
ORD_0001438,medium
ORD_0001439,medium
ORD_0001440,low
ORD_0001441,low
ORD_0001442,low
ORD_0001443,low
ORD_0001444,low
ORD_0001445,low
ORD_0001446,medium
ORD_0001447,low
ORD_0001448,medium
ORD_0001449,low
ORD_0001450,medium
ORD_0001451,low
ORD_0001452,medium
ORD_0001453,low
ORD_0001454,medium
ORD_0001455,low
ORD_0001456,low
ORD_0001457,medium
ORD_0001458,low
ORD_0001459,low
ORD_0001460,medium
ORD_0001461,low
ORD_0001462,low
ORD_0001463,medium
ORD_0001464,medium
ORD_0001465,medium
ORD_0001466,medium
ORD_0001467,high
ORD_0001468,low
ORD_0001469,high
ORD_0001470,high
ORD_0001471,medium
ORD_0001472,low
ORD_0001473,high
ORD_0001474,medium
ORD_0001475,medium
ORD_0001476,low
ORD_0001477,low
ORD_0001478,low
ORD_0001479,high
ORD_0001480,medium
ORD_0001481,low
ORD_0001482,high
ORD_0001483,low
ORD_0001484,low
ORD_0001485,medium
ORD_0001486,medium
ORD_0001487,low
ORD_0001488,high
ORD_0001489,low
ORD_0001490,low
ORD_0001491,low
ORD_0001492,low
ORD_0001493,low
ORD_0001494,medium
ORD_0001495,high
ORD_0001496,medium
ORD_0001497,medium
ORD_0001498,low
ORD_0001499,low
ORD_0001500,low
ORD_0001501,high
ORD_0001502,medium
ORD_0001503,low
ORD_0001504,high
ORD_0001505,low
ORD_0001506,high
ORD_0001507,medium
ORD_0001508,low
ORD_0001509,medium
ORD_0001510,medium
ORD_0001511,low
ORD_0001512,low
ORD_0001513,medium
ORD_0001514,low
ORD_0001515,medium
ORD_0001516,low
ORD_0001517,low
ORD_0001518,medium
ORD_0001519,low
ORD_0001520,medium
ORD_0001521,low
ORD_0001522,low
ORD_0001523,medium
ORD_0001524,medium
ORD_0001525,low
ORD_0001526,low
ORD_0001527,medium
ORD_0001528,medium
ORD_0001529,medium
ORD_0001530,medium
ORD_0001531,low
ORD_0001532,medium
ORD_0001533,medium
ORD_0001534,low
ORD_0001535,medium
ORD_0001536,high
ORD_0001537,high
ORD_0001538,high
ORD_0001539,low
ORD_0001540,high
ORD_0001541,high
ORD_0001542,medium
ORD_0001543,high
ORD_0001544,low
ORD_0001545,low
ORD_0001546,low
ORD_0001547,medium
ORD_0001548,low
ORD_0001549,low
ORD_0001550,low
ORD_0001551,low
ORD_0001552,high
ORD_0001553,low
ORD_0001554,low
ORD_0001555,low
ORD_0001556,medium
ORD_0001557,low
ORD_0001558,low
ORD_0001559,medium
ORD_0001560,low
ORD_0001561,low
ORD_0001562,low
ORD_0001563,medium
ORD_0001564,low
ORD_0001565,medium
ORD_0001566,medium
ORD_0001567,medium
ORD_0001568,medium
ORD_0001569,medium
ORD_0001570,low
ORD_0001571,medium
ORD_0001572,high
ORD_0001573,low
ORD_0001574,low
ORD_0001575,high
ORD_0001576,low
ORD_0001577,medium
ORD_0001578,low
ORD_0001579,low
ORD_0001580,low
ORD_0001581,high
ORD_0001582,low
ORD_0001583,medium
ORD_0001584,low
ORD_0001585,medium
ORD_0001586,high
ORD_0001587,low
ORD_0001588,medium
ORD_0001589,low
ORD_0001590,medium
ORD_0001591,medium
ORD_0001592,high
ORD_0001593,medium
ORD_0001594,low
ORD_0001595,low
ORD_0001596,high
ORD_0001597,high
ORD_0001598,medium
ORD_0001599,low
ORD_0001600,low
ORD_0001601,low
ORD_0001602,medium
ORD_0001603,low
ORD_0001604,low
ORD_0001605,high
ORD_0001606,high
ORD_0001607,medium
ORD_0001608,high
ORD_0001609,low
ORD_0001610,low
ORD_0001611,high
ORD_0001612,low
ORD_0001613,medium
ORD_0001614,medium
ORD_0001615,low
ORD_0001616,low
ORD_0001617,medium
ORD_0001618,high
ORD_0001619,low
ORD_0001620,low
ORD_0001621,low
ORD_0001622,high
ORD_0001623,low
ORD_0001624,low
ORD_0001625,medium
ORD_0001626,low
ORD_0001627,high
ORD_0001628,low
ORD_0001629,low
ORD_0001630,low
ORD_0001631,medium
ORD_0001632,low
ORD_0001633,medium
ORD_0001634,low
ORD_0001635,high
ORD_0001636,medium
ORD_0001637,low
ORD_0001638,low
ORD_0001639,high
ORD_0001640,medium
ORD_0001641,high
ORD_0001642,low
ORD_0001643,high
ORD_0001644,medium
ORD_0001645,high
ORD_0001646,low
ORD_0001647,low
ORD_0001648,high
ORD_0001649,high
ORD_0001650,high
ORD_0001651,high
ORD_0001652,low
ORD_0001653,low
ORD_0001654,medium
ORD_0001655,high
ORD_0001656,low
ORD_0001657,low
ORD_0001658,low
ORD_0001659,low
ORD_0001660,low
ORD_0001661,low
ORD_0001662,medium
ORD_0001663,medium
ORD_0001664,low
ORD_0001665,high
ORD_0001666,high
ORD_0001667,low
ORD_0001668,medium
ORD_0001669,low
ORD_0001670,medium
ORD_0001671,high
ORD_0001672,low
ORD_0001673,low
ORD_0001674,low
ORD_0001675,low
ORD_0001676,low
ORD_0001677,low
ORD_0001678,low
ORD_0001679,high
ORD_0001680,low
ORD_0001681,low
ORD_0001682,medium
ORD_0001683,medium
ORD_0001684,low
ORD_0001685,high
ORD_0001686,medium
ORD_0001687,medium
ORD_0001688,high
ORD_0001689,low
ORD_0001690,low
ORD_0001691,medium
ORD_0001692,low
ORD_0001693,low
ORD_0001694,low
ORD_0001695,medium
ORD_0001696,low
ORD_0001697,high
ORD_0001698,medium
ORD_0001699,medium
ORD_0001700,high
ORD_0001701,high
ORD_0001702,low
ORD_0001703,low
ORD_0001704,low
ORD_0001705,medium
ORD_0001706,low
ORD_0001707,medium
ORD_0001708,medium
ORD_0001709,medium
ORD_0001710,low
ORD_0001711,low
ORD_0001712,medium
ORD_0001713,high
ORD_0001714,high
ORD_0001715,low
ORD_0001716,high
ORD_0001717,low
ORD_0001718,low
ORD_0001719,high
ORD_0001720,medium
ORD_0001721,low
ORD_0001722,low
ORD_0001723,low
ORD_0001724,medium
ORD_0001725,low
ORD_0001726,low
ORD_0001727,high
ORD_0001728,low
ORD_0001729,low
ORD_0001730,low
ORD_0001731,low
ORD_0001732,low
ORD_0001733,low
ORD_0001734,high
ORD_0001735,high
ORD_0001736,low
ORD_0001737,low
ORD_0001738,medium
ORD_0001739,medium
ORD_0001740,medium
ORD_0001741,high
ORD_0001742,medium
ORD_0001743,high
ORD_0001744,high
ORD_0001745,low
ORD_0001746,high
ORD_0001747,medium
ORD_0001748,low
ORD_0001749,high
ORD_0001750,medium
ORD_0001751,medium
ORD_0001752,medium
ORD_0001753,medium
ORD_0001754,high
ORD_0001755,high
ORD_0001756,low
ORD_0001757,low
ORD_0001758,low
ORD_0001759,low
ORD_0001760,low
ORD_0001761,high
ORD_0001762,high
ORD_0001763,high
ORD_0001764,high
ORD_0001765,low
ORD_0001766,low
ORD_0001767,medium
ORD_0001768,medium
ORD_0001769,medium
ORD_0001770,medium
ORD_0001771,low
ORD_0001772,low
ORD_0001773,low
ORD_0001774,low
ORD_0001775,high
ORD_0001776,medium
ORD_0001777,high
ORD_0001778,low
ORD_0001779,medium
ORD_0001780,low
ORD_0001781,low
ORD_0001782,medium
ORD_0001783,low
ORD_0001784,low
ORD_0001785,low
ORD_0001786,high
ORD_0001787,low
ORD_0001788,medium
ORD_0001789,low
ORD_0001790,low
ORD_0001791,medium
ORD_0001792,low
ORD_0001793,low
ORD_0001794,medium
ORD_0001795,medium
ORD_0001796,medium
ORD_0001797,low
ORD_0001798,low
ORD_0001799,low
ORD_0001800,medium
ORD_0001801,medium
ORD_0001802,low
ORD_0001803,low
ORD_0001804,high
ORD_0001805,low
ORD_0001806,high
ORD_0001807,low
ORD_0001808,low
ORD_0001809,high
ORD_0001810,high
ORD_0001811,low
ORD_0001812,low
ORD_0001813,low
ORD_0001814,high
ORD_0001815,low
ORD_0001816,high
ORD_0001817,high
ORD_0001818,low
ORD_0001819,low
ORD_0001820,low
ORD_0001821,low
ORD_0001822,high
ORD_0001823,high
ORD_0001824,low
ORD_0001825,low
ORD_0001826,low
ORD_0001827,high
ORD_0001828,low
ORD_0001829,low
ORD_0001830,low
ORD_0001831,high
ORD_0001832,high
ORD_0001833,low
ORD_0001834,low
ORD_0001835,low
ORD_0001836,low
ORD_0001837,low
ORD_0001838,medium
ORD_0001839,medium
ORD_0001840,high
ORD_0001841,medium
ORD_0001842,low
ORD_0001843,medium
ORD_0001844,low
ORD_0001845,medium
ORD_0001846,low
ORD_0001847,low
ORD_0001848,low
ORD_0001849,medium
ORD_0001850,low
ORD_0001851,low
ORD_0001852,low
ORD_0001853,medium
ORD_0001854,high
ORD_0001855,medium
ORD_0001856,low
ORD_0001857,low
ORD_0001858,low
ORD_0001859,medium
ORD_0001860,medium
ORD_0001861,high
ORD_0001862,high
ORD_0001863,low
ORD_0001864,medium
ORD_0001865,high
ORD_0001866,high
ORD_0001867,low
ORD_0001868,low
ORD_0001869,low
ORD_0001870,high
ORD_0001871,medium
ORD_0001872,medium
ORD_0001873,low
ORD_0001874,low
ORD_0001875,medium
ORD_0001876,low
ORD_0001877,high
ORD_0001878,low
ORD_0001879,low
ORD_0001880,medium
ORD_0001881,medium
ORD_0001882,high
ORD_0001883,low
ORD_0001884,low
ORD_0001885,medium
ORD_0001886,medium
ORD_0001887,low
ORD_0001888,high
ORD_0001889,low
ORD_0001890,medium
ORD_0001891,medium
ORD_0001892,high
ORD_0001893,low
ORD_0001894,high
ORD_0001895,high
ORD_0001896,high
ORD_0001897,low
ORD_0001898,low
ORD_0001899,low
ORD_0001900,low
ORD_0001901,low
ORD_0001902,low
ORD_0001903,low
ORD_0001904,medium
ORD_0001905,low
ORD_0001906,medium
ORD_0001907,medium
ORD_0001908,low
ORD_0001909,high
ORD_0001910,low
ORD_0001911,medium
ORD_0001912,high
ORD_0001913,medium
ORD_0001914,low
ORD_0001915,low
ORD_0001916,medium
ORD_0001917,low
ORD_0001918,low
ORD_0001919,medium
ORD_0001920,medium
ORD_0001921,low
ORD_0001922,medium
ORD_0001923,medium
ORD_0001924,low
ORD_0001925,high
ORD_0001926,low
ORD_0001927,medium
ORD_0001928,medium
ORD_0001929,low
ORD_0001930,low
ORD_0001931,low
ORD_0001932,low
ORD_0001933,high
ORD_0001934,high
ORD_0001935,low
ORD_0001936,low
ORD_0001937,medium
ORD_0001938,low
ORD_0001939,low
ORD_0001940,medium
ORD_0001941,low
ORD_0001942,low
ORD_0001943,low
ORD_0001944,high
ORD_0001945,medium
ORD_0001946,medium
ORD_0001947,low
ORD_0001948,medium
ORD_0001949,low
ORD_0001950,low
ORD_0001951,low
ORD_0001952,medium
ORD_0001953,medium
ORD_0001954,medium
ORD_0001955,medium
ORD_0001956,medium
ORD_0001957,medium
ORD_0001958,low
ORD_0001959,medium
ORD_0001960,low
ORD_0001961,low
ORD_0001962,high
ORD_0001963,high
ORD_0001964,low
ORD_0001965,low
ORD_0001966,low
ORD_0001967,medium
ORD_0001968,low
ORD_0001969,low
ORD_0001970,low
ORD_0001971,medium
ORD_0001972,low
ORD_0001973,low
ORD_0001974,medium
ORD_0001975,medium
ORD_0001976,low
ORD_0001977,medium
ORD_0001978,high
ORD_0001979,high
ORD_0001980,medium
ORD_0001981,low
ORD_0001982,high
ORD_0001983,high
ORD_0001984,medium
ORD_0001985,low
ORD_0001986,low
ORD_0001987,medium
ORD_0001988,low
ORD_0001989,medium
ORD_0001990,low
ORD_0001991,low
ORD_0001992,high
ORD_0001993,low
ORD_0001994,medium
ORD_0001995,low
ORD_0001996,low
ORD_0001997,high
ORD_0001998,medium
ORD_0001999,low
ORD_0002000,medium
ORD_0002001,low
ORD_0002002,low
ORD_0002003,low
ORD_0002004,medium
ORD_0002005,low
ORD_0002006,low
ORD_0002007,low
ORD_0002008,medium
ORD_0002009,low
ORD_0002010,low
ORD_0002011,low
ORD_0002012,low
ORD_0002013,medium
ORD_0002014,medium
ORD_0002015,low
ORD_0002016,medium
ORD_0002017,medium
ORD_0002018,low
ORD_0002019,medium
ORD_0002020,high
ORD_0002021,low
ORD_0002022,low
ORD_0002023,low
ORD_0002024,medium
ORD_0002025,medium
ORD_0002026,low
ORD_0002027,low
ORD_0002028,low
ORD_0002029,high
ORD_0002030,high
ORD_0002031,low
ORD_0002032,medium
ORD_0002033,low
ORD_0002034,medium
ORD_0002035,low
ORD_0002036,low
ORD_0002037,low
ORD_0002038,medium
ORD_0002039,low
ORD_0002040,high
ORD_0002041,low
ORD_0002042,high
ORD_0002043,low
ORD_0002044,medium
ORD_0002045,low
ORD_0002046,low
ORD_0002047,low
ORD_0002048,low
ORD_0002049,medium
ORD_0002050,medium
ORD_0002051,low
ORD_0002052,high
ORD_0002053,high
ORD_0002054,medium
ORD_0002055,high
ORD_0002056,low
ORD_0002057,high
ORD_0002058,low
ORD_0002059,medium
ORD_0002060,medium
ORD_0002061,high
ORD_0002062,medium
ORD_0002063,medium
ORD_0002064,low
ORD_0002065,low
ORD_0002066,low
ORD_0002067,high
ORD_0002068,high
ORD_0002069,medium
ORD_0002070,low
ORD_0002071,low
ORD_0002072,high
ORD_0002073,low
ORD_0002074,low
ORD_0002075,low
ORD_0002076,high
ORD_0002077,high
ORD_0002078,medium
ORD_0002079,medium
ORD_0002080,low
ORD_0002081,high
ORD_0002082,low
ORD_0002083,low
ORD_0002084,high
ORD_0002085,low
ORD_0002086,medium
ORD_0002087,medium
ORD_0002088,medium
ORD_0002089,low
ORD_0002090,high
ORD_0002091,medium
ORD_0002092,medium
ORD_0002093,medium
ORD_0002094,low
ORD_0002095,medium
ORD_0002096,high
ORD_0002097,high
ORD_0002098,low
ORD_0002099,low
ORD_0002100,low
ORD_0002101,medium
ORD_0002102,medium
ORD_0002103,medium
ORD_0002104,high
ORD_0002105,low
ORD_0002106,medium
ORD_0002107,low
ORD_0002108,low
ORD_0002109,low
ORD_0002110,high
ORD_0002111,medium
ORD_0002112,medium
ORD_0002113,high
ORD_0002114,low
ORD_0002115,low
ORD_0002116,medium
ORD_0002117,medium
ORD_0002118,high
ORD_0002119,low
ORD_0002120,low
ORD_0002121,medium
ORD_0002122,low
ORD_0002123,high
ORD_0002124,low
ORD_0002125,low
ORD_0002126,low
ORD_0002127,low
ORD_0002128,high
ORD_0002129,high
ORD_0002130,high
ORD_0002131,low
ORD_0002132,high
ORD_0002133,high
ORD_0002134,medium
ORD_0002135,low
ORD_0002136,medium
ORD_0002137,low
ORD_0002138,low
ORD_0002139,high
ORD_0002140,high
ORD_0002141,medium
ORD_0002142,low
ORD_0002143,low
ORD_0002144,low
ORD_0002145,high
ORD_0002146,low
ORD_0002147,high
ORD_0002148,low
ORD_0002149,medium
ORD_0002150,low
ORD_0002151,low
ORD_0002152,medium
ORD_0002153,low
ORD_0002154,low
ORD_0002155,low
ORD_0002156,medium
ORD_0002157,medium
ORD_0002158,low
ORD_0002159,low
ORD_0002160,low
ORD_0002161,medium
ORD_0002162,low
ORD_0002163,medium
ORD_0002164,medium
ORD_0002165,medium
ORD_0002166,high
ORD_0002167,medium
ORD_0002168,low
ORD_0002169,high
ORD_0002170,high
ORD_0002171,high
ORD_0002172,low
ORD_0002173,low
ORD_0002174,high
ORD_0002175,low
ORD_0002176,medium
ORD_0002177,low
ORD_0002178,low
ORD_0002179,low
ORD_0002180,low
ORD_0002181,medium
ORD_0002182,high
ORD_0002183,high
ORD_0002184,medium
ORD_0002185,medium
ORD_0002186,low
ORD_0002187,medium
ORD_0002188,medium
ORD_0002189,medium
ORD_0002190,medium
ORD_0002191,medium
ORD_0002192,medium
ORD_0002193,low
ORD_0002194,low
ORD_0002195,low
ORD_0002196,medium
ORD_0002197,low
ORD_0002198,high
ORD_0002199,low
ORD_0002200,high
ORD_0002201,low
ORD_0002202,low
ORD_0002203,low
ORD_0002204,high
ORD_0002205,low
ORD_0002206,low
ORD_0002207,low
ORD_0002208,low
ORD_0002209,low
ORD_0002210,low
ORD_0002211,low
ORD_0002212,medium
ORD_0002213,low
ORD_0002214,low
ORD_0002215,medium
ORD_0002216,medium
ORD_0002217,high
ORD_0002218,low
ORD_0002219,low
ORD_0002220,low
ORD_0002221,medium
ORD_0002222,medium
ORD_0002223,low
ORD_0002224,medium
ORD_0002225,low
ORD_0002226,medium
ORD_0002227,low
ORD_0002228,low
ORD_0002229,medium
ORD_0002230,high
ORD_0002231,low
ORD_0002232,low
ORD_0002233,low
ORD_0002234,low
ORD_0002235,medium
ORD_0002236,medium
ORD_0002237,medium
ORD_0002238,high
ORD_0002239,low
ORD_0002240,low
ORD_0002241,low
ORD_0002242,low
ORD_0002243,medium
ORD_0002244,low
ORD_0002245,low
ORD_0002246,medium
ORD_0002247,low
ORD_0002248,low
ORD_0002249,low
ORD_0002250,medium
ORD_0002251,high
ORD_0002252,low
ORD_0002253,low
ORD_0002254,low
ORD_0002255,high
ORD_0002256,low
ORD_0002257,medium
ORD_0002258,medium
ORD_0002259,low
ORD_0002260,low
ORD_0002261,medium
ORD_0002262,low
ORD_0002263,low
ORD_0002264,low
ORD_0002265,low
ORD_0002266,low
ORD_0002267,low
ORD_0002268,medium
ORD_0002269,low
ORD_0002270,low
ORD_0002271,medium
ORD_0002272,low
ORD_0002273,low
ORD_0002274,high
ORD_0002275,low
ORD_0002276,high
ORD_0002277,medium
ORD_0002278,low
ORD_0002279,low
ORD_0002280,low
ORD_0002281,medium
ORD_0002282,low
ORD_0002283,high
ORD_0002284,low
ORD_0002285,medium
ORD_0002286,low
ORD_0002287,low
ORD_0002288,low
ORD_0002289,medium
ORD_0002290,low
ORD_0002291,medium
ORD_0002292,low
ORD_0002293,medium
ORD_0002294,low
ORD_0002295,high
ORD_0002296,low
ORD_0002297,high
ORD_0002298,high
ORD_0002299,medium
ORD_0002300,low
ORD_0002301,low
ORD_0002302,high
ORD_0002303,low
ORD_0002304,high
ORD_0002305,low
ORD_0002306,high
ORD_0002307,low
ORD_0002308,medium
ORD_0002309,low
ORD_0002310,low
ORD_0002311,medium
ORD_0002312,low
ORD_0002313,low
ORD_0002314,high
ORD_0002315,low
ORD_0002316,medium
ORD_0002317,low
ORD_0002318,medium
ORD_0002319,high
ORD_0002320,low
ORD_0002321,low
ORD_0002322,medium
ORD_0002323,low
ORD_0002324,low
ORD_0002325,high
ORD_0002326,low
ORD_0002327,low
ORD_0002328,low
ORD_0002329,medium
ORD_0002330,high
ORD_0002331,low
ORD_0002332,low
ORD_0002333,medium
ORD_0002334,medium
ORD_0002335,high
ORD_0002336,medium
ORD_0002337,medium
ORD_0002338,low
ORD_0002339,medium
ORD_0002340,medium
ORD_0002341,low
ORD_0002342,medium
ORD_0002343,medium
ORD_0002344,low
ORD_0002345,medium
ORD_0002346,high
ORD_0002347,low
ORD_0002348,low
ORD_0002349,high
ORD_0002350,low
ORD_0002351,low
ORD_0002352,low
ORD_0002353,low
ORD_0002354,low
ORD_0002355,medium
ORD_0002356,low
ORD_0002357,low
ORD_0002358,medium
ORD_0002359,medium
ORD_0002360,high
ORD_0002361,high
ORD_0002362,low
ORD_0002363,high
ORD_0002364,low
ORD_0002365,low
ORD_0002366,medium
ORD_0002367,low
ORD_0002368,high
ORD_0002369,low
ORD_0002370,low
ORD_0002371,low
ORD_0002372,medium
ORD_0002373,medium
ORD_0002374,high
ORD_0002375,low
ORD_0002376,low
ORD_0002377,medium
ORD_0002378,low
ORD_0002379,low
ORD_0002380,high
ORD_0002381,low
ORD_0002382,high
ORD_0002383,low
ORD_0002384,medium
ORD_0002385,low
ORD_0002386,low
ORD_0002387,low
ORD_0002388,high
ORD_0002389,low
ORD_0002390,low
ORD_0002391,low
ORD_0002392,medium
ORD_0002393,high
ORD_0002394,low
ORD_0002395,high
ORD_0002396,low
ORD_0002397,low
ORD_0002398,high
ORD_0002399,high
ORD_0002400,low
ORD_0002401,low
ORD_0002402,medium
ORD_0002403,medium
ORD_0002404,low
ORD_0002405,high
ORD_0002406,medium
ORD_0002407,low
ORD_0002408,low
ORD_0002409,medium
ORD_0002410,high
ORD_0002411,low
ORD_0002412,low
ORD_0002413,low
ORD_0002414,low
ORD_0002415,low
ORD_0002416,low
ORD_0002417,medium
ORD_0002418,low
ORD_0002419,low
ORD_0002420,low
ORD_0002421,medium
ORD_0002422,medium
ORD_0002423,medium
ORD_0002424,medium
ORD_0002425,medium
ORD_0002426,low
ORD_0002427,low
ORD_0002428,medium
ORD_0002429,low
ORD_0002430,low
ORD_0002431,high
ORD_0002432,medium
ORD_0002433,high
ORD_0002434,medium
ORD_0002435,low
ORD_0002436,medium
ORD_0002437,low
ORD_0002438,low
ORD_0002439,high
ORD_0002440,medium
ORD_0002441,low
ORD_0002442,medium
ORD_0002443,low
ORD_0002444,low
ORD_0002445,low
ORD_0002446,medium
ORD_0002447,low
ORD_0002448,low
ORD_0002449,low
ORD_0002450,low
ORD_0002451,high
ORD_0002452,medium
ORD_0002453,low
ORD_0002454,medium
ORD_0002455,low
ORD_0002456,low
ORD_0002457,medium
ORD_0002458,medium
ORD_0002459,medium
ORD_0002460,low
ORD_0002461,low
ORD_0002462,medium
ORD_0002463,medium
ORD_0002464,medium
ORD_0002465,high
ORD_0002466,medium
ORD_0002467,high
ORD_0002468,high
ORD_0002469,medium
ORD_0002470,low
ORD_0002471,low
ORD_0002472,medium
ORD_0002473,low
ORD_0002474,high
ORD_0002475,low
ORD_0002476,medium
ORD_0002477,low
ORD_0002478,low
ORD_0002479,medium
ORD_0002480,low
ORD_0002481,low
ORD_0002482,low
ORD_0002483,medium
ORD_0002484,low
ORD_0002485,low
ORD_0002486,low
ORD_0002487,low
ORD_0002488,high
ORD_0002489,medium
ORD_0002490,medium
ORD_0002491,high
ORD_0002492,high
ORD_0002493,medium
ORD_0002494,high
ORD_0002495,medium
ORD_0002496,high
ORD_0002497,medium
ORD_0002498,low
ORD_0002499,high
ORD_0002500,high
ORD_0002501,low
ORD_0002502,high
ORD_0002503,low
ORD_0002504,high
ORD_0002505,medium
ORD_0002506,low
ORD_0002507,medium
ORD_0002508,high
ORD_0002509,low
ORD_0002510,high
ORD_0002511,low
ORD_0002512,medium
ORD_0002513,high
ORD_0002514,low
ORD_0002515,medium
ORD_0002516,low
ORD_0002517,high
ORD_0002518,low
ORD_0002519,high
ORD_0002520,low
ORD_0002521,high
ORD_0002522,low
ORD_0002523,medium
ORD_0002524,high
ORD_0002525,high
ORD_0002526,low
ORD_0002527,low
ORD_0002528,low
ORD_0002529,low
ORD_0002530,high
ORD_0002531,low
ORD_0002532,low
ORD_0002533,medium
ORD_0002534,medium
ORD_0002535,low
ORD_0002536,low
ORD_0002537,high
ORD_0002538,medium
ORD_0002539,high
ORD_0002540,medium
ORD_0002541,high
ORD_0002542,low
ORD_0002543,medium
ORD_0002544,low
ORD_0002545,low
ORD_0002546,medium
ORD_0002547,low
ORD_0002548,low
ORD_0002549,medium
ORD_0002550,low
ORD_0002551,low
ORD_0002552,low
ORD_0002553,medium
ORD_0002554,low
ORD_0002555,low
ORD_0002556,low
ORD_0002557,low
ORD_0002558,medium
ORD_0002559,medium
ORD_0002560,low
ORD_0002561,medium
ORD_0002562,high
ORD_0002563,medium
ORD_0002564,low
ORD_0002565,low
ORD_0002566,low
ORD_0002567,medium
ORD_0002568,low
ORD_0002569,medium
ORD_0002570,low
ORD_0002571,medium
ORD_0002572,high
ORD_0002573,low
ORD_0002574,high
ORD_0002575,low
ORD_0002576,high
ORD_0002577,low
ORD_0002578,low
ORD_0002579,low
ORD_0002580,low
ORD_0002581,low
ORD_0002582,medium
ORD_0002583,medium
ORD_0002584,high
ORD_0002585,low
ORD_0002586,medium
ORD_0002587,medium
ORD_0002588,low
ORD_0002589,medium
ORD_0002590,low
ORD_0002591,medium
ORD_0002592,medium
ORD_0002593,medium
ORD_0002594,medium
ORD_0002595,high
ORD_0002596,low
ORD_0002597,low
ORD_0002598,high
ORD_0002599,medium
ORD_0002600,low
ORD_0002601,low
ORD_0002602,low
ORD_0002603,low
ORD_0002604,low
ORD_0002605,high
ORD_0002606,medium
ORD_0002607,high
ORD_0002608,low
ORD_0002609,high
ORD_0002610,medium
ORD_0002611,medium
ORD_0002612,high
ORD_0002613,low
ORD_0002614,low
ORD_0002615,low
ORD_0002616,low
ORD_0002617,low
ORD_0002618,low
ORD_0002619,medium
ORD_0002620,medium
ORD_0002621,high
ORD_0002622,medium
ORD_0002623,high
ORD_0002624,high
ORD_0002625,high
ORD_0002626,high
ORD_0002627,medium
ORD_0002628,low
ORD_0002629,low
ORD_0002630,low
ORD_0002631,medium
ORD_0002632,low
ORD_0002633,medium
ORD_0002634,low
ORD_0002635,low
ORD_0002636,high
ORD_0002637,low
ORD_0002638,low
ORD_0002639,medium
ORD_0002640,medium
ORD_0002641,low
ORD_0002642,low
ORD_0002643,high
ORD_0002644,low
ORD_0002645,medium
ORD_0002646,low
ORD_0002647,high
ORD_0002648,low
ORD_0002649,high
ORD_0002650,low
ORD_0002651,medium
ORD_0002652,medium
ORD_0002653,low
ORD_0002654,high
ORD_0002655,medium
ORD_0002656,low
ORD_0002657,medium
ORD_0002658,low
ORD_0002659,high
ORD_0002660,medium
ORD_0002661,medium
ORD_0002662,high
ORD_0002663,low
ORD_0002664,high
ORD_0002665,low
ORD_0002666,low
ORD_0002667,medium
ORD_0002668,medium
ORD_0002669,medium
ORD_0002670,low
ORD_0002671,low
ORD_0002672,low
ORD_0002673,high
ORD_0002674,medium
ORD_0002675,low
ORD_0002676,low
ORD_0002677,high
ORD_0002678,low
ORD_0002679,medium
ORD_0002680,medium
ORD_0002681,low
ORD_0002682,medium
ORD_0002683,medium
ORD_0002684,low
ORD_0002685,low
ORD_0002686,low
ORD_0002687,low
ORD_0002688,low
ORD_0002689,high
ORD_0002690,high
ORD_0002691,medium
ORD_0002692,medium
ORD_0002693,medium
ORD_0002694,low
ORD_0002695,low
ORD_0002696,high
ORD_0002697,low
ORD_0002698,low
ORD_0002699,low
ORD_0002700,high
ORD_0002701,low
ORD_0002702,medium
ORD_0002703,medium
ORD_0002704,low
ORD_0002705,low
ORD_0002706,low
ORD_0002707,high
ORD_0002708,low
ORD_0002709,medium
ORD_0002710,high
ORD_0002711,medium
ORD_0002712,low
ORD_0002713,medium
ORD_0002714,low
ORD_0002715,low
ORD_0002716,medium
ORD_0002717,high
ORD_0002718,medium
ORD_0002719,low
ORD_0002720,low
ORD_0002721,medium
ORD_0002722,low
ORD_0002723,low
ORD_0002724,low
ORD_0002725,high
ORD_0002726,low
ORD_0002727,low
ORD_0002728,medium
ORD_0002729,low
ORD_0002730,medium
ORD_0002731,medium
ORD_0002732,high
ORD_0002733,low
ORD_0002734,low
ORD_0002735,high
ORD_0002736,low
ORD_0002737,medium
ORD_0002738,low
ORD_0002739,low
ORD_0002740,high
ORD_0002741,medium
ORD_0002742,high
ORD_0002743,medium
ORD_0002744,low
ORD_0002745,medium
ORD_0002746,medium
ORD_0002747,medium
ORD_0002748,low
ORD_0002749,high
ORD_0002750,medium
ORD_0002751,medium
ORD_0002752,medium
ORD_0002753,low
ORD_0002754,low
ORD_0002755,low
ORD_0002756,low
ORD_0002757,high
ORD_0002758,high
ORD_0002759,low
ORD_0002760,medium
ORD_0002761,medium
ORD_0002762,low
ORD_0002763,medium
ORD_0002764,high
ORD_0002765,low
ORD_0002766,low
ORD_0002767,low
ORD_0002768,medium
ORD_0002769,low
ORD_0002770,low
ORD_0002771,low
ORD_0002772,low
ORD_0002773,high
ORD_0002774,low
ORD_0002775,low
ORD_0002776,low
ORD_0002777,medium
ORD_0002778,low
ORD_0002779,medium
ORD_0002780,medium
ORD_0002781,medium
ORD_0002782,low
ORD_0002783,high
ORD_0002784,medium
ORD_0002785,low
ORD_0002786,medium
ORD_0002787,medium
ORD_0002788,medium
ORD_0002789,medium
ORD_0002790,high
ORD_0002791,medium
ORD_0002792,medium
ORD_0002793,high
ORD_0002794,low
ORD_0002795,low
ORD_0002796,medium
ORD_0002797,medium
ORD_0002798,medium
ORD_0002799,low
ORD_0002800,low
ORD_0002801,low
ORD_0002802,high
ORD_0002803,low
ORD_0002804,low
ORD_0002805,high
ORD_0002806,low
ORD_0002807,medium
ORD_0002808,high
ORD_0002809,medium
ORD_0002810,low
ORD_0002811,medium
ORD_0002812,medium
ORD_0002813,high
ORD_0002814,high
ORD_0002815,high
ORD_0002816,high
ORD_0002817,high
ORD_0002818,low
ORD_0002819,low
ORD_0002820,high
ORD_0002821,low
ORD_0002822,low
ORD_0002823,low
ORD_0002824,low
ORD_0002825,low
ORD_0002826,high
ORD_0002827,medium
ORD_0002828,high
ORD_0002829,low
ORD_0002830,high
ORD_0002831,medium
ORD_0002832,medium
ORD_0002833,medium
ORD_0002834,low
ORD_0002835,low
ORD_0002836,medium
ORD_0002837,low
ORD_0002838,medium
ORD_0002839,low
ORD_0002840,low
ORD_0002841,low
ORD_0002842,high
ORD_0002843,medium
ORD_0002844,low
ORD_0002845,medium
ORD_0002846,low
ORD_0002847,high
ORD_0002848,high
ORD_0002849,medium
ORD_0002850,low
ORD_0002851,medium
ORD_0002852,medium
ORD_0002853,high
ORD_0002854,low
ORD_0002855,high
ORD_0002856,high
ORD_0002857,low
ORD_0002858,medium
ORD_0002859,high
ORD_0002860,medium
ORD_0002861,medium
ORD_0002862,low
ORD_0002863,low
ORD_0002864,low
ORD_0002865,medium
ORD_0002866,medium
ORD_0002867,low
ORD_0002868,low
ORD_0002869,medium
ORD_0002870,low
ORD_0002871,low
ORD_0002872,medium
ORD_0002873,medium
ORD_0002874,low
ORD_0002875,low
ORD_0002876,low
ORD_0002877,medium
ORD_0002878,low
ORD_0002879,low
ORD_0002880,high
ORD_0002881,medium
ORD_0002882,high
ORD_0002883,medium
ORD_0002884,medium
ORD_0002885,high
ORD_0002886,high
ORD_0002887,low
ORD_0002888,high
ORD_0002889,low
ORD_0002890,medium
ORD_0002891,medium
ORD_0002892,medium
ORD_0002893,low
ORD_0002894,high
ORD_0002895,high
ORD_0002896,low
ORD_0002897,low
ORD_0002898,medium
ORD_0002899,low
ORD_0002900,low
ORD_0002901,low
ORD_0002902,medium
ORD_0002903,low
ORD_0002904,low
ORD_0002905,low
ORD_0002906,medium
ORD_0002907,high
ORD_0002908,high
ORD_0002909,low
ORD_0002910,high
ORD_0002911,low
ORD_0002912,low
ORD_0002913,low
ORD_0002914,low
ORD_0002915,medium
ORD_0002916,medium
ORD_0002917,low
ORD_0002918,medium
ORD_0002919,medium
ORD_0002920,low
ORD_0002921,medium
ORD_0002922,low
ORD_0002923,high
ORD_0002924,medium
ORD_0002925,low
ORD_0002926,high
ORD_0002927,low
ORD_0002928,medium
ORD_0002929,high
ORD_0002930,medium
ORD_0002931,medium
ORD_0002932,medium
ORD_0002933,low
ORD_0002934,low
ORD_0002935,medium
ORD_0002936,high
ORD_0002937,medium
ORD_0002938,high
ORD_0002939,low
ORD_0002940,high
ORD_0002941,low
ORD_0002942,low
ORD_0002943,low
ORD_0002944,medium
ORD_0002945,low
ORD_0002946,high
ORD_0002947,medium
ORD_0002948,low
ORD_0002949,low
ORD_0002950,medium
ORD_0002951,medium
ORD_0002952,medium
ORD_0002953,low
ORD_0002954,low
ORD_0002955,high
ORD_0002956,high
ORD_0002957,low
ORD_0002958,medium
ORD_0002959,medium
ORD_0002960,low
ORD_0002961,low
ORD_0002962,medium
ORD_0002963,low
ORD_0002964,low
ORD_0002965,low
ORD_0002966,low
ORD_0002967,low
ORD_0002968,low
ORD_0002969,high
ORD_0002970,low
ORD_0002971,medium
ORD_0002972,low
ORD_0002973,medium
ORD_0002974,low
ORD_0002975,low
ORD_0002976,medium
ORD_0002977,low
ORD_0002978,low
ORD_0002979,low
ORD_0002980,high
ORD_0002981,low
ORD_0002982,medium
ORD_0002983,medium
ORD_0002984,medium
ORD_0002985,medium
ORD_0002986,medium
ORD_0002987,medium
ORD_0002988,low
ORD_0002989,medium
ORD_0002990,high
ORD_0002991,low
ORD_0002992,medium
ORD_0002993,low
ORD_0002994,low
ORD_0002995,high
ORD_0002996,low
ORD_0002997,high
ORD_0002998,high
ORD_0002999,low
ORD_0003000,low
ORD_0003001,low
ORD_0003002,medium
ORD_0003003,medium
ORD_0003004,low
ORD_0003005,high
ORD_0003006,high
ORD_0003007,low
ORD_0003008,low
ORD_0003009,low
ORD_0003010,medium
ORD_0003011,low
ORD_0003012,medium
ORD_0003013,low
ORD_0003014,high
ORD_0003015,low
ORD_0003016,medium
ORD_0003017,medium
ORD_0003018,high
ORD_0003019,low
ORD_0003020,low
ORD_0003021,high
ORD_0003022,high
ORD_0003023,low
ORD_0003024,medium
ORD_0003025,low
ORD_0003026,low
ORD_0003027,medium
ORD_0003028,low
ORD_0003029,medium
ORD_0003030,low
ORD_0003031,high
ORD_0003032,medium
ORD_0003033,medium
ORD_0003034,high
ORD_0003035,high
ORD_0003036,low
ORD_0003037,medium
ORD_0003038,low
ORD_0003039,low
ORD_0003040,high
ORD_0003041,low
ORD_0003042,low
ORD_0003043,low
ORD_0003044,medium
ORD_0003045,medium
ORD_0003046,medium
ORD_0003047,high
ORD_0003048,low
ORD_0003049,medium
ORD_0003050,low
ORD_0003051,high
ORD_0003052,high
ORD_0003053,low
ORD_0003054,medium
ORD_0003055,medium
ORD_0003056,high
ORD_0003057,high
ORD_0003058,low
ORD_0003059,medium
ORD_0003060,medium
ORD_0003061,low
ORD_0003062,low
ORD_0003063,medium
ORD_0003064,high
ORD_0003065,low
ORD_0003066,low
ORD_0003067,low
ORD_0003068,medium
ORD_0003069,medium
ORD_0003070,high
ORD_0003071,low
ORD_0003072,medium
ORD_0003073,medium
ORD_0003074,low
ORD_0003075,medium
ORD_0003076,low
ORD_0003077,low
ORD_0003078,medium
ORD_0003079,medium
ORD_0003080,low
ORD_0003081,medium
ORD_0003082,medium
ORD_0003083,high
ORD_0003084,low
ORD_0003085,low
ORD_0003086,high
ORD_0003087,low
ORD_0003088,high
ORD_0003089,low
ORD_0003090,low
ORD_0003091,low
ORD_0003092,low
ORD_0003093,low
ORD_0003094,low
ORD_0003095,low
ORD_0003096,medium
ORD_0003097,low
ORD_0003098,high
ORD_0003099,high
ORD_0003100,low
ORD_0003101,high
ORD_0003102,medium
ORD_0003103,low
ORD_0003104,low
ORD_0003105,medium
ORD_0003106,low
ORD_0003107,medium
ORD_0003108,low
ORD_0003109,medium
ORD_0003110,high
ORD_0003111,low
ORD_0003112,low
ORD_0003113,low
ORD_0003114,medium
ORD_0003115,medium
ORD_0003116,low
ORD_0003117,medium
ORD_0003118,low
ORD_0003119,medium
ORD_0003120,medium
ORD_0003121,medium
ORD_0003122,high
ORD_0003123,low
ORD_0003124,low
ORD_0003125,low
ORD_0003126,high
ORD_0003127,medium
ORD_0003128,medium
ORD_0003129,low
ORD_0003130,medium
ORD_0003131,medium
ORD_0003132,medium
ORD_0003133,low
ORD_0003134,medium
ORD_0003135,high
ORD_0003136,medium
ORD_0003137,low
ORD_0003138,medium
ORD_0003139,medium
ORD_0003140,low
ORD_0003141,low
ORD_0003142,low
ORD_0003143,low
ORD_0003144,high
ORD_0003145,medium
ORD_0003146,low
ORD_0003147,medium
ORD_0003148,high
ORD_0003149,low
ORD_0003150,low
ORD_0003151,high
ORD_0003152,medium
ORD_0003153,high
ORD_0003154,low
ORD_0003155,low
ORD_0003156,low
ORD_0003157,low
ORD_0003158,low
ORD_0003159,low
ORD_0003160,low
ORD_0003161,low
ORD_0003162,low
ORD_0003163,low
ORD_0003164,low
ORD_0003165,low
ORD_0003166,medium
ORD_0003167,low
ORD_0003168,low
ORD_0003169,medium
ORD_0003170,medium
ORD_0003171,high
ORD_0003172,low
ORD_0003173,low
ORD_0003174,medium
ORD_0003175,high
ORD_0003176,high
ORD_0003177,high
ORD_0003178,low
ORD_0003179,medium
ORD_0003180,high
ORD_0003181,low
ORD_0003182,low
ORD_0003183,medium
ORD_0003184,medium
ORD_0003185,medium
ORD_0003186,low
ORD_0003187,high
ORD_0003188,medium
ORD_0003189,low
ORD_0003190,low
ORD_0003191,low
ORD_0003192,low
ORD_0003193,low
ORD_0003194,medium
ORD_0003195,medium
ORD_0003196,low
ORD_0003197,medium
ORD_0003198,low
ORD_0003199,low
ORD_0003200,low
ORD_0003201,low
ORD_0003202,medium
ORD_0003203,high
ORD_0003204,medium
ORD_0003205,low
ORD_0003206,medium
ORD_0003207,low
ORD_0003208,high
ORD_0003209,medium
ORD_0003210,low
ORD_0003211,low
ORD_0003212,medium
ORD_0003213,low
ORD_0003214,low
ORD_0003215,medium
ORD_0003216,low
ORD_0003217,low
ORD_0003218,medium
ORD_0003219,high
ORD_0003220,low
ORD_0003221,medium
ORD_0003222,medium
ORD_0003223,medium
ORD_0003224,high
ORD_0003225,low
ORD_0003226,high
ORD_0003227,low
ORD_0003228,low
ORD_0003229,low
ORD_0003230,medium
ORD_0003231,medium
ORD_0003232,medium
ORD_0003233,low
ORD_0003234,high
ORD_0003235,high
ORD_0003236,low
ORD_0003237,medium
ORD_0003238,low
ORD_0003239,low
ORD_0003240,high
ORD_0003241,low
ORD_0003242,low
ORD_0003243,low
ORD_0003244,low
ORD_0003245,medium
ORD_0003246,low
ORD_0003247,low
ORD_0003248,medium
ORD_0003249,low
ORD_0003250,low
ORD_0003251,medium
ORD_0003252,high
ORD_0003253,low
ORD_0003254,low
ORD_0003255,high
ORD_0003256,medium
ORD_0003257,medium
ORD_0003258,low
ORD_0003259,medium
ORD_0003260,low
ORD_0003261,low
ORD_0003262,medium
ORD_0003263,low
ORD_0003264,low
ORD_0003265,medium
ORD_0003266,low
ORD_0003267,medium
ORD_0003268,medium
ORD_0003269,high
ORD_0003270,low
ORD_0003271,medium
ORD_0003272,medium
ORD_0003273,low
ORD_0003274,medium
ORD_0003275,low
ORD_0003276,low
ORD_0003277,low
ORD_0003278,medium
ORD_0003279,low
ORD_0003280,medium
ORD_0003281,high
ORD_0003282,medium
ORD_0003283,low
ORD_0003284,high
ORD_0003285,high
ORD_0003286,medium
ORD_0003287,high
ORD_0003288,high
ORD_0003289,high
ORD_0003290,medium
ORD_0003291,medium
ORD_0003292,high
ORD_0003293,low
ORD_0003294,low
ORD_0003295,medium
ORD_0003296,medium
ORD_0003297,low
ORD_0003298,medium
ORD_0003299,low
ORD_0003300,low
ORD_0003301,high
ORD_0003302,low
ORD_0003303,high
ORD_0003304,high
ORD_0003305,medium
ORD_0003306,low
ORD_0003307,low
ORD_0003308,low
ORD_0003309,medium
ORD_0003310,high
ORD_0003311,medium
ORD_0003312,high
ORD_0003313,medium
ORD_0003314,low
ORD_0003315,low
ORD_0003316,low
ORD_0003317,low
ORD_0003318,low
ORD_0003319,medium
ORD_0003320,medium
ORD_0003321,medium
ORD_0003322,low
ORD_0003323,medium
ORD_0003324,high
ORD_0003325,low
ORD_0003326,low
ORD_0003327,high
ORD_0003328,low
ORD_0003329,low
ORD_0003330,medium
ORD_0003331,low
ORD_0003332,low
ORD_0003333,low
ORD_0003334,low
ORD_0003335,high
ORD_0003336,low
ORD_0003337,medium
ORD_0003338,low
ORD_0003339,low
ORD_0003340,high
ORD_0003341,low
ORD_0003342,low
ORD_0003343,low
ORD_0003344,medium
ORD_0003345,low
ORD_0003346,low
ORD_0003347,low
ORD_0003348,low
ORD_0003349,low
ORD_0003350,high
ORD_0003351,low
ORD_0003352,low
ORD_0003353,medium
ORD_0003354,high
ORD_0003355,medium
ORD_0003356,medium
ORD_0003357,low
ORD_0003358,medium
ORD_0003359,low
ORD_0003360,low
ORD_0003361,low
ORD_0003362,high
ORD_0003363,low
ORD_0003364,low
ORD_0003365,medium
ORD_0003366,high
ORD_0003367,low
ORD_0003368,high
ORD_0003369,high
ORD_0003370,high
ORD_0003371,low
ORD_0003372,high
ORD_0003373,low
ORD_0003374,high
ORD_0003375,medium
ORD_0003376,low
ORD_0003377,low
ORD_0003378,low
ORD_0003379,low
ORD_0003380,medium
ORD_0003381,high
ORD_0003382,medium
ORD_0003383,high
ORD_0003384,medium
ORD_0003385,medium
ORD_0003386,medium
ORD_0003387,low
ORD_0003388,medium
ORD_0003389,low
ORD_0003390,low
ORD_0003391,medium
ORD_0003392,medium
ORD_0003393,medium
ORD_0003394,high
ORD_0003395,medium
ORD_0003396,high
ORD_0003397,low
ORD_0003398,high
ORD_0003399,high
ORD_0003400,high
ORD_0003401,medium
ORD_0003402,low
ORD_0003403,medium
ORD_0003404,low
ORD_0003405,medium
ORD_0003406,low
ORD_0003407,low
ORD_0003408,low
ORD_0003409,low
ORD_0003410,medium
ORD_0003411,medium
ORD_0003412,low
ORD_0003413,low
ORD_0003414,low
ORD_0003415,low
ORD_0003416,low
ORD_0003417,low
ORD_0003418,low
ORD_0003419,high
ORD_0003420,high
ORD_0003421,high
ORD_0003422,low
ORD_0003423,low
ORD_0003424,medium
ORD_0003425,high
ORD_0003426,low
ORD_0003427,low
ORD_0003428,low
ORD_0003429,low
ORD_0003430,low
ORD_0003431,high
ORD_0003432,low
ORD_0003433,low
ORD_0003434,low
ORD_0003435,medium
ORD_0003436,medium
ORD_0003437,low
ORD_0003438,low
ORD_0003439,low
ORD_0003440,high
ORD_0003441,medium
ORD_0003442,high
ORD_0003443,low
ORD_0003444,low
ORD_0003445,medium
ORD_0003446,low
ORD_0003447,low
ORD_0003448,high
ORD_0003449,low
ORD_0003450,low
ORD_0003451,low
ORD_0003452,low
ORD_0003453,medium
ORD_0003454,medium
ORD_0003455,low
ORD_0003456,low
ORD_0003457,medium
ORD_0003458,medium
ORD_0003459,low
ORD_0003460,low
ORD_0003461,medium
ORD_0003462,low
ORD_0003463,low
ORD_0003464,medium
ORD_0003465,medium
ORD_0003466,low
ORD_0003467,low
ORD_0003468,high
ORD_0003469,low
ORD_0003470,low
ORD_0003471,medium
ORD_0003472,low
ORD_0003473,low
ORD_0003474,low
ORD_0003475,low
ORD_0003476,medium
ORD_0003477,medium
ORD_0003478,low
ORD_0003479,low
ORD_0003480,low
ORD_0003481,high
ORD_0003482,low
ORD_0003483,medium
ORD_0003484,low
ORD_0003485,medium
ORD_0003486,low
ORD_0003487,high
ORD_0003488,low
ORD_0003489,low
ORD_0003490,low
ORD_0003491,high
ORD_0003492,medium
ORD_0003493,medium
ORD_0003494,low
ORD_0003495,medium
ORD_0003496,low
ORD_0003497,low
ORD_0003498,low
ORD_0003499,low
ORD_0003500,low
ORD_0003501,medium
ORD_0003502,low
ORD_0003503,low
ORD_0003504,low
ORD_0003505,low
ORD_0003506,low
ORD_0003507,medium
ORD_0003508,low
ORD_0003509,low
ORD_0003510,high
ORD_0003511,low
ORD_0003512,low
ORD_0003513,low
ORD_0003514,low
ORD_0003515,medium
ORD_0003516,medium
ORD_0003517,low
ORD_0003518,high
ORD_0003519,high
ORD_0003520,medium
ORD_0003521,low
ORD_0003522,low
ORD_0003523,high
ORD_0003524,medium
ORD_0003525,high
ORD_0003526,medium
ORD_0003527,high
ORD_0003528,low
ORD_0003529,medium
ORD_0003530,low
ORD_0003531,high
ORD_0003532,low
ORD_0003533,medium
ORD_0003534,medium
ORD_0003535,medium
ORD_0003536,low
ORD_0003537,high
ORD_0003538,low
ORD_0003539,medium
ORD_0003540,medium
ORD_0003541,medium
ORD_0003542,medium
ORD_0003543,medium
ORD_0003544,low
ORD_0003545,medium
ORD_0003546,low
ORD_0003547,medium
ORD_0003548,medium
ORD_0003549,low
ORD_0003550,medium
ORD_0003551,medium
ORD_0003552,low
ORD_0003553,low
ORD_0003554,medium
ORD_0003555,low
ORD_0003556,low
ORD_0003557,medium
ORD_0003558,medium
ORD_0003559,high
ORD_0003560,low
ORD_0003561,low
ORD_0003562,medium
ORD_0003563,low
ORD_0003564,high
ORD_0003565,high
ORD_0003566,low
ORD_0003567,low
ORD_0003568,high
ORD_0003569,low
ORD_0003570,high
ORD_0003571,medium
ORD_0003572,high
ORD_0003573,medium
ORD_0003574,high
ORD_0003575,low
ORD_0003576,low
ORD_0003577,medium
ORD_0003578,medium
ORD_0003579,low
ORD_0003580,high
ORD_0003581,low
ORD_0003582,low
ORD_0003583,medium
ORD_0003584,medium
ORD_0003585,high
ORD_0003586,high
ORD_0003587,medium
ORD_0003588,medium
ORD_0003589,low
ORD_0003590,low
ORD_0003591,medium
ORD_0003592,medium
ORD_0003593,high
ORD_0003594,medium
ORD_0003595,medium
ORD_0003596,medium
ORD_0003597,medium
ORD_0003598,high
ORD_0003599,medium
ORD_0003600,medium
ORD_0003601,medium
ORD_0003602,high
ORD_0003603,high
ORD_0003604,high
ORD_0003605,high
ORD_0003606,high
ORD_0003607,medium
ORD_0003608,high
ORD_0003609,low
ORD_0003610,low
ORD_0003611,medium
ORD_0003612,medium
ORD_0003613,high
ORD_0003614,medium
ORD_0003615,medium
ORD_0003616,low
ORD_0003617,low
ORD_0003618,low
ORD_0003619,low
ORD_0003620,low
ORD_0003621,low
ORD_0003622,medium
ORD_0003623,medium
ORD_0003624,high
ORD_0003625,medium
ORD_0003626,medium
ORD_0003627,low
ORD_0003628,low
ORD_0003629,medium
ORD_0003630,low
ORD_0003631,low
ORD_0003632,medium
ORD_0003633,medium
ORD_0003634,high
ORD_0003635,low
ORD_0003636,low
ORD_0003637,low
ORD_0003638,low
ORD_0003639,medium
ORD_0003640,low
ORD_0003641,high
ORD_0003642,medium
ORD_0003643,medium
ORD_0003644,low
ORD_0003645,high
ORD_0003646,medium
ORD_0003647,medium
ORD_0003648,low
ORD_0003649,low
ORD_0003650,medium
ORD_0003651,low
ORD_0003652,medium
ORD_0003653,low
ORD_0003654,high
ORD_0003655,medium
ORD_0003656,low
ORD_0003657,high
ORD_0003658,medium
ORD_0003659,high
ORD_0003660,low
ORD_0003661,low
ORD_0003662,low
ORD_0003663,high
ORD_0003664,low
ORD_0003665,medium
ORD_0003666,low
ORD_0003667,medium
ORD_0003668,high
ORD_0003669,low
ORD_0003670,low
ORD_0003671,low
ORD_0003672,medium
ORD_0003673,high
ORD_0003674,low
ORD_0003675,low
ORD_0003676,high
ORD_0003677,low
ORD_0003678,low
ORD_0003679,medium
ORD_0003680,medium
ORD_0003681,low
ORD_0003682,medium
ORD_0003683,low
ORD_0003684,low
ORD_0003685,medium
ORD_0003686,low
ORD_0003687,high
ORD_0003688,low
ORD_0003689,low
ORD_0003690,high
ORD_0003691,low
ORD_0003692,low
ORD_0003693,low
ORD_0003694,medium
ORD_0003695,low
ORD_0003696,low
ORD_0003697,low
ORD_0003698,low
ORD_0003699,low
ORD_0003700,medium
ORD_0003701,medium
ORD_0003702,medium
ORD_0003703,medium
ORD_0003704,low
ORD_0003705,low
ORD_0003706,medium
ORD_0003707,medium
ORD_0003708,low
ORD_0003709,medium
ORD_0003710,low
ORD_0003711,medium
ORD_0003712,medium
ORD_0003713,medium
ORD_0003714,medium
ORD_0003715,low
ORD_0003716,medium
ORD_0003717,high
ORD_0003718,low
ORD_0003719,low
ORD_0003720,low
ORD_0003721,low
ORD_0003722,low
ORD_0003723,low
ORD_0003724,low
ORD_0003725,medium
ORD_0003726,low
ORD_0003727,low
ORD_0003728,low
ORD_0003729,high
ORD_0003730,low
ORD_0003731,high
ORD_0003732,high
ORD_0003733,low
ORD_0003734,high
ORD_0003735,low
ORD_0003736,medium
ORD_0003737,high
ORD_0003738,high
ORD_0003739,high
ORD_0003740,medium
ORD_0003741,medium
ORD_0003742,low
ORD_0003743,low
ORD_0003744,medium
ORD_0003745,medium
ORD_0003746,low
ORD_0003747,high
ORD_0003748,low
ORD_0003749,low
ORD_0003750,medium
ORD_0003751,high
ORD_0003752,medium
ORD_0003753,low
ORD_0003754,low
ORD_0003755,low
ORD_0003756,low
ORD_0003757,high
ORD_0003758,low
ORD_0003759,high
ORD_0003760,low
ORD_0003761,low
ORD_0003762,low
ORD_0003763,low
ORD_0003764,low
ORD_0003765,medium
ORD_0003766,medium
ORD_0003767,low
ORD_0003768,low
ORD_0003769,medium
ORD_0003770,low
ORD_0003771,medium
ORD_0003772,medium
ORD_0003773,high
ORD_0003774,low
ORD_0003775,low
ORD_0003776,medium
ORD_0003777,medium
ORD_0003778,medium
ORD_0003779,low
ORD_0003780,low
ORD_0003781,medium
ORD_0003782,high
ORD_0003783,medium
ORD_0003784,low
ORD_0003785,low
ORD_0003786,medium
ORD_0003787,high
ORD_0003788,medium
ORD_0003789,low
ORD_0003790,low
ORD_0003791,medium
ORD_0003792,low
ORD_0003793,medium
ORD_0003794,low
ORD_0003795,high
ORD_0003796,medium
ORD_0003797,low
ORD_0003798,low
ORD_0003799,high
ORD_0003800,medium
ORD_0003801,low
ORD_0003802,low
ORD_0003803,medium
ORD_0003804,low
ORD_0003805,low
ORD_0003806,high
ORD_0003807,low
ORD_0003808,high
ORD_0003809,medium
ORD_0003810,medium
ORD_0003811,high
ORD_0003812,low
ORD_0003813,low
ORD_0003814,low
ORD_0003815,medium
ORD_0003816,low
ORD_0003817,low
ORD_0003818,low
ORD_0003819,low
ORD_0003820,low
ORD_0003821,low
ORD_0003822,high
ORD_0003823,medium
ORD_0003824,low
ORD_0003825,low
ORD_0003826,medium
ORD_0003827,medium
ORD_0003828,low
ORD_0003829,low
ORD_0003830,medium
ORD_0003831,low
ORD_0003832,high
ORD_0003833,low
ORD_0003834,medium
ORD_0003835,low
ORD_0003836,high
ORD_0003837,low
ORD_0003838,medium
ORD_0003839,high
ORD_0003840,high
ORD_0003841,low
ORD_0003842,low
ORD_0003843,medium
ORD_0003844,low
ORD_0003845,medium
ORD_0003846,low
ORD_0003847,low
ORD_0003848,low
ORD_0003849,low
ORD_0003850,medium
ORD_0003851,medium
ORD_0003852,medium
ORD_0003853,medium
ORD_0003854,low
ORD_0003855,low
ORD_0003856,low
ORD_0003857,medium
ORD_0003858,low
ORD_0003859,low
ORD_0003860,low
ORD_0003861,medium
ORD_0003862,low
ORD_0003863,low
ORD_0003864,low
ORD_0003865,low
ORD_0003866,medium
ORD_0003867,high
ORD_0003868,low
ORD_0003869,low
ORD_0003870,high
ORD_0003871,medium
ORD_0003872,medium
ORD_0003873,high
ORD_0003874,low
ORD_0003875,low
ORD_0003876,low
ORD_0003877,low
ORD_0003878,low
ORD_0003879,low
ORD_0003880,low
ORD_0003881,medium
ORD_0003882,low
ORD_0003883,medium
ORD_0003884,medium
ORD_0003885,medium
ORD_0003886,low
ORD_0003887,low
ORD_0003888,low
ORD_0003889,low
ORD_0003890,low
ORD_0003891,high
ORD_0003892,medium
ORD_0003893,medium
ORD_0003894,low
ORD_0003895,medium
ORD_0003896,medium
ORD_0003897,low
ORD_0003898,low
ORD_0003899,medium
ORD_0003900,medium
ORD_0003901,low
ORD_0003902,low
ORD_0003903,medium
ORD_0003904,medium
ORD_0003905,low
ORD_0003906,high
ORD_0003907,medium
ORD_0003908,low
ORD_0003909,low
ORD_0003910,low
ORD_0003911,low
ORD_0003912,low
ORD_0003913,medium
ORD_0003914,low
ORD_0003915,high
ORD_0003916,low
ORD_0003917,low
ORD_0003918,low
ORD_0003919,high
ORD_0003920,low
ORD_0003921,low
ORD_0003922,medium
ORD_0003923,low
ORD_0003924,high
ORD_0003925,low
ORD_0003926,medium
ORD_0003927,high
ORD_0003928,low
ORD_0003929,high
ORD_0003930,high
ORD_0003931,low
ORD_0003932,low
ORD_0003933,medium
ORD_0003934,low
ORD_0003935,low
ORD_0003936,low
ORD_0003937,low
ORD_0003938,low
ORD_0003939,high
ORD_0003940,low
ORD_0003941,low
ORD_0003942,medium
ORD_0003943,high
ORD_0003944,high
ORD_0003945,medium
ORD_0003946,high
ORD_0003947,low
ORD_0003948,high
ORD_0003949,high
ORD_0003950,low
ORD_0003951,low
ORD_0003952,low
ORD_0003953,low
ORD_0003954,low
ORD_0003955,high
ORD_0003956,medium
ORD_0003957,medium
ORD_0003958,low
ORD_0003959,medium
ORD_0003960,high
ORD_0003961,medium
ORD_0003962,low
ORD_0003963,low
ORD_0003964,low
ORD_0003965,low
ORD_0003966,low
ORD_0003967,low
ORD_0003968,low
ORD_0003969,medium
ORD_0003970,low
ORD_0003971,high
ORD_0003972,medium
ORD_0003973,low
ORD_0003974,medium
ORD_0003975,low
ORD_0003976,high
ORD_0003977,low
ORD_0003978,high
ORD_0003979,medium
ORD_0003980,low
ORD_0003981,medium
ORD_0003982,medium
ORD_0003983,low
ORD_0003984,low
ORD_0003985,medium
ORD_0003986,high
ORD_0003987,high
ORD_0003988,medium
ORD_0003989,low
ORD_0003990,low
ORD_0003991,low
ORD_0003992,low
ORD_0003993,low
ORD_0003994,high
ORD_0003995,low
ORD_0003996,low
ORD_0003997,high
ORD_0003998,low
ORD_0003999,high
ORD_0004000,medium
ORD_0004001,low
ORD_0004002,high
ORD_0004003,high
ORD_0004004,low
ORD_0004005,low
ORD_0004006,medium
ORD_0004007,low
ORD_0004008,low
ORD_0004009,high
ORD_0004010,medium
ORD_0004011,low
ORD_0004012,medium
ORD_0004013,high
ORD_0004014,high
ORD_0004015,low
ORD_0004016,medium
ORD_0004017,medium
ORD_0004018,low
ORD_0004019,low
ORD_0004020,low
ORD_0004021,low
ORD_0004022,low
ORD_0004023,low
ORD_0004024,medium
ORD_0004025,high
ORD_0004026,high
ORD_0004027,low
ORD_0004028,medium
ORD_0004029,medium
ORD_0004030,low
ORD_0004031,low
ORD_0004032,medium
ORD_0004033,medium
ORD_0004034,high
ORD_0004035,low
ORD_0004036,low
ORD_0004037,low
ORD_0004038,low
ORD_0004039,low
ORD_0004040,low
ORD_0004041,high
ORD_0004042,low
ORD_0004043,low
ORD_0004044,low
ORD_0004045,low
ORD_0004046,medium
ORD_0004047,high
ORD_0004048,medium
ORD_0004049,medium
ORD_0004050,medium
ORD_0004051,low
ORD_0004052,medium
ORD_0004053,medium
ORD_0004054,medium
ORD_0004055,low
ORD_0004056,medium
ORD_0004057,low
ORD_0004058,high
ORD_0004059,low
ORD_0004060,low
ORD_0004061,medium
ORD_0004062,low
ORD_0004063,high
ORD_0004064,high
ORD_0004065,low
ORD_0004066,high
ORD_0004067,low
ORD_0004068,medium
ORD_0004069,high
ORD_0004070,low
ORD_0004071,low
ORD_0004072,high
ORD_0004073,medium
ORD_0004074,medium
ORD_0004075,medium
ORD_0004076,medium
ORD_0004077,low
ORD_0004078,low
ORD_0004079,medium
ORD_0004080,low
ORD_0004081,high
ORD_0004082,low
ORD_0004083,high
ORD_0004084,medium
ORD_0004085,high
ORD_0004086,low
ORD_0004087,high
ORD_0004088,low
ORD_0004089,low
ORD_0004090,high
ORD_0004091,low
ORD_0004092,medium
ORD_0004093,high
ORD_0004094,low
ORD_0004095,low
ORD_0004096,medium
ORD_0004097,low
ORD_0004098,high
ORD_0004099,high
ORD_0004100,low
ORD_0004101,low
ORD_0004102,low
ORD_0004103,low
ORD_0004104,medium
ORD_0004105,low
ORD_0004106,medium
ORD_0004107,high
ORD_0004108,medium
ORD_0004109,medium
ORD_0004110,low
ORD_0004111,high
ORD_0004112,medium
ORD_0004113,high
ORD_0004114,medium
ORD_0004115,low
ORD_0004116,low
ORD_0004117,low
ORD_0004118,medium
ORD_0004119,low
ORD_0004120,low
ORD_0004121,low
ORD_0004122,low
ORD_0004123,medium
ORD_0004124,medium
ORD_0004125,low
ORD_0004126,low
ORD_0004127,low
ORD_0004128,medium
ORD_0004129,medium
ORD_0004130,medium
ORD_0004131,high
ORD_0004132,low
ORD_0004133,low
ORD_0004134,low
ORD_0004135,low
ORD_0004136,high
ORD_0004137,low
ORD_0004138,medium
ORD_0004139,high
ORD_0004140,low
ORD_0004141,low
ORD_0004142,high
ORD_0004143,low
ORD_0004144,medium
ORD_0004145,medium
ORD_0004146,high
ORD_0004147,medium
ORD_0004148,medium
ORD_0004149,low
ORD_0004150,medium
ORD_0004151,low
ORD_0004152,low
ORD_0004153,high
ORD_0004154,low
ORD_0004155,medium
ORD_0004156,high
ORD_0004157,high
ORD_0004158,low
ORD_0004159,medium
ORD_0004160,low
ORD_0004161,low
ORD_0004162,high
ORD_0004163,low
ORD_0004164,medium
ORD_0004165,low
ORD_0004166,low
ORD_0004167,medium
ORD_0004168,low
ORD_0004169,high
ORD_0004170,low
ORD_0004171,medium
ORD_0004172,high
ORD_0004173,low
ORD_0004174,high
ORD_0004175,low
ORD_0004176,high
ORD_0004177,low
ORD_0004178,low
ORD_0004179,high
ORD_0004180,low
ORD_0004181,medium
ORD_0004182,low
ORD_0004183,low
ORD_0004184,medium
ORD_0004185,high
ORD_0004186,low
ORD_0004187,low
ORD_0004188,high
ORD_0004189,medium
ORD_0004190,low
ORD_0004191,medium
ORD_0004192,medium
ORD_0004193,medium
ORD_0004194,high
ORD_0004195,medium
ORD_0004196,low
ORD_0004197,medium
ORD_0004198,low
ORD_0004199,high
ORD_0004200,low
ORD_0004201,medium
ORD_0004202,low
ORD_0004203,low
ORD_0004204,medium
ORD_0004205,high
ORD_0004206,medium
ORD_0004207,low
ORD_0004208,low
ORD_0004209,medium
ORD_0004210,low
ORD_0004211,low
ORD_0004212,high
ORD_0004213,low
ORD_0004214,high
ORD_0004215,high
ORD_0004216,low
ORD_0004217,low
ORD_0004218,low
ORD_0004219,low
ORD_0004220,low
ORD_0004221,low
ORD_0004222,low
ORD_0004223,medium
ORD_0004224,low
ORD_0004225,medium
ORD_0004226,low
ORD_0004227,medium
ORD_0004228,medium
ORD_0004229,high
ORD_0004230,high
ORD_0004231,high
ORD_0004232,high
ORD_0004233,low
ORD_0004234,high
ORD_0004235,high
ORD_0004236,low
ORD_0004237,medium
ORD_0004238,high
ORD_0004239,low
ORD_0004240,low
ORD_0004241,low
ORD_0004242,medium
ORD_0004243,low
ORD_0004244,medium
ORD_0004245,low
ORD_0004246,medium
ORD_0004247,high
ORD_0004248,low
ORD_0004249,low
ORD_0004250,high
ORD_0004251,high
ORD_0004252,low
ORD_0004253,low
ORD_0004254,medium
ORD_0004255,low
ORD_0004256,low
ORD_0004257,low
ORD_0004258,low
ORD_0004259,low
ORD_0004260,medium
ORD_0004261,low
ORD_0004262,medium
ORD_0004263,medium
ORD_0004264,medium
ORD_0004265,high
ORD_0004266,medium
ORD_0004267,medium
ORD_0004268,medium
ORD_0004269,medium
ORD_0004270,low
ORD_0004271,low
ORD_0004272,low
ORD_0004273,low
ORD_0004274,low
ORD_0004275,low
ORD_0004276,low
ORD_0004277,low
ORD_0004278,low
ORD_0004279,medium
ORD_0004280,high
ORD_0004281,low
ORD_0004282,low
ORD_0004283,medium
ORD_0004284,medium
ORD_0004285,low
ORD_0004286,high
ORD_0004287,medium
ORD_0004288,high
ORD_0004289,low
ORD_0004290,low
ORD_0004291,medium
ORD_0004292,low
ORD_0004293,low
ORD_0004294,low
ORD_0004295,low
ORD_0004296,low
ORD_0004297,low
ORD_0004298,medium
ORD_0004299,low
ORD_0004300,medium
ORD_0004301,high
ORD_0004302,medium
ORD_0004303,low
ORD_0004304,low
ORD_0004305,medium
ORD_0004306,medium
ORD_0004307,low
ORD_0004308,medium
ORD_0004309,medium
ORD_0004310,low
ORD_0004311,high
ORD_0004312,medium
ORD_0004313,medium
ORD_0004314,high
ORD_0004315,low
ORD_0004316,low
ORD_0004317,low
ORD_0004318,medium
ORD_0004319,low
ORD_0004320,high
ORD_0004321,low
ORD_0004322,low
ORD_0004323,medium
ORD_0004324,low
ORD_0004325,medium
ORD_0004326,high
ORD_0004327,low
ORD_0004328,medium
ORD_0004329,low
ORD_0004330,medium
ORD_0004331,low
ORD_0004332,low
ORD_0004333,low
ORD_0004334,high
ORD_0004335,medium
ORD_0004336,medium
ORD_0004337,low
ORD_0004338,low
ORD_0004339,high
ORD_0004340,medium
ORD_0004341,low
ORD_0004342,low
ORD_0004343,low
ORD_0004344,low
ORD_0004345,high
ORD_0004346,low
ORD_0004347,high
ORD_0004348,low
ORD_0004349,medium
ORD_0004350,medium
ORD_0004351,medium
ORD_0004352,high
ORD_0004353,medium
ORD_0004354,high
ORD_0004355,high
ORD_0004356,medium
ORD_0004357,medium
ORD_0004358,low
ORD_0004359,low
ORD_0004360,low
ORD_0004361,low
ORD_0004362,medium
ORD_0004363,high
ORD_0004364,low
ORD_0004365,low
ORD_0004366,low
ORD_0004367,low
ORD_0004368,high
ORD_0004369,low
ORD_0004370,medium
ORD_0004371,high
ORD_0004372,medium
ORD_0004373,low
ORD_0004374,low
ORD_0004375,low
ORD_0004376,high
ORD_0004377,low
ORD_0004378,medium
ORD_0004379,low
ORD_0004380,high
ORD_0004381,low
ORD_0004382,high
ORD_0004383,medium
ORD_0004384,medium
ORD_0004385,medium
ORD_0004386,low
ORD_0004387,high
ORD_0004388,medium
ORD_0004389,medium
ORD_0004390,low
ORD_0004391,high
ORD_0004392,low
ORD_0004393,medium
ORD_0004394,medium
ORD_0004395,high
ORD_0004396,medium
ORD_0004397,medium
ORD_0004398,low
ORD_0004399,high
ORD_0004400,low
ORD_0004401,low
ORD_0004402,low
ORD_0004403,high
ORD_0004404,low
ORD_0004405,medium
ORD_0004406,medium
ORD_0004407,high
ORD_0004408,low
ORD_0004409,medium
ORD_0004410,medium
ORD_0004411,medium
ORD_0004412,medium
ORD_0004413,medium
ORD_0004414,medium
ORD_0004415,low
ORD_0004416,medium
ORD_0004417,medium
ORD_0004418,high
ORD_0004419,high
ORD_0004420,low
ORD_0004421,low
ORD_0004422,high
ORD_0004423,low
ORD_0004424,low
ORD_0004425,low
ORD_0004426,low
ORD_0004427,medium
ORD_0004428,low
ORD_0004429,low
ORD_0004430,medium
ORD_0004431,high
ORD_0004432,low
ORD_0004433,high
ORD_0004434,high
ORD_0004435,medium
ORD_0004436,medium
ORD_0004437,low
ORD_0004438,medium
ORD_0004439,high
ORD_0004440,high
ORD_0004441,high
ORD_0004442,low
ORD_0004443,low
ORD_0004444,low
ORD_0004445,low
ORD_0004446,low
ORD_0004447,medium
ORD_0004448,low
ORD_0004449,medium
ORD_0004450,low
ORD_0004451,medium
ORD_0004452,medium
ORD_0004453,high
ORD_0004454,low
ORD_0004455,low
ORD_0004456,low
ORD_0004457,high
ORD_0004458,low
ORD_0004459,low
ORD_0004460,medium
ORD_0004461,low
ORD_0004462,low
ORD_0004463,medium
ORD_0004464,low
ORD_0004465,high
ORD_0004466,low
ORD_0004467,medium
ORD_0004468,medium
ORD_0004469,low
ORD_0004470,low
ORD_0004471,medium
ORD_0004472,low
ORD_0004473,low
ORD_0004474,low
ORD_0004475,high
ORD_0004476,low
ORD_0004477,low
ORD_0004478,medium
ORD_0004479,low
ORD_0004480,medium
ORD_0004481,low
ORD_0004482,medium
ORD_0004483,medium
ORD_0004484,low
ORD_0004485,low
ORD_0004486,high
ORD_0004487,medium
ORD_0004488,low
ORD_0004489,low
ORD_0004490,low
ORD_0004491,low
ORD_0004492,low
ORD_0004493,low
ORD_0004494,high
ORD_0004495,medium
ORD_0004496,high
ORD_0004497,high
ORD_0004498,low
ORD_0004499,low
ORD_0004500,low
ORD_0004501,low
ORD_0004502,high
ORD_0004503,low
ORD_0004504,low
ORD_0004505,low
ORD_0004506,low
ORD_0004507,low
ORD_0004508,medium
ORD_0004509,medium
ORD_0004510,low
ORD_0004511,low
ORD_0004512,low
ORD_0004513,medium
ORD_0004514,low
ORD_0004515,low
ORD_0004516,medium
ORD_0004517,low
ORD_0004518,low
ORD_0004519,low
ORD_0004520,medium
ORD_0004521,medium
ORD_0004522,high
ORD_0004523,medium
ORD_0004524,low
ORD_0004525,medium
ORD_0004526,medium
ORD_0004527,low
ORD_0004528,high
ORD_0004529,low
ORD_0004530,low
ORD_0004531,medium
ORD_0004532,low
ORD_0004533,medium
ORD_0004534,low
ORD_0004535,medium
ORD_0004536,low
ORD_0004537,medium
ORD_0004538,low
ORD_0004539,medium
ORD_0004540,low
ORD_0004541,high
ORD_0004542,medium
ORD_0004543,low
ORD_0004544,low
ORD_0004545,low
ORD_0004546,low
ORD_0004547,low
ORD_0004548,low
ORD_0004549,high
ORD_0004550,high
ORD_0004551,low
ORD_0004552,low
ORD_0004553,high
ORD_0004554,low
ORD_0004555,medium
ORD_0004556,low
ORD_0004557,low
ORD_0004558,low
ORD_0004559,low
ORD_0004560,high
ORD_0004561,low
ORD_0004562,medium
ORD_0004563,low
ORD_0004564,medium
ORD_0004565,low
ORD_0004566,low
ORD_0004567,high
ORD_0004568,low
ORD_0004569,high
ORD_0004570,low
ORD_0004571,medium
ORD_0004572,low
ORD_0004573,medium
ORD_0004574,low
ORD_0004575,low
ORD_0004576,high
ORD_0004577,medium
ORD_0004578,high
ORD_0004579,medium
ORD_0004580,medium
ORD_0004581,medium
ORD_0004582,medium
ORD_0004583,high
ORD_0004584,low
ORD_0004585,low
ORD_0004586,medium
ORD_0004587,high
ORD_0004588,high
ORD_0004589,medium
ORD_0004590,medium
ORD_0004591,low
ORD_0004592,medium
ORD_0004593,high
ORD_0004594,low
ORD_0004595,low
ORD_0004596,medium
ORD_0004597,low
ORD_0004598,high
ORD_0004599,high
ORD_0004600,low
ORD_0004601,medium
ORD_0004602,low
ORD_0004603,medium
ORD_0004604,low
ORD_0004605,low
ORD_0004606,high
ORD_0004607,low
ORD_0004608,medium
ORD_0004609,low
ORD_0004610,medium
ORD_0004611,medium
ORD_0004612,low
ORD_0004613,low
ORD_0004614,low
ORD_0004615,low
ORD_0004616,low
ORD_0004617,medium
ORD_0004618,low
ORD_0004619,low
ORD_0004620,low
ORD_0004621,low
ORD_0004622,high
ORD_0004623,medium
ORD_0004624,medium
ORD_0004625,medium
ORD_0004626,high
ORD_0004627,low
ORD_0004628,low
ORD_0004629,low
ORD_0004630,medium
ORD_0004631,low
ORD_0004632,high
ORD_0004633,medium
ORD_0004634,high
ORD_0004635,low
ORD_0004636,low
ORD_0004637,high
ORD_0004638,low
ORD_0004639,low
ORD_0004640,medium
ORD_0004641,high
ORD_0004642,low
ORD_0004643,low
ORD_0004644,high
ORD_0004645,medium
ORD_0004646,low
ORD_0004647,medium
ORD_0004648,medium
ORD_0004649,low
ORD_0004650,low
ORD_0004651,low
ORD_0004652,low
ORD_0004653,low
ORD_0004654,low
ORD_0004655,medium
ORD_0004656,low
ORD_0004657,low
ORD_0004658,low
ORD_0004659,low
ORD_0004660,low
ORD_0004661,high
ORD_0004662,medium
ORD_0004663,high
ORD_0004664,low
ORD_0004665,high
ORD_0004666,low
ORD_0004667,high
ORD_0004668,medium
ORD_0004669,high
ORD_0004670,low
ORD_0004671,low
ORD_0004672,low
ORD_0004673,low
ORD_0004674,high
ORD_0004675,low
ORD_0004676,low
ORD_0004677,medium
ORD_0004678,medium
ORD_0004679,high
ORD_0004680,high
ORD_0004681,low
ORD_0004682,low
ORD_0004683,low
ORD_0004684,medium
ORD_0004685,low
ORD_0004686,medium
ORD_0004687,high
ORD_0004688,low
ORD_0004689,medium
ORD_0004690,medium
ORD_0004691,medium
ORD_0004692,low
ORD_0004693,low
ORD_0004694,low
ORD_0004695,low
ORD_0004696,high
ORD_0004697,medium
ORD_0004698,low
ORD_0004699,medium
ORD_0004700,low
ORD_0004701,high
ORD_0004702,medium
ORD_0004703,low
ORD_0004704,medium
ORD_0004705,low
ORD_0004706,low
ORD_0004707,low
ORD_0004708,high
ORD_0004709,low
ORD_0004710,medium
ORD_0004711,high
ORD_0004712,low
ORD_0004713,medium
ORD_0004714,low
ORD_0004715,low
ORD_0004716,medium
ORD_0004717,medium
ORD_0004718,medium
ORD_0004719,low
ORD_0004720,high
ORD_0004721,low
ORD_0004722,low
ORD_0004723,low
ORD_0004724,low
ORD_0004725,medium
ORD_0004726,medium
ORD_0004727,low
ORD_0004728,low
ORD_0004729,high
ORD_0004730,low
ORD_0004731,low
ORD_0004732,medium
ORD_0004733,low
ORD_0004734,low
ORD_0004735,medium
ORD_0004736,high
ORD_0004737,medium
ORD_0004738,low
ORD_0004739,low
ORD_0004740,low
ORD_0004741,medium
ORD_0004742,low
ORD_0004743,low
ORD_0004744,low
ORD_0004745,low
ORD_0004746,medium
ORD_0004747,low
ORD_0004748,medium
ORD_0004749,high
ORD_0004750,medium
ORD_0004751,high
ORD_0004752,low
ORD_0004753,high
ORD_0004754,low
ORD_0004755,medium
ORD_0004756,low
ORD_0004757,low
ORD_0004758,medium
ORD_0004759,low
ORD_0004760,medium
ORD_0004761,medium
ORD_0004762,medium
ORD_0004763,low
ORD_0004764,medium
ORD_0004765,low
ORD_0004766,medium
ORD_0004767,medium
ORD_0004768,low
ORD_0004769,low
ORD_0004770,low
ORD_0004771,medium
ORD_0004772,low
ORD_0004773,medium
ORD_0004774,high
ORD_0004775,high
ORD_0004776,low
ORD_0004777,low
ORD_0004778,medium
ORD_0004779,low
ORD_0004780,low
ORD_0004781,low
ORD_0004782,low
ORD_0004783,high
ORD_0004784,low
ORD_0004785,high
ORD_0004786,low
ORD_0004787,low
ORD_0004788,low
ORD_0004789,medium
ORD_0004790,high
ORD_0004791,medium
ORD_0004792,medium
ORD_0004793,high
ORD_0004794,low
ORD_0004795,low
ORD_0004796,medium
ORD_0004797,medium
ORD_0004798,high
ORD_0004799,medium
ORD_0004800,medium
ORD_0004801,medium
ORD_0004802,high
ORD_0004803,low
ORD_0004804,low
ORD_0004805,low
ORD_0004806,low
ORD_0004807,low
ORD_0004808,medium
ORD_0004809,high
ORD_0004810,medium
ORD_0004811,medium
ORD_0004812,high
ORD_0004813,medium
ORD_0004814,medium
ORD_0004815,low
ORD_0004816,low
ORD_0004817,medium
ORD_0004818,high
ORD_0004819,medium
ORD_0004820,low
ORD_0004821,high
ORD_0004822,high
ORD_0004823,low
ORD_0004824,high
ORD_0004825,high
ORD_0004826,low
ORD_0004827,medium
ORD_0004828,low
ORD_0004829,low
ORD_0004830,high
ORD_0004831,low
ORD_0004832,medium
ORD_0004833,low
ORD_0004834,low
ORD_0004835,low
ORD_0004836,low
ORD_0004837,low
ORD_0004838,low
ORD_0004839,low
ORD_0004840,medium
ORD_0004841,low
ORD_0004842,low
ORD_0004843,high
ORD_0004844,medium
ORD_0004845,low
ORD_0004846,high
ORD_0004847,low
ORD_0004848,medium
ORD_0004849,medium
ORD_0004850,medium
ORD_0004851,low
ORD_0004852,low
ORD_0004853,low
ORD_0004854,low
ORD_0004855,low
ORD_0004856,medium
ORD_0004857,medium
ORD_0004858,low
ORD_0004859,medium
ORD_0004860,low
ORD_0004861,low
ORD_0004862,high
ORD_0004863,low
ORD_0004864,medium
ORD_0004865,medium
ORD_0004866,low
ORD_0004867,medium
ORD_0004868,low
ORD_0004869,high
ORD_0004870,high
ORD_0004871,low
ORD_0004872,low
ORD_0004873,medium
ORD_0004874,low
ORD_0004875,high
ORD_0004876,low
ORD_0004877,medium
ORD_0004878,medium
ORD_0004879,low
ORD_0004880,medium
ORD_0004881,low
ORD_0004882,high
ORD_0004883,medium
ORD_0004884,medium
ORD_0004885,medium
ORD_0004886,low
ORD_0004887,medium
ORD_0004888,low
ORD_0004889,medium
ORD_0004890,low
ORD_0004891,low
ORD_0004892,low
ORD_0004893,medium
ORD_0004894,low
ORD_0004895,low
ORD_0004896,medium
ORD_0004897,high
ORD_0004898,low
ORD_0004899,low
ORD_0004900,low
ORD_0004901,high
ORD_0004902,medium
ORD_0004903,high
ORD_0004904,medium
ORD_0004905,low
ORD_0004906,medium
ORD_0004907,medium
ORD_0004908,low
ORD_0004909,high
ORD_0004910,high
ORD_0004911,high
ORD_0004912,low
ORD_0004913,low
ORD_0004914,high
ORD_0004915,low
ORD_0004916,low
ORD_0004917,low
ORD_0004918,low
ORD_0004919,low
ORD_0004920,low
ORD_0004921,low
ORD_0004922,high
ORD_0004923,low
ORD_0004924,medium
ORD_0004925,low
ORD_0004926,medium
ORD_0004927,medium
ORD_0004928,medium
ORD_0004929,medium
ORD_0004930,high
ORD_0004931,medium
ORD_0004932,medium
ORD_0004933,low
ORD_0004934,low
ORD_0004935,medium
ORD_0004936,medium
ORD_0004937,low
ORD_0004938,medium
ORD_0004939,high
ORD_0004940,low
ORD_0004941,high
ORD_0004942,low
ORD_0004943,high
ORD_0004944,high
ORD_0004945,low
ORD_0004946,low
ORD_0004947,low
ORD_0004948,high
ORD_0004949,low
ORD_0004950,low
ORD_0004951,low
ORD_0004952,low
ORD_0004953,medium
ORD_0004954,low
ORD_0004955,low
ORD_0004956,low
ORD_0004957,low
ORD_0004958,high
ORD_0004959,medium
ORD_0004960,high
ORD_0004961,low
ORD_0004962,low
ORD_0004963,medium
ORD_0004964,high
ORD_0004965,high
ORD_0004966,medium
ORD_0004967,high
ORD_0004968,medium
ORD_0004969,high
ORD_0004970,low
ORD_0004971,low
ORD_0004972,medium
ORD_0004973,low
ORD_0004974,medium
ORD_0004975,low
ORD_0004976,low
ORD_0004977,low
ORD_0004978,medium
ORD_0004979,low
ORD_0004980,medium
ORD_0004981,low
ORD_0004982,high
ORD_0004983,low
ORD_0004984,high
ORD_0004985,low
ORD_0004986,high
ORD_0004987,low
ORD_0004988,low
ORD_0004989,low
ORD_0004990,high
ORD_0004991,medium
ORD_0004992,medium
ORD_0004993,high
ORD_0004994,medium
ORD_0004995,low
ORD_0004996,low
ORD_0004997,high
ORD_0004998,low
ORD_0004999,low
ORD_0005000,high
ORD_0005001,low
ORD_0005002,low
ORD_0005003,medium
ORD_0005004,low
ORD_0005005,low
ORD_0005006,low
ORD_0005007,medium
ORD_0005008,low
ORD_0005009,low
ORD_0005010,low
ORD_0005011,low
ORD_0005012,low
ORD_0005013,low
ORD_0005014,medium
ORD_0005015,medium
ORD_0005016,low
ORD_0005017,low
ORD_0005018,high
ORD_0005019,high
ORD_0005020,medium
ORD_0005021,high
ORD_0005022,high
ORD_0005023,low
ORD_0005024,low
ORD_0005025,medium
ORD_0005026,high
ORD_0005027,low
ORD_0005028,low
ORD_0005029,low
ORD_0005030,low
ORD_0005031,medium
ORD_0005032,medium
ORD_0005033,low
ORD_0005034,low
ORD_0005035,low
ORD_0005036,low
ORD_0005037,medium
ORD_0005038,medium
ORD_0005039,medium
ORD_0005040,medium
ORD_0005041,high
ORD_0005042,low
ORD_0005043,high
ORD_0005044,low
ORD_0005045,low
ORD_0005046,high
ORD_0005047,low
ORD_0005048,low
ORD_0005049,low
ORD_0005050,medium
ORD_0005051,low
ORD_0005052,low
ORD_0005053,low
ORD_0005054,medium
ORD_0005055,high
ORD_0005056,low
ORD_0005057,medium
ORD_0005058,medium
ORD_0005059,low
ORD_0005060,high
ORD_0005061,low
ORD_0005062,low
ORD_0005063,medium
ORD_0005064,low
ORD_0005065,medium
ORD_0005066,low
ORD_0005067,medium
ORD_0005068,low
ORD_0005069,low
ORD_0005070,high
ORD_0005071,low
ORD_0005072,medium
ORD_0005073,medium
ORD_0005074,low
ORD_0005075,low
ORD_0005076,low
ORD_0005077,low
ORD_0005078,low
ORD_0005079,medium
ORD_0005080,low
ORD_0005081,medium
ORD_0005082,low
ORD_0005083,low
ORD_0005084,low
ORD_0005085,low
ORD_0005086,medium
ORD_0005087,low
ORD_0005088,medium
ORD_0005089,high
ORD_0005090,low
ORD_0005091,medium
ORD_0005092,low
ORD_0005093,high
ORD_0005094,low
ORD_0005095,high
ORD_0005096,low
ORD_0005097,medium
ORD_0005098,low
ORD_0005099,high
ORD_0005100,low
ORD_0005101,medium
ORD_0005102,medium
ORD_0005103,medium
ORD_0005104,medium
ORD_0005105,low
ORD_0005106,high
ORD_0005107,medium
ORD_0005108,medium
ORD_0005109,low
ORD_0005110,low
ORD_0005111,low
ORD_0005112,medium
ORD_0005113,medium
ORD_0005114,low
ORD_0005115,low
ORD_0005116,low
ORD_0005117,medium
ORD_0005118,low
ORD_0005119,low
ORD_0005120,low
ORD_0005121,low
ORD_0005122,high
ORD_0005123,low
ORD_0005124,high
ORD_0005125,low
ORD_0005126,high
ORD_0005127,low
ORD_0005128,low
ORD_0005129,low
ORD_0005130,high
ORD_0005131,medium
ORD_0005132,low
ORD_0005133,medium
ORD_0005134,low
ORD_0005135,low
ORD_0005136,low
ORD_0005137,high
ORD_0005138,low
ORD_0005139,low
ORD_0005140,high
ORD_0005141,low
ORD_0005142,medium
ORD_0005143,low
ORD_0005144,medium
ORD_0005145,high
ORD_0005146,high
ORD_0005147,low
ORD_0005148,medium
ORD_0005149,high
ORD_0005150,low
ORD_0005151,low
ORD_0005152,medium
ORD_0005153,high
ORD_0005154,low
ORD_0005155,medium
ORD_0005156,low
ORD_0005157,medium
ORD_0005158,low
ORD_0005159,low
ORD_0005160,medium
ORD_0005161,low
ORD_0005162,high
ORD_0005163,low
ORD_0005164,medium
ORD_0005165,low
ORD_0005166,medium
ORD_0005167,low
ORD_0005168,low
ORD_0005169,low
ORD_0005170,low
ORD_0005171,low
ORD_0005172,medium
ORD_0005173,low
ORD_0005174,low
ORD_0005175,low
ORD_0005176,medium
ORD_0005177,medium
ORD_0005178,medium
ORD_0005179,low
ORD_0005180,low
ORD_0005181,low
ORD_0005182,low
ORD_0005183,low
ORD_0005184,medium
ORD_0005185,medium
ORD_0005186,medium
ORD_0005187,medium
ORD_0005188,medium
ORD_0005189,medium
ORD_0005190,medium
ORD_0005191,low
ORD_0005192,low
ORD_0005193,low
ORD_0005194,low
ORD_0005195,low
ORD_0005196,low
ORD_0005197,medium
ORD_0005198,medium
ORD_0005199,high
ORD_0005200,low
ORD_0005201,low
ORD_0005202,low
ORD_0005203,low
ORD_0005204,medium
ORD_0005205,medium
ORD_0005206,low
ORD_0005207,low
ORD_0005208,medium
ORD_0005209,low
ORD_0005210,high
ORD_0005211,medium
ORD_0005212,low
ORD_0005213,medium
ORD_0005214,medium
ORD_0005215,high
ORD_0005216,low
ORD_0005217,medium
ORD_0005218,medium
ORD_0005219,high
ORD_0005220,low
ORD_0005221,high
ORD_0005222,low
ORD_0005223,medium
ORD_0005224,medium
ORD_0005225,low
ORD_0005226,low
ORD_0005227,medium
ORD_0005228,low
ORD_0005229,medium
ORD_0005230,high
ORD_0005231,high
ORD_0005232,high
ORD_0005233,medium
ORD_0005234,low
ORD_0005235,high
ORD_0005236,high
ORD_0005237,medium
ORD_0005238,low
ORD_0005239,low
ORD_0005240,low
ORD_0005241,medium
ORD_0005242,medium
ORD_0005243,medium
ORD_0005244,high
ORD_0005245,high
ORD_0005246,high
ORD_0005247,high
ORD_0005248,low
ORD_0005249,low
ORD_0005250,low
ORD_0005251,medium
ORD_0005252,medium
ORD_0005253,medium
ORD_0005254,high
ORD_0005255,low
ORD_0005256,low
ORD_0005257,medium
ORD_0005258,low
ORD_0005259,medium
ORD_0005260,low
ORD_0005261,medium
ORD_0005262,medium
ORD_0005263,low
ORD_0005264,medium
ORD_0005265,high
ORD_0005266,medium
ORD_0005267,low
ORD_0005268,medium
ORD_0005269,high
ORD_0005270,low
ORD_0005271,low
ORD_0005272,low
ORD_0005273,medium
ORD_0005274,low
ORD_0005275,high
ORD_0005276,low
ORD_0005277,medium
ORD_0005278,medium
ORD_0005279,low
ORD_0005280,high
ORD_0005281,high
ORD_0005282,medium
ORD_0005283,low
ORD_0005284,medium
ORD_0005285,low
ORD_0005286,medium
ORD_0005287,medium
ORD_0005288,high
ORD_0005289,low
ORD_0005290,low
ORD_0005291,medium
ORD_0005292,low
ORD_0005293,high
ORD_0005294,high
ORD_0005295,high
ORD_0005296,low
ORD_0005297,medium
ORD_0005298,low
ORD_0005299,high
ORD_0005300,high
ORD_0005301,low
ORD_0005302,low
ORD_0005303,low
ORD_0005304,medium
ORD_0005305,medium
ORD_0005306,low
ORD_0005307,medium
ORD_0005308,medium
ORD_0005309,medium
ORD_0005310,high
ORD_0005311,low
ORD_0005312,medium
ORD_0005313,low
ORD_0005314,medium
ORD_0005315,low
ORD_0005316,medium
ORD_0005317,low
ORD_0005318,low
ORD_0005319,medium
ORD_0005320,low
ORD_0005321,low
ORD_0005322,low
ORD_0005323,high
ORD_0005324,medium
ORD_0005325,low
ORD_0005326,low
ORD_0005327,high
ORD_0005328,high
ORD_0005329,low
ORD_0005330,medium
ORD_0005331,low
ORD_0005332,low
ORD_0005333,high
ORD_0005334,medium
ORD_0005335,low
ORD_0005336,medium
ORD_0005337,medium
ORD_0005338,medium
ORD_0005339,low
ORD_0005340,medium
ORD_0005341,low
ORD_0005342,medium
ORD_0005343,medium
ORD_0005344,high
ORD_0005345,low
ORD_0005346,medium
ORD_0005347,high
ORD_0005348,low
ORD_0005349,medium
ORD_0005350,low
ORD_0005351,high
ORD_0005352,low
ORD_0005353,medium
ORD_0005354,medium
ORD_0005355,low
ORD_0005356,medium
ORD_0005357,low
ORD_0005358,low
ORD_0005359,low
ORD_0005360,high
ORD_0005361,high
ORD_0005362,high
ORD_0005363,low
ORD_0005364,low
ORD_0005365,high
ORD_0005366,low
ORD_0005367,high
ORD_0005368,low
ORD_0005369,medium
ORD_0005370,low
ORD_0005371,medium
ORD_0005372,high
ORD_0005373,medium
ORD_0005374,low
ORD_0005375,medium
ORD_0005376,medium
ORD_0005377,high
ORD_0005378,low
ORD_0005379,low
ORD_0005380,low
ORD_0005381,low
ORD_0005382,medium
ORD_0005383,low
ORD_0005384,low
ORD_0005385,low
ORD_0005386,high
ORD_0005387,medium
ORD_0005388,low
ORD_0005389,medium
ORD_0005390,medium
ORD_0005391,medium
ORD_0005392,high
ORD_0005393,low
ORD_0005394,low
ORD_0005395,low
ORD_0005396,medium
ORD_0005397,medium
ORD_0005398,low
ORD_0005399,medium
ORD_0005400,high
ORD_0005401,low
ORD_0005402,low
ORD_0005403,medium
ORD_0005404,high
ORD_0005405,low
ORD_0005406,high
ORD_0005407,low
ORD_0005408,medium
ORD_0005409,high
ORD_0005410,low
ORD_0005411,medium
ORD_0005412,high
ORD_0005413,high
ORD_0005414,low
ORD_0005415,low
ORD_0005416,high
ORD_0005417,low
ORD_0005418,low
ORD_0005419,medium
ORD_0005420,high
ORD_0005421,low
ORD_0005422,medium
ORD_0005423,low
ORD_0005424,low
ORD_0005425,low
ORD_0005426,medium
ORD_0005427,low
ORD_0005428,medium
ORD_0005429,low
ORD_0005430,low
ORD_0005431,low
ORD_0005432,medium
ORD_0005433,medium
ORD_0005434,low
ORD_0005435,low
ORD_0005436,low
ORD_0005437,medium
ORD_0005438,low
ORD_0005439,medium
ORD_0005440,low
ORD_0005441,medium
ORD_0005442,low
ORD_0005443,low
ORD_0005444,high
ORD_0005445,low
ORD_0005446,low
ORD_0005447,low
ORD_0005448,low
ORD_0005449,low
ORD_0005450,high
ORD_0005451,low
ORD_0005452,medium
ORD_0005453,medium
ORD_0005454,high
ORD_0005455,low
ORD_0005456,low
ORD_0005457,low
ORD_0005458,low
ORD_0005459,medium
ORD_0005460,low
ORD_0005461,low
ORD_0005462,high
ORD_0005463,low
ORD_0005464,medium
ORD_0005465,low
ORD_0005466,low
ORD_0005467,medium
ORD_0005468,low
ORD_0005469,low
ORD_0005470,low
ORD_0005471,low
ORD_0005472,low
ORD_0005473,low
ORD_0005474,high
ORD_0005475,medium
ORD_0005476,low
ORD_0005477,low
ORD_0005478,high
ORD_0005479,medium
ORD_0005480,medium
ORD_0005481,low
ORD_0005482,low
ORD_0005483,low
ORD_0005484,low
ORD_0005485,medium
ORD_0005486,medium
ORD_0005487,low
ORD_0005488,medium
ORD_0005489,low
ORD_0005490,medium
ORD_0005491,low
ORD_0005492,high
ORD_0005493,medium
ORD_0005494,low
ORD_0005495,high
ORD_0005496,low
ORD_0005497,medium
ORD_0005498,medium
ORD_0005499,low
ORD_0005500,low
ORD_0005501,high
ORD_0005502,low
ORD_0005503,low
ORD_0005504,medium
ORD_0005505,low
ORD_0005506,low
ORD_0005507,high
ORD_0005508,low
ORD_0005509,medium
ORD_0005510,high
ORD_0005511,low
ORD_0005512,low
ORD_0005513,low
ORD_0005514,low
ORD_0005515,low
ORD_0005516,medium
ORD_0005517,medium
ORD_0005518,high
ORD_0005519,low
ORD_0005520,low
ORD_0005521,low
ORD_0005522,low
ORD_0005523,high
ORD_0005524,medium
ORD_0005525,medium
ORD_0005526,medium
ORD_0005527,high
ORD_0005528,low
ORD_0005529,low
ORD_0005530,low
ORD_0005531,low
ORD_0005532,medium
ORD_0005533,low
ORD_0005534,low
ORD_0005535,low
ORD_0005536,low
ORD_0005537,low
ORD_0005538,medium
ORD_0005539,high
ORD_0005540,low
ORD_0005541,low
ORD_0005542,low
ORD_0005543,high
ORD_0005544,low
ORD_0005545,high
ORD_0005546,medium
ORD_0005547,medium
ORD_0005548,medium
ORD_0005549,low
ORD_0005550,high
ORD_0005551,low
ORD_0005552,low
ORD_0005553,low
ORD_0005554,high
ORD_0005555,medium
ORD_0005556,high
ORD_0005557,low
ORD_0005558,low
ORD_0005559,medium
ORD_0005560,low
ORD_0005561,high
ORD_0005562,low
ORD_0005563,medium
ORD_0005564,low
ORD_0005565,high
ORD_0005566,low
ORD_0005567,medium
ORD_0005568,low
ORD_0005569,low
ORD_0005570,low
ORD_0005571,medium
ORD_0005572,low
ORD_0005573,medium
ORD_0005574,high
ORD_0005575,medium
ORD_0005576,low
ORD_0005577,medium
ORD_0005578,high
ORD_0005579,high
ORD_0005580,medium
ORD_0005581,low
ORD_0005582,high
ORD_0005583,high
ORD_0005584,low
ORD_0005585,high
ORD_0005586,low
ORD_0005587,low
ORD_0005588,high
ORD_0005589,low
ORD_0005590,high
ORD_0005591,low
ORD_0005592,medium
ORD_0005593,medium
ORD_0005594,high
ORD_0005595,low
ORD_0005596,low
ORD_0005597,low
ORD_0005598,low
ORD_0005599,high
ORD_0005600,medium
ORD_0005601,low
ORD_0005602,high
ORD_0005603,low
ORD_0005604,high
ORD_0005605,medium
ORD_0005606,medium
ORD_0005607,low
ORD_0005608,low
ORD_0005609,low
ORD_0005610,high
ORD_0005611,medium
ORD_0005612,medium
ORD_0005613,low
ORD_0005614,low
ORD_0005615,medium
ORD_0005616,low
ORD_0005617,high
ORD_0005618,medium
ORD_0005619,low
ORD_0005620,high
ORD_0005621,low
ORD_0005622,low
ORD_0005623,low
ORD_0005624,high
ORD_0005625,high
ORD_0005626,high
ORD_0005627,high
ORD_0005628,medium
ORD_0005629,medium
ORD_0005630,low
ORD_0005631,low
ORD_0005632,low
ORD_0005633,low
ORD_0005634,low
ORD_0005635,low
ORD_0005636,high
ORD_0005637,high
ORD_0005638,medium
ORD_0005639,low
ORD_0005640,medium
ORD_0005641,low
ORD_0005642,medium
ORD_0005643,low
ORD_0005644,high
ORD_0005645,low
ORD_0005646,medium
ORD_0005647,medium
ORD_0005648,low
ORD_0005649,low
ORD_0005650,medium
ORD_0005651,low
ORD_0005652,low
ORD_0005653,medium
ORD_0005654,medium
ORD_0005655,medium
ORD_0005656,low
ORD_0005657,low
ORD_0005658,high
ORD_0005659,high
ORD_0005660,medium
ORD_0005661,medium
ORD_0005662,low
ORD_0005663,medium
ORD_0005664,low
ORD_0005665,low
ORD_0005666,medium
ORD_0005667,high
ORD_0005668,medium
ORD_0005669,high
ORD_0005670,low
ORD_0005671,low
ORD_0005672,low
ORD_0005673,low
ORD_0005674,medium
ORD_0005675,low
ORD_0005676,high
ORD_0005677,low
ORD_0005678,high
ORD_0005679,high
ORD_0005680,low
ORD_0005681,high
ORD_0005682,medium
ORD_0005683,low
ORD_0005684,low
ORD_0005685,low
ORD_0005686,low
ORD_0005687,low
ORD_0005688,low
ORD_0005689,low
ORD_0005690,high
ORD_0005691,medium
ORD_0005692,high
ORD_0005693,low
ORD_0005694,low
ORD_0005695,low
ORD_0005696,high
ORD_0005697,medium
ORD_0005698,medium
ORD_0005699,low
ORD_0005700,low
ORD_0005701,high
ORD_0005702,low
ORD_0005703,medium
ORD_0005704,medium
ORD_0005705,medium
ORD_0005706,low
ORD_0005707,medium
ORD_0005708,medium
ORD_0005709,low
ORD_0005710,high
ORD_0005711,high
ORD_0005712,high
ORD_0005713,high
ORD_0005714,low
ORD_0005715,high
ORD_0005716,low
ORD_0005717,medium
ORD_0005718,low
ORD_0005719,low
ORD_0005720,low
ORD_0005721,high
ORD_0005722,medium
ORD_0005723,high
ORD_0005724,medium
ORD_0005725,low
ORD_0005726,low
ORD_0005727,high
ORD_0005728,low
ORD_0005729,medium
ORD_0005730,medium
ORD_0005731,low
ORD_0005732,medium
ORD_0005733,high
ORD_0005734,low
ORD_0005735,low
ORD_0005736,high
ORD_0005737,low
ORD_0005738,low
ORD_0005739,low
ORD_0005740,low
ORD_0005741,low
ORD_0005742,medium
ORD_0005743,medium
ORD_0005744,low
ORD_0005745,low
ORD_0005746,low
ORD_0005747,low
ORD_0005748,high
ORD_0005749,medium
ORD_0005750,medium
ORD_0005751,medium
ORD_0005752,medium
ORD_0005753,medium
ORD_0005754,low
ORD_0005755,low
ORD_0005756,medium
ORD_0005757,low
ORD_0005758,high
ORD_0005759,medium
ORD_0005760,low
ORD_0005761,low
ORD_0005762,low
ORD_0005763,medium
ORD_0005764,low
ORD_0005765,low
ORD_0005766,low
ORD_0005767,high
ORD_0005768,high
ORD_0005769,low
ORD_0005770,low
ORD_0005771,low
ORD_0005772,low
ORD_0005773,medium
ORD_0005774,medium
ORD_0005775,low
ORD_0005776,medium
ORD_0005777,medium
ORD_0005778,medium
ORD_0005779,low
ORD_0005780,low
ORD_0005781,low
ORD_0005782,medium
ORD_0005783,low
ORD_0005784,low
ORD_0005785,high
ORD_0005786,low
ORD_0005787,low
ORD_0005788,low
ORD_0005789,low
ORD_0005790,medium
ORD_0005791,medium
ORD_0005792,low
ORD_0005793,high
ORD_0005794,high
ORD_0005795,low
ORD_0005796,low
ORD_0005797,high
ORD_0005798,high
ORD_0005799,low
ORD_0005800,low
ORD_0005801,high
ORD_0005802,high
ORD_0005803,low
ORD_0005804,medium
ORD_0005805,low
ORD_0005806,medium
ORD_0005807,high
ORD_0005808,high
ORD_0005809,high
ORD_0005810,low
ORD_0005811,low
ORD_0005812,low
ORD_0005813,medium
ORD_0005814,low
ORD_0005815,medium
ORD_0005816,low
ORD_0005817,low
ORD_0005818,high
ORD_0005819,high
ORD_0005820,low
ORD_0005821,low
ORD_0005822,high
ORD_0005823,low
ORD_0005824,low
ORD_0005825,medium
ORD_0005826,high
ORD_0005827,high
ORD_0005828,medium
ORD_0005829,medium
ORD_0005830,low
ORD_0005831,low
ORD_0005832,medium
ORD_0005833,medium
ORD_0005834,low
ORD_0005835,low
ORD_0005836,low
ORD_0005837,high
ORD_0005838,low
ORD_0005839,low
ORD_0005840,low
ORD_0005841,medium
ORD_0005842,low
ORD_0005843,low
ORD_0005844,high
ORD_0005845,low
ORD_0005846,low
ORD_0005847,low
ORD_0005848,low
ORD_0005849,high
ORD_0005850,high
ORD_0005851,low
ORD_0005852,medium
ORD_0005853,low
ORD_0005854,high
ORD_0005855,low
ORD_0005856,medium
ORD_0005857,medium
ORD_0005858,low
ORD_0005859,low
ORD_0005860,low
ORD_0005861,high
ORD_0005862,medium
ORD_0005863,high
ORD_0005864,high
ORD_0005865,low
ORD_0005866,medium
ORD_0005867,low
ORD_0005868,low
ORD_0005869,medium
ORD_0005870,medium
ORD_0005871,low
ORD_0005872,medium
ORD_0005873,low
ORD_0005874,medium
ORD_0005875,low
ORD_0005876,low
ORD_0005877,medium
ORD_0005878,high
ORD_0005879,low
ORD_0005880,medium
ORD_0005881,medium
ORD_0005882,high
ORD_0005883,high
ORD_0005884,low
ORD_0005885,medium
ORD_0005886,low
ORD_0005887,high
ORD_0005888,low
ORD_0005889,low
ORD_0005890,medium
ORD_0005891,medium
ORD_0005892,medium
ORD_0005893,low
ORD_0005894,medium
ORD_0005895,high
ORD_0005896,high
ORD_0005897,low
ORD_0005898,low
ORD_0005899,low
ORD_0005900,medium
ORD_0005901,medium
ORD_0005902,low
ORD_0005903,medium
ORD_0005904,high
ORD_0005905,low
ORD_0005906,medium
ORD_0005907,low
ORD_0005908,low
ORD_0005909,high
ORD_0005910,medium
ORD_0005911,low
ORD_0005912,low
ORD_0005913,high
ORD_0005914,low
ORD_0005915,medium
ORD_0005916,low
ORD_0005917,low
ORD_0005918,low
ORD_0005919,high
ORD_0005920,medium
ORD_0005921,high
ORD_0005922,medium
ORD_0005923,medium
ORD_0005924,high
ORD_0005925,low
ORD_0005926,low
ORD_0005927,low
ORD_0005928,medium
ORD_0005929,low
ORD_0005930,high
ORD_0005931,low
ORD_0005932,low
ORD_0005933,medium
ORD_0005934,low
ORD_0005935,low
ORD_0005936,medium
ORD_0005937,low
ORD_0005938,low
ORD_0005939,low
ORD_0005940,low
ORD_0005941,medium
ORD_0005942,low
ORD_0005943,low
ORD_0005944,high
ORD_0005945,high
ORD_0005946,low
ORD_0005947,low
ORD_0005948,low
ORD_0005949,high
ORD_0005950,medium
ORD_0005951,high
ORD_0005952,high
ORD_0005953,low
ORD_0005954,low
ORD_0005955,low
ORD_0005956,medium
ORD_0005957,low
ORD_0005958,low
ORD_0005959,low
ORD_0005960,low
ORD_0005961,low
ORD_0005962,medium
ORD_0005963,low
ORD_0005964,medium
ORD_0005965,low
ORD_0005966,low
ORD_0005967,low
ORD_0005968,low
ORD_0005969,low
ORD_0005970,medium
ORD_0005971,low
ORD_0005972,low
ORD_0005973,medium
ORD_0005974,high
ORD_0005975,high
ORD_0005976,low
ORD_0005977,low
ORD_0005978,low
ORD_0005979,high
ORD_0005980,high
ORD_0005981,medium
ORD_0005982,high
ORD_0005983,medium
ORD_0005984,low
ORD_0005985,high
ORD_0005986,low
ORD_0005987,low
ORD_0005988,medium
ORD_0005989,low
ORD_0005990,low
ORD_0005991,medium
ORD_0005992,high
ORD_0005993,medium
ORD_0005994,medium
ORD_0005995,low
ORD_0005996,high
ORD_0005997,low
ORD_0005998,low
ORD_0005999,low
ORD_0006000,high
ORD_0006001,low
ORD_0006002,low
ORD_0006003,low
ORD_0006004,medium
ORD_0006005,low
ORD_0006006,low
ORD_0006007,medium
ORD_0006008,medium
ORD_0006009,low
ORD_0006010,low
ORD_0006011,medium
ORD_0006012,medium
ORD_0006013,high
ORD_0006014,medium
ORD_0006015,medium
ORD_0006016,high
ORD_0006017,low
ORD_0006018,low
ORD_0006019,medium
ORD_0006020,low
ORD_0006021,low
ORD_0006022,low
ORD_0006023,medium
ORD_0006024,high
ORD_0006025,low
ORD_0006026,low
ORD_0006027,low
ORD_0006028,low
ORD_0006029,low
ORD_0006030,medium
ORD_0006031,low
ORD_0006032,high
ORD_0006033,low
ORD_0006034,medium
ORD_0006035,low
ORD_0006036,medium
ORD_0006037,medium
ORD_0006038,medium
ORD_0006039,low
ORD_0006040,medium
ORD_0006041,low
ORD_0006042,medium
ORD_0006043,medium
ORD_0006044,medium
ORD_0006045,high
ORD_0006046,low
ORD_0006047,medium
ORD_0006048,high
ORD_0006049,high
ORD_0006050,low
ORD_0006051,medium
ORD_0006052,medium
ORD_0006053,low
ORD_0006054,medium
ORD_0006055,low
ORD_0006056,high
ORD_0006057,low
ORD_0006058,low
ORD_0006059,medium
ORD_0006060,low
ORD_0006061,low
ORD_0006062,low
ORD_0006063,high
ORD_0006064,high
ORD_0006065,low
ORD_0006066,low
ORD_0006067,high
ORD_0006068,low
ORD_0006069,medium
ORD_0006070,high
ORD_0006071,medium
ORD_0006072,low
ORD_0006073,high
ORD_0006074,low
ORD_0006075,low
ORD_0006076,low
ORD_0006077,low
ORD_0006078,medium
ORD_0006079,high
ORD_0006080,low
ORD_0006081,low
ORD_0006082,medium
ORD_0006083,medium
ORD_0006084,low
ORD_0006085,low
ORD_0006086,medium
ORD_0006087,low
ORD_0006088,low
ORD_0006089,medium
ORD_0006090,low
ORD_0006091,low
ORD_0006092,high
ORD_0006093,medium
ORD_0006094,low
ORD_0006095,low
ORD_0006096,medium
ORD_0006097,medium
ORD_0006098,low
ORD_0006099,low
ORD_0006100,low
ORD_0006101,medium
ORD_0006102,high
ORD_0006103,low
ORD_0006104,low
ORD_0006105,medium
ORD_0006106,low
ORD_0006107,low
ORD_0006108,medium
ORD_0006109,medium
ORD_0006110,low
ORD_0006111,high
ORD_0006112,low
ORD_0006113,medium
ORD_0006114,high
ORD_0006115,low
ORD_0006116,low
ORD_0006117,high
ORD_0006118,high
ORD_0006119,low
ORD_0006120,high
ORD_0006121,low
ORD_0006122,medium
ORD_0006123,high
ORD_0006124,low
ORD_0006125,low
ORD_0006126,low
ORD_0006127,low
ORD_0006128,medium
ORD_0006129,low
ORD_0006130,low
ORD_0006131,medium
ORD_0006132,high
ORD_0006133,high
ORD_0006134,high
ORD_0006135,low
ORD_0006136,high
ORD_0006137,medium
ORD_0006138,low
ORD_0006139,low
ORD_0006140,medium
ORD_0006141,medium
ORD_0006142,medium
ORD_0006143,high
ORD_0006144,low
ORD_0006145,low
ORD_0006146,low
ORD_0006147,low
ORD_0006148,low
ORD_0006149,low
ORD_0006150,medium
ORD_0006151,high
ORD_0006152,low
ORD_0006153,low
ORD_0006154,low
ORD_0006155,high
ORD_0006156,medium
ORD_0006157,low
ORD_0006158,low
ORD_0006159,high
ORD_0006160,low
ORD_0006161,medium
ORD_0006162,low
ORD_0006163,low
ORD_0006164,medium
ORD_0006165,low
ORD_0006166,low
ORD_0006167,high
ORD_0006168,high
ORD_0006169,low
ORD_0006170,low
ORD_0006171,low
ORD_0006172,medium
ORD_0006173,low
ORD_0006174,low
ORD_0006175,low
ORD_0006176,low
ORD_0006177,medium
ORD_0006178,medium
ORD_0006179,low
ORD_0006180,medium
ORD_0006181,low
ORD_0006182,medium
ORD_0006183,low
ORD_0006184,low
ORD_0006185,low
ORD_0006186,medium
ORD_0006187,low
ORD_0006188,low
ORD_0006189,low
ORD_0006190,low
ORD_0006191,medium
ORD_0006192,low
ORD_0006193,medium
ORD_0006194,low
ORD_0006195,high
ORD_0006196,medium
ORD_0006197,low
ORD_0006198,low
ORD_0006199,medium
ORD_0006200,medium
ORD_0006201,low
ORD_0006202,high
ORD_0006203,low
ORD_0006204,medium
ORD_0006205,high
ORD_0006206,low
ORD_0006207,low
ORD_0006208,high
ORD_0006209,low
ORD_0006210,low
ORD_0006211,low
ORD_0006212,medium
ORD_0006213,medium
ORD_0006214,low
ORD_0006215,low
ORD_0006216,medium
ORD_0006217,low
ORD_0006218,medium
ORD_0006219,low
ORD_0006220,low
ORD_0006221,high
ORD_0006222,medium
ORD_0006223,low
ORD_0006224,medium
ORD_0006225,low
ORD_0006226,low
ORD_0006227,low
ORD_0006228,low
ORD_0006229,medium
ORD_0006230,low
ORD_0006231,medium
ORD_0006232,low
ORD_0006233,low
ORD_0006234,medium
ORD_0006235,low
ORD_0006236,low
ORD_0006237,low
ORD_0006238,low
ORD_0006239,medium
ORD_0006240,high
ORD_0006241,medium
ORD_0006242,medium
ORD_0006243,low
ORD_0006244,low
ORD_0006245,medium
ORD_0006246,low
ORD_0006247,low
ORD_0006248,medium
ORD_0006249,low
ORD_0006250,low
ORD_0006251,low
ORD_0006252,low
ORD_0006253,low
ORD_0006254,low
ORD_0006255,medium
ORD_0006256,low
ORD_0006257,low
ORD_0006258,medium
ORD_0006259,medium
ORD_0006260,low
ORD_0006261,low
ORD_0006262,medium
ORD_0006263,medium
ORD_0006264,low
ORD_0006265,medium
ORD_0006266,high
ORD_0006267,low
ORD_0006268,high
ORD_0006269,low
ORD_0006270,low
ORD_0006271,high
ORD_0006272,medium
ORD_0006273,low
ORD_0006274,low
ORD_0006275,medium
ORD_0006276,low
ORD_0006277,high
ORD_0006278,low
ORD_0006279,low
ORD_0006280,medium
ORD_0006281,low
ORD_0006282,medium
ORD_0006283,low
ORD_0006284,low
ORD_0006285,low
ORD_0006286,medium
ORD_0006287,medium
ORD_0006288,high
ORD_0006289,medium
ORD_0006290,low
ORD_0006291,medium
ORD_0006292,medium
ORD_0006293,low
ORD_0006294,low
ORD_0006295,low
ORD_0006296,low
ORD_0006297,high
ORD_0006298,high
ORD_0006299,low
ORD_0006300,high
ORD_0006301,low
ORD_0006302,low
ORD_0006303,medium
ORD_0006304,low
ORD_0006305,high
ORD_0006306,low
ORD_0006307,low
ORD_0006308,low
ORD_0006309,medium
ORD_0006310,medium
ORD_0006311,low
ORD_0006312,high
ORD_0006313,high
ORD_0006314,medium
ORD_0006315,high
ORD_0006316,low
ORD_0006317,high
ORD_0006318,medium
ORD_0006319,low
ORD_0006320,medium
ORD_0006321,low
ORD_0006322,medium
ORD_0006323,low
ORD_0006324,medium
ORD_0006325,high
ORD_0006326,high
ORD_0006327,medium
ORD_0006328,low
ORD_0006329,low
ORD_0006330,high
ORD_0006331,low
ORD_0006332,low
ORD_0006333,low
ORD_0006334,low
ORD_0006335,low
ORD_0006336,low
ORD_0006337,medium
ORD_0006338,medium
ORD_0006339,low
ORD_0006340,low
ORD_0006341,low
ORD_0006342,high
ORD_0006343,medium
ORD_0006344,medium
ORD_0006345,high
ORD_0006346,high
ORD_0006347,low
ORD_0006348,medium
ORD_0006349,medium
ORD_0006350,high
ORD_0006351,low
ORD_0006352,medium
ORD_0006353,low
ORD_0006354,low
ORD_0006355,low
ORD_0006356,low
ORD_0006357,low
ORD_0006358,medium
ORD_0006359,high
ORD_0006360,medium
ORD_0006361,low
ORD_0006362,medium
ORD_0006363,low
ORD_0006364,low
ORD_0006365,low
ORD_0006366,high
ORD_0006367,low
ORD_0006368,high
ORD_0006369,low
ORD_0006370,low
ORD_0006371,low
ORD_0006372,medium
ORD_0006373,low
ORD_0006374,low
ORD_0006375,medium
ORD_0006376,high
ORD_0006377,low
ORD_0006378,low
ORD_0006379,low
ORD_0006380,medium
ORD_0006381,high
ORD_0006382,medium
ORD_0006383,low
ORD_0006384,high
ORD_0006385,medium
ORD_0006386,medium
ORD_0006387,low
ORD_0006388,medium
ORD_0006389,low
ORD_0006390,low
ORD_0006391,medium
ORD_0006392,low
ORD_0006393,low
ORD_0006394,high
ORD_0006395,low
ORD_0006396,high
ORD_0006397,low
ORD_0006398,low
ORD_0006399,low
ORD_0006400,low
ORD_0006401,medium
ORD_0006402,low
ORD_0006403,low
ORD_0006404,medium
ORD_0006405,high
ORD_0006406,high
ORD_0006407,high
ORD_0006408,low
ORD_0006409,low
ORD_0006410,low
ORD_0006411,low
ORD_0006412,medium
ORD_0006413,low
ORD_0006414,low
ORD_0006415,medium
ORD_0006416,high
ORD_0006417,low
ORD_0006418,low
ORD_0006419,low
ORD_0006420,low
ORD_0006421,low
ORD_0006422,high
ORD_0006423,low
ORD_0006424,medium
ORD_0006425,medium
ORD_0006426,high
ORD_0006427,medium
ORD_0006428,low
ORD_0006429,high
ORD_0006430,high
ORD_0006431,high
ORD_0006432,low
ORD_0006433,low
ORD_0006434,medium
ORD_0006435,low
ORD_0006436,medium
ORD_0006437,low
ORD_0006438,high
ORD_0006439,medium
ORD_0006440,low
ORD_0006441,low
ORD_0006442,low
ORD_0006443,low
ORD_0006444,medium
ORD_0006445,high
ORD_0006446,low
ORD_0006447,high
ORD_0006448,high
ORD_0006449,low
ORD_0006450,medium
ORD_0006451,low
ORD_0006452,low
ORD_0006453,low
ORD_0006454,high
ORD_0006455,low
ORD_0006456,high
ORD_0006457,high
ORD_0006458,medium
ORD_0006459,low
ORD_0006460,low
ORD_0006461,high
ORD_0006462,low
ORD_0006463,low
ORD_0006464,low
ORD_0006465,low
ORD_0006466,low
ORD_0006467,low
ORD_0006468,high
ORD_0006469,low
ORD_0006470,low
ORD_0006471,low
ORD_0006472,low
ORD_0006473,medium
ORD_0006474,high
ORD_0006475,low
ORD_0006476,high
ORD_0006477,low
ORD_0006478,medium
ORD_0006479,low
ORD_0006480,low
ORD_0006481,low
ORD_0006482,medium
ORD_0006483,low
ORD_0006484,medium
ORD_0006485,high
ORD_0006486,high
ORD_0006487,medium
ORD_0006488,medium
ORD_0006489,low
ORD_0006490,low
ORD_0006491,medium
ORD_0006492,low
ORD_0006493,medium
ORD_0006494,medium
ORD_0006495,medium
ORD_0006496,low
ORD_0006497,low
ORD_0006498,high
ORD_0006499,low
ORD_0006500,high
ORD_0006501,low
ORD_0006502,high
ORD_0006503,low
ORD_0006504,medium
ORD_0006505,low
ORD_0006506,high
ORD_0006507,medium
ORD_0006508,high
ORD_0006509,high
ORD_0006510,low
ORD_0006511,medium
ORD_0006512,medium
ORD_0006513,medium
ORD_0006514,low
ORD_0006515,low
ORD_0006516,medium
ORD_0006517,low
ORD_0006518,medium
ORD_0006519,high
ORD_0006520,low
ORD_0006521,medium
ORD_0006522,low
ORD_0006523,high
ORD_0006524,low
ORD_0006525,low
ORD_0006526,low
ORD_0006527,low
ORD_0006528,low
ORD_0006529,high
ORD_0006530,high
ORD_0006531,medium
ORD_0006532,low
ORD_0006533,low
ORD_0006534,high
ORD_0006535,high
ORD_0006536,medium
ORD_0006537,low
ORD_0006538,medium
ORD_0006539,medium
ORD_0006540,low
ORD_0006541,low
ORD_0006542,high
ORD_0006543,high
ORD_0006544,medium
ORD_0006545,low
ORD_0006546,medium
ORD_0006547,low
ORD_0006548,low
ORD_0006549,medium
ORD_0006550,low
ORD_0006551,low
ORD_0006552,medium
ORD_0006553,low
ORD_0006554,medium
ORD_0006555,low
ORD_0006556,high
ORD_0006557,low
ORD_0006558,medium
ORD_0006559,low
ORD_0006560,low
ORD_0006561,high
ORD_0006562,medium
ORD_0006563,high
ORD_0006564,low
ORD_0006565,medium
ORD_0006566,high
ORD_0006567,low
ORD_0006568,low
ORD_0006569,low
ORD_0006570,medium
ORD_0006571,low
ORD_0006572,medium
ORD_0006573,high
ORD_0006574,medium
ORD_0006575,low
ORD_0006576,low
ORD_0006577,medium
ORD_0006578,low
ORD_0006579,high
ORD_0006580,low
ORD_0006581,medium
ORD_0006582,medium
ORD_0006583,low
ORD_0006584,low
ORD_0006585,low
ORD_0006586,low
ORD_0006587,medium
ORD_0006588,medium
ORD_0006589,low
ORD_0006590,medium
ORD_0006591,medium
ORD_0006592,low
ORD_0006593,high
ORD_0006594,high
ORD_0006595,low
ORD_0006596,low
ORD_0006597,high
ORD_0006598,medium
ORD_0006599,low
ORD_0006600,medium
ORD_0006601,medium
ORD_0006602,high
ORD_0006603,low
ORD_0006604,medium
ORD_0006605,low
ORD_0006606,low
ORD_0006607,high
ORD_0006608,low
ORD_0006609,low
ORD_0006610,medium
ORD_0006611,medium
ORD_0006612,medium
ORD_0006613,low
ORD_0006614,medium
ORD_0006615,high
ORD_0006616,high
ORD_0006617,medium
ORD_0006618,medium
ORD_0006619,medium
ORD_0006620,low
ORD_0006621,high
ORD_0006622,high
ORD_0006623,low
ORD_0006624,medium
ORD_0006625,low
ORD_0006626,low
ORD_0006627,low
ORD_0006628,high
ORD_0006629,high
ORD_0006630,medium
ORD_0006631,low
ORD_0006632,high
ORD_0006633,low
ORD_0006634,medium
ORD_0006635,low
ORD_0006636,low
ORD_0006637,medium
ORD_0006638,low
ORD_0006639,medium
ORD_0006640,medium
ORD_0006641,high
ORD_0006642,low
ORD_0006643,medium
ORD_0006644,low
ORD_0006645,low
ORD_0006646,high
ORD_0006647,high
ORD_0006648,low
ORD_0006649,low
ORD_0006650,low
ORD_0006651,medium
ORD_0006652,low
ORD_0006653,low
ORD_0006654,high
ORD_0006655,medium
ORD_0006656,low
ORD_0006657,high
ORD_0006658,medium
ORD_0006659,medium
ORD_0006660,low
ORD_0006661,medium
ORD_0006662,medium
ORD_0006663,low
ORD_0006664,high
ORD_0006665,medium
ORD_0006666,low
ORD_0006667,high
ORD_0006668,high
ORD_0006669,low
ORD_0006670,high
ORD_0006671,low
ORD_0006672,medium
ORD_0006673,low
ORD_0006674,high
ORD_0006675,medium
ORD_0006676,high
ORD_0006677,low
ORD_0006678,low
ORD_0006679,high
ORD_0006680,low
ORD_0006681,low
ORD_0006682,high
ORD_0006683,low
ORD_0006684,medium
ORD_0006685,medium
ORD_0006686,medium
ORD_0006687,low
ORD_0006688,low
ORD_0006689,high
ORD_0006690,low
ORD_0006691,low
ORD_0006692,medium
ORD_0006693,low
ORD_0006694,medium
ORD_0006695,low
ORD_0006696,high
ORD_0006697,low
ORD_0006698,medium
ORD_0006699,low
ORD_0006700,high
ORD_0006701,low
ORD_0006702,high
ORD_0006703,low
ORD_0006704,medium
ORD_0006705,high
ORD_0006706,high
ORD_0006707,low
ORD_0006708,medium
ORD_0006709,high
ORD_0006710,high
ORD_0006711,low
ORD_0006712,low
ORD_0006713,medium
ORD_0006714,high
ORD_0006715,medium
ORD_0006716,high
ORD_0006717,medium
ORD_0006718,low
ORD_0006719,high
ORD_0006720,high
ORD_0006721,low
ORD_0006722,low
ORD_0006723,low
ORD_0006724,low
ORD_0006725,low
ORD_0006726,high
ORD_0006727,low
ORD_0006728,low
ORD_0006729,medium
ORD_0006730,medium
ORD_0006731,low
ORD_0006732,high
ORD_0006733,high
ORD_0006734,medium
ORD_0006735,low
ORD_0006736,medium
ORD_0006737,medium
ORD_0006738,high
ORD_0006739,low
ORD_0006740,high
ORD_0006741,low
ORD_0006742,medium
ORD_0006743,low
ORD_0006744,low
ORD_0006745,medium
ORD_0006746,medium
ORD_0006747,medium
ORD_0006748,low
ORD_0006749,low
ORD_0006750,medium
ORD_0006751,medium
ORD_0006752,low
ORD_0006753,low
ORD_0006754,high
ORD_0006755,low
ORD_0006756,low
ORD_0006757,medium
ORD_0006758,medium
ORD_0006759,medium
ORD_0006760,high
ORD_0006761,high
ORD_0006762,medium
ORD_0006763,medium
ORD_0006764,medium
ORD_0006765,low
ORD_0006766,medium
ORD_0006767,low
ORD_0006768,high
ORD_0006769,medium
ORD_0006770,low
ORD_0006771,low
ORD_0006772,low
ORD_0006773,low
ORD_0006774,low
ORD_0006775,low
ORD_0006776,low
ORD_0006777,medium
ORD_0006778,low
ORD_0006779,medium
ORD_0006780,high
ORD_0006781,medium
ORD_0006782,high
ORD_0006783,high
ORD_0006784,medium
ORD_0006785,low
ORD_0006786,low
ORD_0006787,medium
ORD_0006788,medium
ORD_0006789,medium
ORD_0006790,low
ORD_0006791,low
ORD_0006792,low
ORD_0006793,low
ORD_0006794,low
ORD_0006795,high
ORD_0006796,medium
ORD_0006797,low
ORD_0006798,low
ORD_0006799,medium
ORD_0006800,medium
ORD_0006801,low
ORD_0006802,low
ORD_0006803,low
ORD_0006804,medium
ORD_0006805,low
ORD_0006806,low
ORD_0006807,high
ORD_0006808,low
ORD_0006809,low
ORD_0006810,high
ORD_0006811,medium
ORD_0006812,low
ORD_0006813,medium
ORD_0006814,low
ORD_0006815,high
ORD_0006816,low
ORD_0006817,low
ORD_0006818,low
ORD_0006819,low
ORD_0006820,medium
ORD_0006821,low
ORD_0006822,low
ORD_0006823,low
ORD_0006824,medium
ORD_0006825,low
ORD_0006826,medium
ORD_0006827,medium
ORD_0006828,low
ORD_0006829,high
ORD_0006830,low
ORD_0006831,medium
ORD_0006832,low
ORD_0006833,low
ORD_0006834,medium
ORD_0006835,medium
ORD_0006836,low
ORD_0006837,medium
ORD_0006838,low
ORD_0006839,medium
ORD_0006840,medium
ORD_0006841,high
ORD_0006842,low
ORD_0006843,high
ORD_0006844,medium
ORD_0006845,low
ORD_0006846,low
ORD_0006847,medium
ORD_0006848,low
ORD_0006849,medium
ORD_0006850,high
ORD_0006851,low
ORD_0006852,low
ORD_0006853,high
ORD_0006854,low
ORD_0006855,low
ORD_0006856,medium
ORD_0006857,low
ORD_0006858,low
ORD_0006859,low
ORD_0006860,high
ORD_0006861,medium
ORD_0006862,medium
ORD_0006863,medium
ORD_0006864,low
ORD_0006865,low
ORD_0006866,low
ORD_0006867,high
ORD_0006868,low
ORD_0006869,low
ORD_0006870,high
ORD_0006871,medium
ORD_0006872,low
ORD_0006873,medium
ORD_0006874,low
ORD_0006875,high
ORD_0006876,low
ORD_0006877,medium
ORD_0006878,low
ORD_0006879,medium
ORD_0006880,low
ORD_0006881,low
ORD_0006882,low
ORD_0006883,low
ORD_0006884,medium
ORD_0006885,low
ORD_0006886,low
ORD_0006887,low
ORD_0006888,low
ORD_0006889,medium
ORD_0006890,low
ORD_0006891,low
ORD_0006892,high
ORD_0006893,medium
ORD_0006894,medium
ORD_0006895,high
ORD_0006896,low
ORD_0006897,high
ORD_0006898,high
ORD_0006899,medium
ORD_0006900,low
ORD_0006901,medium
ORD_0006902,medium
ORD_0006903,medium
ORD_0006904,medium
ORD_0006905,high
ORD_0006906,high
ORD_0006907,medium
ORD_0006908,medium
ORD_0006909,medium
ORD_0006910,medium
ORD_0006911,high
ORD_0006912,low
ORD_0006913,medium
ORD_0006914,low
ORD_0006915,low
ORD_0006916,high
ORD_0006917,medium
ORD_0006918,low
ORD_0006919,high
ORD_0006920,low
ORD_0006921,low
ORD_0006922,low
ORD_0006923,low
ORD_0006924,medium
ORD_0006925,low
ORD_0006926,medium
ORD_0006927,low
ORD_0006928,medium
ORD_0006929,high
ORD_0006930,low
ORD_0006931,low
ORD_0006932,low
ORD_0006933,medium
ORD_0006934,low
ORD_0006935,low
ORD_0006936,low
ORD_0006937,medium
ORD_0006938,medium
ORD_0006939,high
ORD_0006940,medium
ORD_0006941,low
ORD_0006942,medium
ORD_0006943,high
ORD_0006944,low
ORD_0006945,high
ORD_0006946,medium
ORD_0006947,high
ORD_0006948,low
ORD_0006949,medium
ORD_0006950,high
ORD_0006951,medium
ORD_0006952,low
ORD_0006953,medium
ORD_0006954,high
ORD_0006955,high
ORD_0006956,low
ORD_0006957,high
ORD_0006958,low
ORD_0006959,low
ORD_0006960,medium
ORD_0006961,medium
ORD_0006962,medium
ORD_0006963,low
ORD_0006964,low
ORD_0006965,low
ORD_0006966,high
ORD_0006967,low
ORD_0006968,high
ORD_0006969,low
ORD_0006970,high
ORD_0006971,low
ORD_0006972,low
ORD_0006973,low
ORD_0006974,high
ORD_0006975,low
ORD_0006976,low
ORD_0006977,low
ORD_0006978,low
ORD_0006979,high
ORD_0006980,low
ORD_0006981,medium
ORD_0006982,high
ORD_0006983,medium
ORD_0006984,low
ORD_0006985,high
ORD_0006986,low
ORD_0006987,low
ORD_0006988,high
ORD_0006989,high
ORD_0006990,medium
ORD_0006991,low
ORD_0006992,low
ORD_0006993,medium
ORD_0006994,low
ORD_0006995,low
ORD_0006996,medium
ORD_0006997,high
ORD_0006998,low
ORD_0006999,medium
ORD_0007000,medium
ORD_0007001,low
ORD_0007002,low
ORD_0007003,low
ORD_0007004,high
ORD_0007005,low
ORD_0007006,low
ORD_0007007,low
ORD_0007008,low
ORD_0007009,high
ORD_0007010,high
ORD_0007011,low
ORD_0007012,medium
ORD_0007013,low
ORD_0007014,low
ORD_0007015,low
ORD_0007016,medium
ORD_0007017,medium
ORD_0007018,medium
ORD_0007019,medium
ORD_0007020,low
ORD_0007021,low
ORD_0007022,medium
ORD_0007023,low
ORD_0007024,high
ORD_0007025,low
ORD_0007026,low
ORD_0007027,low
ORD_0007028,low
ORD_0007029,high
ORD_0007030,medium
ORD_0007031,high
ORD_0007032,low
ORD_0007033,low
ORD_0007034,low
ORD_0007035,medium
ORD_0007036,medium
ORD_0007037,low
ORD_0007038,medium
ORD_0007039,low
ORD_0007040,low
ORD_0007041,low
ORD_0007042,medium
ORD_0007043,low
ORD_0007044,medium
ORD_0007045,low
ORD_0007046,low
ORD_0007047,low
ORD_0007048,low
ORD_0007049,low
ORD_0007050,low
ORD_0007051,low
ORD_0007052,low
ORD_0007053,low
ORD_0007054,low
ORD_0007055,medium
ORD_0007056,medium
ORD_0007057,high
ORD_0007058,low
ORD_0007059,medium
ORD_0007060,high
ORD_0007061,high
ORD_0007062,low
ORD_0007063,low
ORD_0007064,low
ORD_0007065,low
ORD_0007066,low
ORD_0007067,high
ORD_0007068,high
ORD_0007069,high
ORD_0007070,low
ORD_0007071,low
ORD_0007072,low
ORD_0007073,medium
ORD_0007074,medium
ORD_0007075,low
ORD_0007076,medium
ORD_0007077,medium
ORD_0007078,low
ORD_0007079,medium
ORD_0007080,low
ORD_0007081,low
ORD_0007082,high
ORD_0007083,low
ORD_0007084,low
ORD_0007085,low
ORD_0007086,low
ORD_0007087,low
ORD_0007088,high
ORD_0007089,high
ORD_0007090,high
ORD_0007091,low
ORD_0007092,low
ORD_0007093,medium
ORD_0007094,low
ORD_0007095,medium
ORD_0007096,medium
ORD_0007097,high
ORD_0007098,low
ORD_0007099,medium
ORD_0007100,low
ORD_0007101,medium
ORD_0007102,low
ORD_0007103,low
ORD_0007104,low
ORD_0007105,high
ORD_0007106,high
ORD_0007107,low
ORD_0007108,medium
ORD_0007109,high
ORD_0007110,high
ORD_0007111,low
ORD_0007112,medium
ORD_0007113,low
ORD_0007114,high
ORD_0007115,high
ORD_0007116,high
ORD_0007117,high
ORD_0007118,low
ORD_0007119,low
ORD_0007120,low
ORD_0007121,low
ORD_0007122,medium
ORD_0007123,medium
ORD_0007124,low
ORD_0007125,low
ORD_0007126,medium
ORD_0007127,low
ORD_0007128,low
ORD_0007129,medium
ORD_0007130,medium
ORD_0007131,medium
ORD_0007132,medium
ORD_0007133,high
ORD_0007134,medium
ORD_0007135,high
ORD_0007136,low
ORD_0007137,high
ORD_0007138,medium
ORD_0007139,high
ORD_0007140,high
ORD_0007141,low
ORD_0007142,low
ORD_0007143,medium
ORD_0007144,medium
ORD_0007145,low
ORD_0007146,low
ORD_0007147,high
ORD_0007148,low
ORD_0007149,medium
ORD_0007150,low
ORD_0007151,high
ORD_0007152,low
ORD_0007153,low
ORD_0007154,medium
ORD_0007155,low
ORD_0007156,high
ORD_0007157,high
ORD_0007158,low
ORD_0007159,high
ORD_0007160,medium
ORD_0007161,low
ORD_0007162,medium
ORD_0007163,low
ORD_0007164,low
ORD_0007165,low
ORD_0007166,medium
ORD_0007167,low
ORD_0007168,medium
ORD_0007169,low
ORD_0007170,low
ORD_0007171,medium
ORD_0007172,high
ORD_0007173,low
ORD_0007174,medium
ORD_0007175,medium
ORD_0007176,low
ORD_0007177,medium
ORD_0007178,medium
ORD_0007179,low
ORD_0007180,low
ORD_0007181,low
ORD_0007182,low
ORD_0007183,low
ORD_0007184,medium
ORD_0007185,low
ORD_0007186,high
ORD_0007187,high
ORD_0007188,high
ORD_0007189,high
ORD_0007190,low
ORD_0007191,low
ORD_0007192,medium
ORD_0007193,high
ORD_0007194,low
ORD_0007195,high
ORD_0007196,high
ORD_0007197,medium
ORD_0007198,low
ORD_0007199,medium
ORD_0007200,high
ORD_0007201,low
ORD_0007202,high
ORD_0007203,low
ORD_0007204,low
ORD_0007205,low
ORD_0007206,low
ORD_0007207,high
ORD_0007208,medium
ORD_0007209,low
ORD_0007210,low
ORD_0007211,low
ORD_0007212,medium
ORD_0007213,low
ORD_0007214,low
ORD_0007215,medium
ORD_0007216,medium
ORD_0007217,medium
ORD_0007218,medium
ORD_0007219,low
ORD_0007220,high
ORD_0007221,low
ORD_0007222,low
ORD_0007223,low
ORD_0007224,high
ORD_0007225,medium
ORD_0007226,low
ORD_0007227,low
ORD_0007228,low
ORD_0007229,low
ORD_0007230,high
ORD_0007231,low
ORD_0007232,low
ORD_0007233,low
ORD_0007234,low
ORD_0007235,low
ORD_0007236,low
ORD_0007237,low
ORD_0007238,low
ORD_0007239,medium
ORD_0007240,low
ORD_0007241,high
ORD_0007242,high
ORD_0007243,medium
ORD_0007244,medium
ORD_0007245,high
ORD_0007246,low
ORD_0007247,medium
ORD_0007248,high
ORD_0007249,medium
ORD_0007250,low
ORD_0007251,high
ORD_0007252,low
ORD_0007253,low
ORD_0007254,low
ORD_0007255,low
ORD_0007256,low
ORD_0007257,medium
ORD_0007258,low
ORD_0007259,low
ORD_0007260,high
ORD_0007261,high
ORD_0007262,low
ORD_0007263,medium
ORD_0007264,medium
ORD_0007265,medium
ORD_0007266,medium
ORD_0007267,low
ORD_0007268,low
ORD_0007269,low
ORD_0007270,medium
ORD_0007271,low
ORD_0007272,low
ORD_0007273,high
ORD_0007274,low
ORD_0007275,low
ORD_0007276,medium
ORD_0007277,low
ORD_0007278,medium
ORD_0007279,medium
ORD_0007280,low
ORD_0007281,low
ORD_0007282,medium
ORD_0007283,low
ORD_0007284,low
ORD_0007285,high
ORD_0007286,low
ORD_0007287,low
ORD_0007288,high
ORD_0007289,low
ORD_0007290,medium
ORD_0007291,medium
ORD_0007292,medium
ORD_0007293,low
ORD_0007294,low
ORD_0007295,low
ORD_0007296,low
ORD_0007297,low
ORD_0007298,low
ORD_0007299,low
ORD_0007300,low
ORD_0007301,medium
ORD_0007302,medium
ORD_0007303,low
ORD_0007304,high
ORD_0007305,high
ORD_0007306,low
ORD_0007307,high
ORD_0007308,high
ORD_0007309,low
ORD_0007310,medium
ORD_0007311,low
ORD_0007312,low
ORD_0007313,high
ORD_0007314,medium
ORD_0007315,medium
ORD_0007316,high
ORD_0007317,medium
ORD_0007318,high
ORD_0007319,high
ORD_0007320,low
ORD_0007321,medium
ORD_0007322,low
ORD_0007323,high
ORD_0007324,medium
ORD_0007325,low
ORD_0007326,medium
ORD_0007327,medium
ORD_0007328,low
ORD_0007329,low
ORD_0007330,low
ORD_0007331,low
ORD_0007332,medium
ORD_0007333,low
ORD_0007334,low
ORD_0007335,medium
ORD_0007336,low
ORD_0007337,low
ORD_0007338,low
ORD_0007339,low
ORD_0007340,medium
ORD_0007341,low
ORD_0007342,low
ORD_0007343,medium
ORD_0007344,high
ORD_0007345,low
ORD_0007346,medium
ORD_0007347,low
ORD_0007348,low
ORD_0007349,medium
ORD_0007350,low
ORD_0007351,low
ORD_0007352,low
ORD_0007353,low
ORD_0007354,low
ORD_0007355,low
ORD_0007356,high
ORD_0007357,low
ORD_0007358,low
ORD_0007359,medium
ORD_0007360,low
ORD_0007361,low
ORD_0007362,high
ORD_0007363,low
ORD_0007364,high
ORD_0007365,medium
ORD_0007366,high
ORD_0007367,low
ORD_0007368,low
ORD_0007369,high
ORD_0007370,low
ORD_0007371,low
ORD_0007372,high
ORD_0007373,low
ORD_0007374,low
ORD_0007375,medium
ORD_0007376,medium
ORD_0007377,low
ORD_0007378,low
ORD_0007379,low
ORD_0007380,low
ORD_0007381,medium
ORD_0007382,low
ORD_0007383,medium
ORD_0007384,low
ORD_0007385,low
ORD_0007386,medium
ORD_0007387,low
ORD_0007388,medium
ORD_0007389,low
ORD_0007390,low
ORD_0007391,high
ORD_0007392,low
ORD_0007393,high
ORD_0007394,low
ORD_0007395,high
ORD_0007396,low
ORD_0007397,medium
ORD_0007398,high
ORD_0007399,medium
ORD_0007400,medium
ORD_0007401,low
ORD_0007402,low
ORD_0007403,medium
ORD_0007404,medium
ORD_0007405,low
ORD_0007406,high
ORD_0007407,high
ORD_0007408,medium
ORD_0007409,low
ORD_0007410,high
ORD_0007411,medium
ORD_0007412,low
ORD_0007413,medium
ORD_0007414,medium
ORD_0007415,low
ORD_0007416,low
ORD_0007417,low
ORD_0007418,low
ORD_0007419,low
ORD_0007420,low
ORD_0007421,high
ORD_0007422,low
ORD_0007423,low
ORD_0007424,medium
ORD_0007425,high
ORD_0007426,medium
ORD_0007427,low
ORD_0007428,low
ORD_0007429,low
ORD_0007430,high
ORD_0007431,high
ORD_0007432,medium
ORD_0007433,high
ORD_0007434,medium
ORD_0007435,high
ORD_0007436,low
ORD_0007437,medium
ORD_0007438,low
ORD_0007439,medium
ORD_0007440,medium
ORD_0007441,low
ORD_0007442,high
ORD_0007443,high
ORD_0007444,low
ORD_0007445,high
ORD_0007446,low
ORD_0007447,medium
ORD_0007448,medium
ORD_0007449,low
ORD_0007450,low
ORD_0007451,low
ORD_0007452,medium
ORD_0007453,medium
ORD_0007454,medium
ORD_0007455,low
ORD_0007456,medium
ORD_0007457,medium
ORD_0007458,low
ORD_0007459,high
ORD_0007460,low
ORD_0007461,low
ORD_0007462,high
ORD_0007463,low
ORD_0007464,medium
ORD_0007465,medium
ORD_0007466,medium
ORD_0007467,high
ORD_0007468,high
ORD_0007469,medium
ORD_0007470,low
ORD_0007471,low
ORD_0007472,low
ORD_0007473,low
ORD_0007474,medium
ORD_0007475,medium
ORD_0007476,low
ORD_0007477,low
ORD_0007478,low
ORD_0007479,low
ORD_0007480,low
ORD_0007481,medium
ORD_0007482,medium
ORD_0007483,medium
ORD_0007484,low
ORD_0007485,low
ORD_0007486,low
ORD_0007487,low
ORD_0007488,medium
ORD_0007489,low
ORD_0007490,medium
ORD_0007491,high
ORD_0007492,medium
ORD_0007493,high
ORD_0007494,medium
ORD_0007495,medium
ORD_0007496,high
ORD_0007497,low
ORD_0007498,high
ORD_0007499,low
ORD_0007500,low
ORD_0007501,high
ORD_0007502,low
ORD_0007503,medium
ORD_0007504,high
ORD_0007505,low
ORD_0007506,low
ORD_0007507,medium
ORD_0007508,low
ORD_0007509,low
ORD_0007510,low
ORD_0007511,high
ORD_0007512,low
ORD_0007513,high
ORD_0007514,low
ORD_0007515,high
ORD_0007516,low
ORD_0007517,high
ORD_0007518,medium
ORD_0007519,low
ORD_0007520,low
ORD_0007521,medium
ORD_0007522,low
ORD_0007523,high
ORD_0007524,low
ORD_0007525,medium
ORD_0007526,low
ORD_0007527,low
ORD_0007528,medium
ORD_0007529,high
ORD_0007530,high
ORD_0007531,low
ORD_0007532,low
ORD_0007533,medium
ORD_0007534,low
ORD_0007535,low
ORD_0007536,low
ORD_0007537,medium
ORD_0007538,low
ORD_0007539,medium
ORD_0007540,medium
ORD_0007541,medium
ORD_0007542,low
ORD_0007543,high
ORD_0007544,high
ORD_0007545,low
ORD_0007546,medium
ORD_0007547,medium
ORD_0007548,low
ORD_0007549,low
ORD_0007550,high
ORD_0007551,low
ORD_0007552,low
ORD_0007553,low
ORD_0007554,low
ORD_0007555,low
ORD_0007556,medium
ORD_0007557,high
ORD_0007558,low
ORD_0007559,low
ORD_0007560,low
ORD_0007561,medium
ORD_0007562,medium
ORD_0007563,low
ORD_0007564,low
ORD_0007565,low
ORD_0007566,low
ORD_0007567,high
ORD_0007568,low
ORD_0007569,low
ORD_0007570,medium
ORD_0007571,low
ORD_0007572,high
ORD_0007573,medium
ORD_0007574,medium
ORD_0007575,low
ORD_0007576,low
ORD_0007577,medium
ORD_0007578,high
ORD_0007579,low
ORD_0007580,medium
ORD_0007581,low
ORD_0007582,low
ORD_0007583,medium
ORD_0007584,medium
ORD_0007585,medium
ORD_0007586,low
ORD_0007587,high
ORD_0007588,medium
ORD_0007589,low
ORD_0007590,high
ORD_0007591,high
ORD_0007592,low
ORD_0007593,low
ORD_0007594,low
ORD_0007595,high
ORD_0007596,low
ORD_0007597,high
ORD_0007598,medium
ORD_0007599,low
ORD_0007600,low
ORD_0007601,low
ORD_0007602,low
ORD_0007603,medium
ORD_0007604,medium
ORD_0007605,high
ORD_0007606,low
ORD_0007607,medium
ORD_0007608,low
ORD_0007609,medium
ORD_0007610,low
ORD_0007611,low
ORD_0007612,low
ORD_0007613,medium
ORD_0007614,low
ORD_0007615,low
ORD_0007616,high
ORD_0007617,medium
ORD_0007618,low
ORD_0007619,low
ORD_0007620,medium
ORD_0007621,medium
ORD_0007622,medium
ORD_0007623,low
ORD_0007624,low
ORD_0007625,low
ORD_0007626,high
ORD_0007627,low
ORD_0007628,medium
ORD_0007629,high
ORD_0007630,low
ORD_0007631,low
ORD_0007632,low
ORD_0007633,low
ORD_0007634,medium
ORD_0007635,medium
ORD_0007636,low
ORD_0007637,low
ORD_0007638,high
ORD_0007639,medium
ORD_0007640,medium
ORD_0007641,medium
ORD_0007642,low
ORD_0007643,medium
ORD_0007644,low
ORD_0007645,high
ORD_0007646,low
ORD_0007647,high
ORD_0007648,low
ORD_0007649,low
ORD_0007650,low
ORD_0007651,low
ORD_0007652,low
ORD_0007653,medium
ORD_0007654,low
ORD_0007655,low
ORD_0007656,high
ORD_0007657,high
ORD_0007658,medium
ORD_0007659,medium
ORD_0007660,low
ORD_0007661,medium
ORD_0007662,low
ORD_0007663,medium
ORD_0007664,low
ORD_0007665,low
ORD_0007666,low
ORD_0007667,high
ORD_0007668,low
ORD_0007669,low
ORD_0007670,high
ORD_0007671,low
ORD_0007672,medium
ORD_0007673,low
ORD_0007674,low
ORD_0007675,low
ORD_0007676,high
ORD_0007677,medium
ORD_0007678,high
ORD_0007679,high
ORD_0007680,low
ORD_0007681,medium
ORD_0007682,high
ORD_0007683,high
ORD_0007684,medium
ORD_0007685,medium
ORD_0007686,medium
ORD_0007687,medium
ORD_0007688,low
ORD_0007689,low
ORD_0007690,high
ORD_0007691,high
ORD_0007692,low
ORD_0007693,low
ORD_0007694,low
ORD_0007695,low
ORD_0007696,high
ORD_0007697,low
ORD_0007698,low
ORD_0007699,low
ORD_0007700,low
ORD_0007701,high
ORD_0007702,medium
ORD_0007703,medium
ORD_0007704,low
ORD_0007705,medium
ORD_0007706,medium
ORD_0007707,low
ORD_0007708,medium
ORD_0007709,low
ORD_0007710,high
ORD_0007711,low
ORD_0007712,low
ORD_0007713,medium
ORD_0007714,low
ORD_0007715,medium
ORD_0007716,low
ORD_0007717,low
ORD_0007718,medium
ORD_0007719,low
ORD_0007720,low
ORD_0007721,low
ORD_0007722,low
ORD_0007723,high
ORD_0007724,high
ORD_0007725,low
ORD_0007726,medium
ORD_0007727,medium
ORD_0007728,low
ORD_0007729,low
ORD_0007730,low
ORD_0007731,low
ORD_0007732,low
ORD_0007733,low
ORD_0007734,low
ORD_0007735,low
ORD_0007736,low
ORD_0007737,medium
ORD_0007738,low
ORD_0007739,medium
ORD_0007740,low
ORD_0007741,medium
ORD_0007742,medium
ORD_0007743,medium
ORD_0007744,medium
ORD_0007745,medium
ORD_0007746,high
ORD_0007747,low
ORD_0007748,medium
ORD_0007749,low
ORD_0007750,high
ORD_0007751,low
ORD_0007752,low
ORD_0007753,low
ORD_0007754,low
ORD_0007755,low
ORD_0007756,medium
ORD_0007757,low
ORD_0007758,medium
ORD_0007759,medium
ORD_0007760,medium
ORD_0007761,medium
ORD_0007762,low
ORD_0007763,low
ORD_0007764,low
ORD_0007765,low
ORD_0007766,low
ORD_0007767,low
ORD_0007768,low
ORD_0007769,low
ORD_0007770,medium
ORD_0007771,medium
ORD_0007772,low
ORD_0007773,high
ORD_0007774,low
ORD_0007775,medium
ORD_0007776,low
ORD_0007777,medium
ORD_0007778,low
ORD_0007779,low
ORD_0007780,low
ORD_0007781,low
ORD_0007782,high
ORD_0007783,low
ORD_0007784,low
ORD_0007785,medium
ORD_0007786,low
ORD_0007787,medium
ORD_0007788,medium
ORD_0007789,medium
ORD_0007790,low
ORD_0007791,low
ORD_0007792,medium
ORD_0007793,medium
ORD_0007794,low
ORD_0007795,low
ORD_0007796,low
ORD_0007797,low
ORD_0007798,medium
ORD_0007799,medium
ORD_0007800,medium
ORD_0007801,low
ORD_0007802,low
ORD_0007803,low
ORD_0007804,medium
ORD_0007805,low
ORD_0007806,low
ORD_0007807,medium
ORD_0007808,medium
ORD_0007809,low
ORD_0007810,medium
ORD_0007811,high
ORD_0007812,high
ORD_0007813,high
ORD_0007814,medium
ORD_0007815,low
ORD_0007816,low
ORD_0007817,low
ORD_0007818,low
ORD_0007819,high
ORD_0007820,low
ORD_0007821,medium
ORD_0007822,medium
ORD_0007823,medium
ORD_0007824,low
ORD_0007825,medium
ORD_0007826,low
ORD_0007827,high
ORD_0007828,medium
ORD_0007829,medium
ORD_0007830,low
ORD_0007831,medium
ORD_0007832,medium
ORD_0007833,low
ORD_0007834,medium
ORD_0007835,low
ORD_0007836,low
ORD_0007837,low
ORD_0007838,low
ORD_0007839,high
ORD_0007840,low
ORD_0007841,low
ORD_0007842,low
ORD_0007843,high
ORD_0007844,high
ORD_0007845,low
ORD_0007846,low
ORD_0007847,high
ORD_0007848,low
ORD_0007849,high
ORD_0007850,high
ORD_0007851,high
ORD_0007852,low
ORD_0007853,low
ORD_0007854,low
ORD_0007855,low
ORD_0007856,medium
ORD_0007857,low
ORD_0007858,high
ORD_0007859,medium
ORD_0007860,medium
ORD_0007861,medium
ORD_0007862,medium
ORD_0007863,low
ORD_0007864,low
ORD_0007865,medium
ORD_0007866,medium
ORD_0007867,high
ORD_0007868,medium
ORD_0007869,medium
ORD_0007870,high
ORD_0007871,low
ORD_0007872,high
ORD_0007873,low
ORD_0007874,medium
ORD_0007875,medium
ORD_0007876,low
ORD_0007877,low
ORD_0007878,medium
ORD_0007879,low
ORD_0007880,medium
ORD_0007881,low
ORD_0007882,low
ORD_0007883,medium
ORD_0007884,high
ORD_0007885,low
ORD_0007886,medium
ORD_0007887,low
ORD_0007888,low
ORD_0007889,medium
ORD_0007890,medium
ORD_0007891,medium
ORD_0007892,high
ORD_0007893,low
ORD_0007894,high
ORD_0007895,medium
ORD_0007896,high
ORD_0007897,low
ORD_0007898,high
ORD_0007899,low
ORD_0007900,high
ORD_0007901,low
ORD_0007902,medium
ORD_0007903,medium
ORD_0007904,medium
ORD_0007905,medium
ORD_0007906,low
ORD_0007907,low
ORD_0007908,medium
ORD_0007909,low
ORD_0007910,low
ORD_0007911,medium
ORD_0007912,low
ORD_0007913,low
ORD_0007914,medium
ORD_0007915,medium
ORD_0007916,low
ORD_0007917,high
ORD_0007918,medium
ORD_0007919,high
ORD_0007920,low
ORD_0007921,high
ORD_0007922,low
ORD_0007923,low
ORD_0007924,low
ORD_0007925,low
ORD_0007926,low
ORD_0007927,medium
ORD_0007928,low
ORD_0007929,low
ORD_0007930,medium
ORD_0007931,medium
ORD_0007932,medium
ORD_0007933,low
ORD_0007934,low
ORD_0007935,medium
ORD_0007936,medium
ORD_0007937,high
ORD_0007938,low
ORD_0007939,medium
ORD_0007940,medium
ORD_0007941,medium
ORD_0007942,high
ORD_0007943,low
ORD_0007944,medium
ORD_0007945,high
ORD_0007946,medium
ORD_0007947,medium
ORD_0007948,low
ORD_0007949,low
ORD_0007950,low
ORD_0007951,high
ORD_0007952,low
ORD_0007953,high
ORD_0007954,medium
ORD_0007955,medium
ORD_0007956,high
ORD_0007957,low
ORD_0007958,high
ORD_0007959,high
ORD_0007960,low
ORD_0007961,medium
ORD_0007962,high
ORD_0007963,medium
ORD_0007964,low
ORD_0007965,low
ORD_0007966,high
ORD_0007967,low
ORD_0007968,medium
ORD_0007969,low
ORD_0007970,medium
ORD_0007971,medium
ORD_0007972,low
ORD_0007973,low
ORD_0007974,low
ORD_0007975,medium
ORD_0007976,high
ORD_0007977,low
ORD_0007978,high
ORD_0007979,low
ORD_0007980,low
ORD_0007981,medium
ORD_0007982,high
ORD_0007983,low
ORD_0007984,low
ORD_0007985,medium
ORD_0007986,low
ORD_0007987,medium
ORD_0007988,high
ORD_0007989,medium
ORD_0007990,low
ORD_0007991,medium
ORD_0007992,low
ORD_0007993,medium
ORD_0007994,medium
ORD_0007995,medium
ORD_0007996,medium
ORD_0007997,medium
ORD_0007998,medium
ORD_0007999,medium
ORD_0008000,medium
ORD_0008001,high
ORD_0008002,high
ORD_0008003,low
ORD_0008004,medium
ORD_0008005,high
ORD_0008006,high
ORD_0008007,medium
ORD_0008008,low
ORD_0008009,low
ORD_0008010,medium
ORD_0008011,high
ORD_0008012,medium
ORD_0008013,low
ORD_0008014,high
ORD_0008015,low
ORD_0008016,medium
ORD_0008017,medium
ORD_0008018,low
ORD_0008019,low
ORD_0008020,high
ORD_0008021,medium
ORD_0008022,high
ORD_0008023,medium
ORD_0008024,low
ORD_0008025,low
ORD_0008026,high
ORD_0008027,high
ORD_0008028,low
ORD_0008029,low
ORD_0008030,medium
ORD_0008031,low
ORD_0008032,low
ORD_0008033,low
ORD_0008034,high
ORD_0008035,low
ORD_0008036,low
ORD_0008037,medium
ORD_0008038,medium
ORD_0008039,high
ORD_0008040,low
ORD_0008041,low
ORD_0008042,medium
ORD_0008043,low
ORD_0008044,medium
ORD_0008045,medium
ORD_0008046,medium
ORD_0008047,high
ORD_0008048,medium
ORD_0008049,high
ORD_0008050,high
ORD_0008051,low
ORD_0008052,medium
ORD_0008053,low
ORD_0008054,high
ORD_0008055,medium
ORD_0008056,medium
ORD_0008057,medium
ORD_0008058,low
ORD_0008059,low
ORD_0008060,low
ORD_0008061,low
ORD_0008062,medium
ORD_0008063,low
ORD_0008064,medium
ORD_0008065,high
ORD_0008066,low
ORD_0008067,medium
ORD_0008068,medium
ORD_0008069,medium
ORD_0008070,low
ORD_0008071,high
ORD_0008072,low
ORD_0008073,low
ORD_0008074,low
ORD_0008075,medium
ORD_0008076,medium
ORD_0008077,medium
ORD_0008078,medium
ORD_0008079,high
ORD_0008080,low
ORD_0008081,low
ORD_0008082,medium
ORD_0008083,medium
ORD_0008084,low
ORD_0008085,medium
ORD_0008086,high
ORD_0008087,low
ORD_0008088,high
ORD_0008089,medium
ORD_0008090,low
ORD_0008091,medium
ORD_0008092,medium
ORD_0008093,medium
ORD_0008094,low
ORD_0008095,high
ORD_0008096,low
ORD_0008097,medium
ORD_0008098,medium
ORD_0008099,low
ORD_0008100,low
ORD_0008101,high
ORD_0008102,medium
ORD_0008103,low
ORD_0008104,medium
ORD_0008105,medium
ORD_0008106,medium
ORD_0008107,low
ORD_0008108,high
ORD_0008109,medium
ORD_0008110,high
ORD_0008111,low
ORD_0008112,low
ORD_0008113,low
ORD_0008114,medium
ORD_0008115,high
ORD_0008116,medium
ORD_0008117,high
ORD_0008118,high
ORD_0008119,low
ORD_0008120,low
ORD_0008121,low
ORD_0008122,low
ORD_0008123,low
ORD_0008124,medium
ORD_0008125,low
ORD_0008126,low
ORD_0008127,low
ORD_0008128,low
ORD_0008129,low
ORD_0008130,low
ORD_0008131,low
ORD_0008132,medium
ORD_0008133,medium
ORD_0008134,medium
ORD_0008135,medium
ORD_0008136,low
ORD_0008137,low
ORD_0008138,medium
ORD_0008139,low
ORD_0008140,high
ORD_0008141,high
ORD_0008142,low
ORD_0008143,low
ORD_0008144,medium
ORD_0008145,low
ORD_0008146,low
ORD_0008147,low
ORD_0008148,high
ORD_0008149,low
ORD_0008150,medium
ORD_0008151,low
ORD_0008152,high
ORD_0008153,high
ORD_0008154,medium
ORD_0008155,high
ORD_0008156,medium
ORD_0008157,low
ORD_0008158,low
ORD_0008159,high
ORD_0008160,medium
ORD_0008161,high
ORD_0008162,medium
ORD_0008163,low
ORD_0008164,low
ORD_0008165,high
ORD_0008166,low
ORD_0008167,medium
ORD_0008168,low
ORD_0008169,medium
ORD_0008170,medium
ORD_0008171,high
ORD_0008172,low
ORD_0008173,low
ORD_0008174,medium
ORD_0008175,low
ORD_0008176,low
ORD_0008177,medium
ORD_0008178,low
ORD_0008179,low
ORD_0008180,low
ORD_0008181,low
ORD_0008182,low
ORD_0008183,low
ORD_0008184,high
ORD_0008185,low
ORD_0008186,high
ORD_0008187,high
ORD_0008188,high
ORD_0008189,high
ORD_0008190,medium
ORD_0008191,high
ORD_0008192,low
ORD_0008193,medium
ORD_0008194,low
ORD_0008195,low
ORD_0008196,high
ORD_0008197,medium
ORD_0008198,low
ORD_0008199,low
ORD_0008200,medium
ORD_0008201,high
ORD_0008202,medium
ORD_0008203,high
ORD_0008204,medium
ORD_0008205,low
ORD_0008206,medium
ORD_0008207,low
ORD_0008208,medium
ORD_0008209,high
ORD_0008210,low
ORD_0008211,medium
ORD_0008212,high
ORD_0008213,medium
ORD_0008214,low
ORD_0008215,low
ORD_0008216,low
ORD_0008217,medium
ORD_0008218,high
ORD_0008219,low
ORD_0008220,medium
ORD_0008221,high
ORD_0008222,low
ORD_0008223,low
ORD_0008224,high
ORD_0008225,low
ORD_0008226,medium
ORD_0008227,medium
ORD_0008228,medium
ORD_0008229,medium
ORD_0008230,low
ORD_0008231,low
ORD_0008232,medium
ORD_0008233,medium
ORD_0008234,high
ORD_0008235,low
ORD_0008236,low
ORD_0008237,low
ORD_0008238,low
ORD_0008239,low
ORD_0008240,medium
ORD_0008241,low
ORD_0008242,low
ORD_0008243,low
ORD_0008244,medium
ORD_0008245,medium
ORD_0008246,medium
ORD_0008247,high
ORD_0008248,low
ORD_0008249,low
ORD_0008250,low
ORD_0008251,low
ORD_0008252,low
ORD_0008253,low
ORD_0008254,high
ORD_0008255,medium
ORD_0008256,low
ORD_0008257,low
ORD_0008258,low
ORD_0008259,low
ORD_0008260,medium
ORD_0008261,low
ORD_0008262,low
ORD_0008263,medium
ORD_0008264,medium
ORD_0008265,medium
ORD_0008266,medium
ORD_0008267,low
ORD_0008268,low
ORD_0008269,medium
ORD_0008270,low
ORD_0008271,high
ORD_0008272,high
ORD_0008273,medium
ORD_0008274,high
ORD_0008275,low
ORD_0008276,medium
ORD_0008277,medium
ORD_0008278,low
ORD_0008279,medium
ORD_0008280,low
ORD_0008281,low
ORD_0008282,high
ORD_0008283,low
ORD_0008284,medium
ORD_0008285,low
ORD_0008286,high
ORD_0008287,medium
ORD_0008288,medium
ORD_0008289,medium
ORD_0008290,medium
ORD_0008291,low
ORD_0008292,low
ORD_0008293,medium
ORD_0008294,medium
ORD_0008295,low
ORD_0008296,high
ORD_0008297,low
ORD_0008298,low
ORD_0008299,high
ORD_0008300,low
ORD_0008301,low
ORD_0008302,medium
ORD_0008303,low
ORD_0008304,medium
ORD_0008305,high
ORD_0008306,low
ORD_0008307,low
ORD_0008308,medium
ORD_0008309,medium
ORD_0008310,medium
ORD_0008311,medium
ORD_0008312,medium
ORD_0008313,medium
ORD_0008314,high
ORD_0008315,low
ORD_0008316,medium
ORD_0008317,low
ORD_0008318,medium
ORD_0008319,low
ORD_0008320,medium
ORD_0008321,medium
ORD_0008322,medium
ORD_0008323,high
ORD_0008324,high
ORD_0008325,low
ORD_0008326,low
ORD_0008327,medium
ORD_0008328,low
ORD_0008329,low
ORD_0008330,low
ORD_0008331,high
ORD_0008332,high
ORD_0008333,low
ORD_0008334,low
ORD_0008335,high
ORD_0008336,low
ORD_0008337,high
ORD_0008338,medium
ORD_0008339,low
ORD_0008340,low
ORD_0008341,medium
ORD_0008342,medium
ORD_0008343,low
ORD_0008344,high
ORD_0008345,medium
ORD_0008346,medium
ORD_0008347,high
ORD_0008348,medium
ORD_0008349,medium
ORD_0008350,high
ORD_0008351,low
ORD_0008352,high
ORD_0008353,low
ORD_0008354,low
ORD_0008355,low
ORD_0008356,low
ORD_0008357,medium
ORD_0008358,medium
ORD_0008359,medium
ORD_0008360,medium
ORD_0008361,high
ORD_0008362,medium
ORD_0008363,high
ORD_0008364,medium
ORD_0008365,medium
ORD_0008366,low
ORD_0008367,medium
ORD_0008368,medium
ORD_0008369,high
ORD_0008370,low
ORD_0008371,medium
ORD_0008372,high
ORD_0008373,low
ORD_0008374,low
ORD_0008375,low
ORD_0008376,medium
ORD_0008377,medium
ORD_0008378,low
ORD_0008379,low
ORD_0008380,low
ORD_0008381,low
ORD_0008382,low
ORD_0008383,high
ORD_0008384,medium
ORD_0008385,low
ORD_0008386,medium
ORD_0008387,high
ORD_0008388,low
ORD_0008389,high
ORD_0008390,medium
ORD_0008391,low
ORD_0008392,low
ORD_0008393,high
ORD_0008394,low
ORD_0008395,high
ORD_0008396,low
ORD_0008397,medium
ORD_0008398,low
ORD_0008399,low
ORD_0008400,medium
ORD_0008401,low
ORD_0008402,low
ORD_0008403,medium
ORD_0008404,high
ORD_0008405,high
ORD_0008406,low
ORD_0008407,low
ORD_0008408,low
ORD_0008409,low
ORD_0008410,medium
ORD_0008411,high
ORD_0008412,low
ORD_0008413,low
ORD_0008414,low
ORD_0008415,medium
ORD_0008416,high
ORD_0008417,low
ORD_0008418,low
ORD_0008419,low
ORD_0008420,medium
ORD_0008421,low
ORD_0008422,high
ORD_0008423,low
ORD_0008424,medium
ORD_0008425,low
ORD_0008426,medium
ORD_0008427,medium
ORD_0008428,low
ORD_0008429,low
ORD_0008430,high
ORD_0008431,low
ORD_0008432,low
ORD_0008433,low
ORD_0008434,medium
ORD_0008435,medium
ORD_0008436,low
ORD_0008437,low
ORD_0008438,low
ORD_0008439,low
ORD_0008440,medium
ORD_0008441,low
ORD_0008442,medium
ORD_0008443,low
ORD_0008444,medium
ORD_0008445,low
ORD_0008446,medium
ORD_0008447,low
ORD_0008448,low
ORD_0008449,high
ORD_0008450,low
ORD_0008451,low
ORD_0008452,medium
ORD_0008453,high
ORD_0008454,high
ORD_0008455,low
ORD_0008456,medium
ORD_0008457,low
ORD_0008458,medium
ORD_0008459,high
ORD_0008460,low
ORD_0008461,low
ORD_0008462,low
ORD_0008463,low
ORD_0008464,low
ORD_0008465,low
ORD_0008466,low
ORD_0008467,low
ORD_0008468,medium
ORD_0008469,low
ORD_0008470,low
ORD_0008471,low
ORD_0008472,low
ORD_0008473,medium
ORD_0008474,high
ORD_0008475,medium
ORD_0008476,low
ORD_0008477,low
ORD_0008478,medium
ORD_0008479,low
ORD_0008480,medium
ORD_0008481,high
ORD_0008482,low
ORD_0008483,medium
ORD_0008484,low
ORD_0008485,low
ORD_0008486,low
ORD_0008487,medium
ORD_0008488,low
ORD_0008489,low
ORD_0008490,high
ORD_0008491,low
ORD_0008492,medium
ORD_0008493,high
ORD_0008494,low
ORD_0008495,low
ORD_0008496,high
ORD_0008497,low
ORD_0008498,low
ORD_0008499,low
ORD_0008500,low
ORD_0008501,low
ORD_0008502,medium
ORD_0008503,low
ORD_0008504,high
ORD_0008505,high
ORD_0008506,medium
ORD_0008507,high
ORD_0008508,low
ORD_0008509,medium
ORD_0008510,low
ORD_0008511,low
ORD_0008512,high
ORD_0008513,medium
ORD_0008514,low
ORD_0008515,high
ORD_0008516,low
ORD_0008517,medium
ORD_0008518,medium
ORD_0008519,low
ORD_0008520,low
ORD_0008521,medium
ORD_0008522,high
ORD_0008523,medium
ORD_0008524,medium
ORD_0008525,medium
ORD_0008526,low
ORD_0008527,medium
ORD_0008528,medium
ORD_0008529,medium
ORD_0008530,low
ORD_0008531,low
ORD_0008532,low
ORD_0008533,medium
ORD_0008534,low
ORD_0008535,high
ORD_0008536,medium
ORD_0008537,low
ORD_0008538,low
ORD_0008539,low
ORD_0008540,high
ORD_0008541,low
ORD_0008542,medium
ORD_0008543,medium
ORD_0008544,low
ORD_0008545,low
ORD_0008546,high
ORD_0008547,medium
ORD_0008548,low
ORD_0008549,medium
ORD_0008550,medium
ORD_0008551,low
ORD_0008552,low
ORD_0008553,low
ORD_0008554,medium
ORD_0008555,low
ORD_0008556,low
ORD_0008557,low
ORD_0008558,low
ORD_0008559,low
ORD_0008560,low
ORD_0008561,high
ORD_0008562,medium
ORD_0008563,low
ORD_0008564,low
ORD_0008565,low
ORD_0008566,low
ORD_0008567,medium
ORD_0008568,low
ORD_0008569,medium
ORD_0008570,high
ORD_0008571,medium
ORD_0008572,low
ORD_0008573,low
ORD_0008574,low
ORD_0008575,high
ORD_0008576,low
ORD_0008577,high
ORD_0008578,low
ORD_0008579,medium
ORD_0008580,medium
ORD_0008581,low
ORD_0008582,low
ORD_0008583,medium
ORD_0008584,medium
ORD_0008585,low
ORD_0008586,medium
ORD_0008587,low
ORD_0008588,medium
ORD_0008589,low
ORD_0008590,low
ORD_0008591,low
ORD_0008592,medium
ORD_0008593,low
ORD_0008594,low
ORD_0008595,low
ORD_0008596,low
ORD_0008597,low
ORD_0008598,medium
ORD_0008599,medium
ORD_0008600,low
ORD_0008601,medium
ORD_0008602,low
ORD_0008603,medium
ORD_0008604,low
ORD_0008605,medium
ORD_0008606,medium
ORD_0008607,medium
ORD_0008608,medium
ORD_0008609,high
ORD_0008610,medium
ORD_0008611,low
ORD_0008612,high
ORD_0008613,low
ORD_0008614,low
ORD_0008615,high
ORD_0008616,high
ORD_0008617,low
ORD_0008618,medium
ORD_0008619,medium
ORD_0008620,medium
ORD_0008621,low
ORD_0008622,medium
ORD_0008623,medium
ORD_0008624,high
ORD_0008625,medium
ORD_0008626,low
ORD_0008627,low
ORD_0008628,low
ORD_0008629,low
ORD_0008630,low
ORD_0008631,low
ORD_0008632,high
ORD_0008633,high
ORD_0008634,medium
ORD_0008635,medium
ORD_0008636,high
ORD_0008637,medium
ORD_0008638,high
ORD_0008639,high
ORD_0008640,medium
ORD_0008641,low
ORD_0008642,low
ORD_0008643,low
ORD_0008644,medium
ORD_0008645,high
ORD_0008646,low
ORD_0008647,high
ORD_0008648,low
ORD_0008649,low
ORD_0008650,medium
ORD_0008651,medium
ORD_0008652,low
ORD_0008653,high
ORD_0008654,low
ORD_0008655,low
ORD_0008656,low
ORD_0008657,medium
ORD_0008658,low
ORD_0008659,low
ORD_0008660,low
ORD_0008661,high
ORD_0008662,high
ORD_0008663,medium
ORD_0008664,medium
ORD_0008665,low
ORD_0008666,high
ORD_0008667,low
ORD_0008668,low
ORD_0008669,high
ORD_0008670,low
ORD_0008671,high
ORD_0008672,high
ORD_0008673,high
ORD_0008674,medium
ORD_0008675,low
ORD_0008676,low
ORD_0008677,high
ORD_0008678,low
ORD_0008679,medium
ORD_0008680,medium
ORD_0008681,medium
ORD_0008682,high
ORD_0008683,high
ORD_0008684,low
ORD_0008685,low
ORD_0008686,high
ORD_0008687,medium
ORD_0008688,high
ORD_0008689,medium
ORD_0008690,low
ORD_0008691,low
ORD_0008692,low
ORD_0008693,low
ORD_0008694,medium
ORD_0008695,medium
ORD_0008696,low
ORD_0008697,high
ORD_0008698,high
ORD_0008699,high
ORD_0008700,high
ORD_0008701,low
ORD_0008702,low
ORD_0008703,medium
ORD_0008704,low
ORD_0008705,low
ORD_0008706,low
ORD_0008707,low
ORD_0008708,medium
ORD_0008709,high
ORD_0008710,medium
ORD_0008711,low
ORD_0008712,high
ORD_0008713,medium
ORD_0008714,high
ORD_0008715,low
ORD_0008716,low
ORD_0008717,low
ORD_0008718,high
ORD_0008719,medium
ORD_0008720,high
ORD_0008721,high
ORD_0008722,medium
ORD_0008723,high
ORD_0008724,low
ORD_0008725,high
ORD_0008726,high
ORD_0008727,low
ORD_0008728,low
ORD_0008729,low
ORD_0008730,low
ORD_0008731,high
ORD_0008732,low
ORD_0008733,low
ORD_0008734,low
ORD_0008735,medium
ORD_0008736,high
ORD_0008737,low
ORD_0008738,low
ORD_0008739,high
ORD_0008740,high
ORD_0008741,low
ORD_0008742,low
ORD_0008743,medium
ORD_0008744,high
ORD_0008745,medium
ORD_0008746,high
ORD_0008747,high
ORD_0008748,medium
ORD_0008749,low
ORD_0008750,low
ORD_0008751,medium
ORD_0008752,medium
ORD_0008753,low
ORD_0008754,low
ORD_0008755,low
ORD_0008756,medium
ORD_0008757,high
ORD_0008758,high
ORD_0008759,low
ORD_0008760,low
ORD_0008761,medium
ORD_0008762,low
ORD_0008763,high
ORD_0008764,high
ORD_0008765,high
ORD_0008766,medium
ORD_0008767,medium
ORD_0008768,low
ORD_0008769,low
ORD_0008770,medium
ORD_0008771,medium
ORD_0008772,medium
ORD_0008773,medium
ORD_0008774,medium
ORD_0008775,low
ORD_0008776,medium
ORD_0008777,low
ORD_0008778,low
ORD_0008779,high
ORD_0008780,low
ORD_0008781,low
ORD_0008782,low
ORD_0008783,medium
ORD_0008784,high
ORD_0008785,medium
ORD_0008786,low
ORD_0008787,low
ORD_0008788,low
ORD_0008789,low
ORD_0008790,low
ORD_0008791,low
ORD_0008792,medium
ORD_0008793,medium
ORD_0008794,low
ORD_0008795,medium
ORD_0008796,medium
ORD_0008797,medium
ORD_0008798,high
ORD_0008799,low
ORD_0008800,low
ORD_0008801,low
ORD_0008802,high
ORD_0008803,medium
ORD_0008804,medium
ORD_0008805,low
ORD_0008806,low
ORD_0008807,low
ORD_0008808,high
ORD_0008809,high
ORD_0008810,medium
ORD_0008811,high
ORD_0008812,low
ORD_0008813,low
ORD_0008814,low
ORD_0008815,medium
ORD_0008816,medium
ORD_0008817,low
ORD_0008818,low
ORD_0008819,medium
ORD_0008820,medium
ORD_0008821,low
ORD_0008822,medium
ORD_0008823,medium
ORD_0008824,high
ORD_0008825,low
ORD_0008826,medium
ORD_0008827,low
ORD_0008828,medium
ORD_0008829,high
ORD_0008830,high
ORD_0008831,low
ORD_0008832,high
ORD_0008833,low
ORD_0008834,medium
ORD_0008835,low
ORD_0008836,medium
ORD_0008837,low
ORD_0008838,medium
ORD_0008839,high
ORD_0008840,medium
ORD_0008841,high
ORD_0008842,medium
ORD_0008843,medium
ORD_0008844,high
ORD_0008845,high
ORD_0008846,medium
ORD_0008847,low
ORD_0008848,medium
ORD_0008849,medium
ORD_0008850,high
ORD_0008851,high
ORD_0008852,low
ORD_0008853,medium
ORD_0008854,low
ORD_0008855,high
ORD_0008856,high
ORD_0008857,low
ORD_0008858,medium
ORD_0008859,medium
ORD_0008860,low
ORD_0008861,low
ORD_0008862,low
ORD_0008863,high
ORD_0008864,high
ORD_0008865,high
ORD_0008866,medium
ORD_0008867,medium
ORD_0008868,high
ORD_0008869,high
ORD_0008870,medium
ORD_0008871,medium
ORD_0008872,medium
ORD_0008873,low
ORD_0008874,low
ORD_0008875,medium
ORD_0008876,high
ORD_0008877,medium
ORD_0008878,medium
ORD_0008879,low
ORD_0008880,high
ORD_0008881,high
ORD_0008882,medium
ORD_0008883,low
ORD_0008884,medium
ORD_0008885,low
ORD_0008886,low
ORD_0008887,low
ORD_0008888,medium
ORD_0008889,low
ORD_0008890,low
ORD_0008891,medium
ORD_0008892,low
ORD_0008893,low
ORD_0008894,medium
ORD_0008895,high
ORD_0008896,low
ORD_0008897,medium
ORD_0008898,high
ORD_0008899,low
ORD_0008900,low
ORD_0008901,high
ORD_0008902,low
ORD_0008903,low
ORD_0008904,low
ORD_0008905,low
ORD_0008906,low
ORD_0008907,low
ORD_0008908,low
ORD_0008909,low
ORD_0008910,high
ORD_0008911,low
ORD_0008912,high
ORD_0008913,medium
ORD_0008914,medium
ORD_0008915,low
ORD_0008916,high
ORD_0008917,high
ORD_0008918,medium
ORD_0008919,medium
ORD_0008920,low
ORD_0008921,low
ORD_0008922,low
ORD_0008923,medium
ORD_0008924,low
ORD_0008925,high
ORD_0008926,low
ORD_0008927,medium
ORD_0008928,high
ORD_0008929,medium
ORD_0008930,high
ORD_0008931,low
ORD_0008932,high
ORD_0008933,high
ORD_0008934,low
ORD_0008935,medium
ORD_0008936,high
ORD_0008937,low
ORD_0008938,medium
ORD_0008939,high
ORD_0008940,high
ORD_0008941,medium
ORD_0008942,low
ORD_0008943,high
ORD_0008944,low
ORD_0008945,medium
ORD_0008946,low
ORD_0008947,low
ORD_0008948,low
ORD_0008949,medium
ORD_0008950,low
ORD_0008951,low
ORD_0008952,medium
ORD_0008953,high
ORD_0008954,low
ORD_0008955,low
ORD_0008956,medium
ORD_0008957,medium
ORD_0008958,medium
ORD_0008959,low
ORD_0008960,low
ORD_0008961,medium
ORD_0008962,medium
ORD_0008963,high
ORD_0008964,low
ORD_0008965,high
ORD_0008966,low
ORD_0008967,low
ORD_0008968,medium
ORD_0008969,medium
ORD_0008970,low
ORD_0008971,low
ORD_0008972,medium
ORD_0008973,low
ORD_0008974,medium
ORD_0008975,high
ORD_0008976,high
ORD_0008977,low
ORD_0008978,low
ORD_0008979,medium
ORD_0008980,medium
ORD_0008981,medium
ORD_0008982,low
ORD_0008983,high
ORD_0008984,low
ORD_0008985,low
ORD_0008986,high
ORD_0008987,high
ORD_0008988,low
ORD_0008989,medium
ORD_0008990,medium
ORD_0008991,high
ORD_0008992,high
ORD_0008993,low
ORD_0008994,high
ORD_0008995,low
ORD_0008996,medium
ORD_0008997,medium
ORD_0008998,low
ORD_0008999,medium
ORD_0009000,medium
ORD_0009001,medium
ORD_0009002,medium
ORD_0009003,low
ORD_0009004,low
ORD_0009005,medium
ORD_0009006,low
ORD_0009007,low
ORD_0009008,low
ORD_0009009,low
ORD_0009010,low
ORD_0009011,medium
ORD_0009012,low
ORD_0009013,low
ORD_0009014,high
ORD_0009015,high
ORD_0009016,medium
ORD_0009017,medium
ORD_0009018,low
ORD_0009019,high
ORD_0009020,low
ORD_0009021,medium
ORD_0009022,low
ORD_0009023,low
ORD_0009024,medium
ORD_0009025,low
ORD_0009026,low
ORD_0009027,low
ORD_0009028,high
ORD_0009029,low
ORD_0009030,medium
ORD_0009031,low
ORD_0009032,low
ORD_0009033,high
ORD_0009034,low
ORD_0009035,medium
ORD_0009036,high
ORD_0009037,medium
ORD_0009038,high
ORD_0009039,medium
ORD_0009040,low
ORD_0009041,low
ORD_0009042,low
ORD_0009043,high
ORD_0009044,low
ORD_0009045,medium
ORD_0009046,medium
ORD_0009047,high
ORD_0009048,low
ORD_0009049,medium
ORD_0009050,medium
ORD_0009051,medium
ORD_0009052,medium
ORD_0009053,medium
ORD_0009054,medium
ORD_0009055,low
ORD_0009056,medium
ORD_0009057,low
ORD_0009058,high
ORD_0009059,low
ORD_0009060,high
ORD_0009061,medium
ORD_0009062,high
ORD_0009063,medium
ORD_0009064,high
ORD_0009065,medium
ORD_0009066,low
ORD_0009067,medium
ORD_0009068,low
ORD_0009069,low
ORD_0009070,medium
ORD_0009071,medium
ORD_0009072,low
ORD_0009073,medium
ORD_0009074,high
ORD_0009075,high
ORD_0009076,low
ORD_0009077,high
ORD_0009078,medium
ORD_0009079,medium
ORD_0009080,low
ORD_0009081,low
ORD_0009082,low
ORD_0009083,low
ORD_0009084,medium
ORD_0009085,low
ORD_0009086,medium
ORD_0009087,low
ORD_0009088,medium
ORD_0009089,medium
ORD_0009090,high
ORD_0009091,medium
ORD_0009092,low
ORD_0009093,high
ORD_0009094,high
ORD_0009095,low
ORD_0009096,low
ORD_0009097,medium
ORD_0009098,medium
ORD_0009099,medium
ORD_0009100,medium
ORD_0009101,medium
ORD_0009102,high
ORD_0009103,high
ORD_0009104,low
ORD_0009105,medium
ORD_0009106,medium
ORD_0009107,low
ORD_0009108,low
ORD_0009109,medium
ORD_0009110,low
ORD_0009111,low
ORD_0009112,medium
ORD_0009113,low
ORD_0009114,low
ORD_0009115,low
ORD_0009116,low
ORD_0009117,medium
ORD_0009118,low
ORD_0009119,low
ORD_0009120,low
ORD_0009121,low
ORD_0009122,medium
ORD_0009123,medium
ORD_0009124,low
ORD_0009125,medium
ORD_0009126,low
ORD_0009127,high
ORD_0009128,low
ORD_0009129,low
ORD_0009130,low
ORD_0009131,low
ORD_0009132,low
ORD_0009133,high
ORD_0009134,medium
ORD_0009135,high
ORD_0009136,medium
ORD_0009137,low
ORD_0009138,low
ORD_0009139,low
ORD_0009140,medium
ORD_0009141,low
ORD_0009142,high
ORD_0009143,high
ORD_0009144,medium
ORD_0009145,low
ORD_0009146,high
ORD_0009147,high
ORD_0009148,low
ORD_0009149,medium
ORD_0009150,low
ORD_0009151,high
ORD_0009152,medium
ORD_0009153,medium
ORD_0009154,low
ORD_0009155,low
ORD_0009156,medium
ORD_0009157,low
ORD_0009158,low
ORD_0009159,low
ORD_0009160,low
ORD_0009161,low
ORD_0009162,low
ORD_0009163,low
ORD_0009164,low
ORD_0009165,medium
ORD_0009166,low
ORD_0009167,low
ORD_0009168,medium
ORD_0009169,low
ORD_0009170,high
ORD_0009171,medium
ORD_0009172,low
ORD_0009173,medium
ORD_0009174,low
ORD_0009175,low
ORD_0009176,low
ORD_0009177,low
ORD_0009178,medium
ORD_0009179,low
ORD_0009180,medium
ORD_0009181,low
ORD_0009182,low
ORD_0009183,high
ORD_0009184,medium
ORD_0009185,high
ORD_0009186,low
ORD_0009187,low
ORD_0009188,low
ORD_0009189,medium
ORD_0009190,low
ORD_0009191,medium
ORD_0009192,medium
ORD_0009193,low
ORD_0009194,low
ORD_0009195,medium
ORD_0009196,low
ORD_0009197,medium
ORD_0009198,medium
ORD_0009199,high
ORD_0009200,high
ORD_0009201,medium
ORD_0009202,medium
ORD_0009203,high
ORD_0009204,low
ORD_0009205,high
ORD_0009206,medium
ORD_0009207,low
ORD_0009208,medium
ORD_0009209,low
ORD_0009210,low
ORD_0009211,medium
ORD_0009212,low
ORD_0009213,high
ORD_0009214,low
ORD_0009215,high
ORD_0009216,low
ORD_0009217,medium
ORD_0009218,low
ORD_0009219,low
ORD_0009220,low
ORD_0009221,low
ORD_0009222,medium
ORD_0009223,medium
ORD_0009224,low
ORD_0009225,low
ORD_0009226,medium
ORD_0009227,low
ORD_0009228,high
ORD_0009229,high
ORD_0009230,low
ORD_0009231,medium
ORD_0009232,medium
ORD_0009233,high
ORD_0009234,low
ORD_0009235,medium
ORD_0009236,medium
ORD_0009237,low
ORD_0009238,low
ORD_0009239,low
ORD_0009240,high
ORD_0009241,low
ORD_0009242,medium
ORD_0009243,high
ORD_0009244,low
ORD_0009245,low
ORD_0009246,medium
ORD_0009247,high
ORD_0009248,low
ORD_0009249,low
ORD_0009250,low
ORD_0009251,medium
ORD_0009252,low
ORD_0009253,low
ORD_0009254,medium
ORD_0009255,low
ORD_0009256,high
ORD_0009257,medium
ORD_0009258,medium
ORD_0009259,high
ORD_0009260,medium
ORD_0009261,low
ORD_0009262,low
ORD_0009263,medium
ORD_0009264,low
ORD_0009265,medium
ORD_0009266,low
ORD_0009267,low
ORD_0009268,high
ORD_0009269,low
ORD_0009270,low
ORD_0009271,low
ORD_0009272,low
ORD_0009273,high
ORD_0009274,high
ORD_0009275,low
ORD_0009276,low
ORD_0009277,low
ORD_0009278,low
ORD_0009279,medium
ORD_0009280,medium
ORD_0009281,low
ORD_0009282,low
ORD_0009283,low
ORD_0009284,low
ORD_0009285,low
ORD_0009286,high
ORD_0009287,high
ORD_0009288,medium
ORD_0009289,low
ORD_0009290,medium
ORD_0009291,low
ORD_0009292,high
ORD_0009293,medium
ORD_0009294,low
ORD_0009295,low
ORD_0009296,low
ORD_0009297,low
ORD_0009298,low
ORD_0009299,low
ORD_0009300,medium
ORD_0009301,low
ORD_0009302,medium
ORD_0009303,medium
ORD_0009304,medium
ORD_0009305,medium
ORD_0009306,high
ORD_0009307,high
ORD_0009308,low
ORD_0009309,low
ORD_0009310,low
ORD_0009311,high
ORD_0009312,high
ORD_0009313,low
ORD_0009314,low
ORD_0009315,medium
ORD_0009316,high
ORD_0009317,high
ORD_0009318,high
ORD_0009319,low
ORD_0009320,medium
ORD_0009321,low
ORD_0009322,medium
ORD_0009323,medium
ORD_0009324,low
ORD_0009325,high
ORD_0009326,low
ORD_0009327,high
ORD_0009328,low
ORD_0009329,medium
ORD_0009330,high
ORD_0009331,low
ORD_0009332,low
ORD_0009333,low
ORD_0009334,low
ORD_0009335,medium
ORD_0009336,high
ORD_0009337,low
ORD_0009338,low
ORD_0009339,low
ORD_0009340,medium
ORD_0009341,medium
ORD_0009342,low
ORD_0009343,high
ORD_0009344,low
ORD_0009345,medium
ORD_0009346,low
ORD_0009347,medium
ORD_0009348,low
ORD_0009349,low
ORD_0009350,low
ORD_0009351,high
ORD_0009352,medium
ORD_0009353,low
ORD_0009354,high
ORD_0009355,low
ORD_0009356,high
ORD_0009357,low
ORD_0009358,high
ORD_0009359,medium
ORD_0009360,low
ORD_0009361,high
ORD_0009362,low
ORD_0009363,low
ORD_0009364,low
ORD_0009365,low
ORD_0009366,medium
ORD_0009367,low
ORD_0009368,low
ORD_0009369,low
ORD_0009370,high
ORD_0009371,medium
ORD_0009372,medium
ORD_0009373,low
ORD_0009374,medium
ORD_0009375,low
ORD_0009376,high
ORD_0009377,low
ORD_0009378,low
ORD_0009379,low
ORD_0009380,low
ORD_0009381,low
ORD_0009382,medium
ORD_0009383,low
ORD_0009384,low
ORD_0009385,low
ORD_0009386,low
ORD_0009387,medium
ORD_0009388,medium
ORD_0009389,low
ORD_0009390,high
ORD_0009391,medium
ORD_0009392,medium
ORD_0009393,medium
ORD_0009394,high
ORD_0009395,medium
ORD_0009396,low
ORD_0009397,low
ORD_0009398,low
ORD_0009399,low
ORD_0009400,low
ORD_0009401,low
ORD_0009402,low
ORD_0009403,low
ORD_0009404,low
ORD_0009405,medium
ORD_0009406,high
ORD_0009407,low
ORD_0009408,low
ORD_0009409,low
ORD_0009410,medium
ORD_0009411,high
ORD_0009412,high
ORD_0009413,medium
ORD_0009414,high
ORD_0009415,medium
ORD_0009416,medium
ORD_0009417,low
ORD_0009418,low
ORD_0009419,low
ORD_0009420,low
ORD_0009421,medium
ORD_0009422,high
ORD_0009423,high
ORD_0009424,low
ORD_0009425,low
ORD_0009426,high
ORD_0009427,high
ORD_0009428,low
ORD_0009429,high
ORD_0009430,low
ORD_0009431,low
ORD_0009432,low
ORD_0009433,medium
ORD_0009434,high
ORD_0009435,high
ORD_0009436,low
ORD_0009437,low
ORD_0009438,low
ORD_0009439,medium
ORD_0009440,low
ORD_0009441,low
ORD_0009442,low
ORD_0009443,low
ORD_0009444,medium
ORD_0009445,low
ORD_0009446,medium
ORD_0009447,low
ORD_0009448,medium
ORD_0009449,low
ORD_0009450,medium
ORD_0009451,high
ORD_0009452,medium
ORD_0009453,high
ORD_0009454,low
ORD_0009455,low
ORD_0009456,medium
ORD_0009457,medium
ORD_0009458,high
ORD_0009459,high
ORD_0009460,low
ORD_0009461,medium
ORD_0009462,low
ORD_0009463,medium
ORD_0009464,medium
ORD_0009465,medium
ORD_0009466,high
ORD_0009467,low
ORD_0009468,high
ORD_0009469,low
ORD_0009470,high
ORD_0009471,low
ORD_0009472,low
ORD_0009473,medium
ORD_0009474,low
ORD_0009475,medium
ORD_0009476,low
ORD_0009477,low
ORD_0009478,high
ORD_0009479,low
ORD_0009480,low
ORD_0009481,high
ORD_0009482,high
ORD_0009483,low
ORD_0009484,low
ORD_0009485,low
ORD_0009486,low
ORD_0009487,low
ORD_0009488,low
ORD_0009489,medium
ORD_0009490,low
ORD_0009491,low
ORD_0009492,high
ORD_0009493,low
ORD_0009494,medium
ORD_0009495,low
ORD_0009496,low
ORD_0009497,high
ORD_0009498,low
ORD_0009499,medium
ORD_0009500,low
ORD_0009501,high
ORD_0009502,high
ORD_0009503,low
ORD_0009504,low
ORD_0009505,high
ORD_0009506,medium
ORD_0009507,high
ORD_0009508,low
ORD_0009509,low
ORD_0009510,low
ORD_0009511,medium
ORD_0009512,medium
ORD_0009513,low
ORD_0009514,low
ORD_0009515,high
ORD_0009516,low
ORD_0009517,medium
ORD_0009518,low
ORD_0009519,medium
ORD_0009520,high
ORD_0009521,low
ORD_0009522,medium
ORD_0009523,low
ORD_0009524,medium
ORD_0009525,medium
ORD_0009526,low
ORD_0009527,high
ORD_0009528,medium
ORD_0009529,low
ORD_0009530,low
ORD_0009531,low
ORD_0009532,medium
ORD_0009533,high
ORD_0009534,high
ORD_0009535,low
ORD_0009536,low
ORD_0009537,low
ORD_0009538,medium
ORD_0009539,medium
ORD_0009540,medium
ORD_0009541,low
ORD_0009542,low
ORD_0009543,high
ORD_0009544,high
ORD_0009545,low
ORD_0009546,medium
ORD_0009547,high
ORD_0009548,medium
ORD_0009549,high
ORD_0009550,medium
ORD_0009551,high
ORD_0009552,low
ORD_0009553,medium
ORD_0009554,high
ORD_0009555,low
ORD_0009556,low
ORD_0009557,high
ORD_0009558,medium
ORD_0009559,low
ORD_0009560,low
ORD_0009561,medium
ORD_0009562,low
ORD_0009563,high
ORD_0009564,medium
ORD_0009565,medium
ORD_0009566,high
ORD_0009567,high
ORD_0009568,low
ORD_0009569,medium
ORD_0009570,low
ORD_0009571,low
ORD_0009572,low
ORD_0009573,low
ORD_0009574,low
ORD_0009575,low
ORD_0009576,low
ORD_0009577,low
ORD_0009578,low
ORD_0009579,low
ORD_0009580,low
ORD_0009581,low
ORD_0009582,low
ORD_0009583,low
ORD_0009584,low
ORD_0009585,low
ORD_0009586,low
ORD_0009587,medium
ORD_0009588,medium
ORD_0009589,low
ORD_0009590,medium
ORD_0009591,low
ORD_0009592,medium
ORD_0009593,high
ORD_0009594,medium
ORD_0009595,high
ORD_0009596,medium
ORD_0009597,low
ORD_0009598,medium
ORD_0009599,low
ORD_0009600,low
ORD_0009601,medium
ORD_0009602,low
ORD_0009603,low
ORD_0009604,low
ORD_0009605,high
ORD_0009606,low
ORD_0009607,high
ORD_0009608,high
ORD_0009609,high
ORD_0009610,low
ORD_0009611,high
ORD_0009612,high
ORD_0009613,low
ORD_0009614,high
ORD_0009615,high
ORD_0009616,low
ORD_0009617,low
ORD_0009618,low
ORD_0009619,high
ORD_0009620,low
ORD_0009621,low
ORD_0009622,medium
ORD_0009623,low
ORD_0009624,low
ORD_0009625,low
ORD_0009626,low
ORD_0009627,medium
ORD_0009628,medium
ORD_0009629,low
ORD_0009630,low
ORD_0009631,low
ORD_0009632,low
ORD_0009633,low
ORD_0009634,medium
ORD_0009635,low
ORD_0009636,medium
ORD_0009637,high
ORD_0009638,high
ORD_0009639,low
ORD_0009640,high
ORD_0009641,medium
ORD_0009642,high
ORD_0009643,low
ORD_0009644,high
ORD_0009645,low
ORD_0009646,low
ORD_0009647,low
ORD_0009648,low
ORD_0009649,low
ORD_0009650,medium
ORD_0009651,medium
ORD_0009652,medium
ORD_0009653,high
ORD_0009654,medium
ORD_0009655,medium
ORD_0009656,low
ORD_0009657,high
ORD_0009658,low
ORD_0009659,low
ORD_0009660,low
ORD_0009661,medium
ORD_0009662,low
ORD_0009663,high
ORD_0009664,medium
ORD_0009665,low
ORD_0009666,medium
ORD_0009667,low
ORD_0009668,medium
ORD_0009669,medium
ORD_0009670,low
ORD_0009671,medium
ORD_0009672,high
ORD_0009673,high
ORD_0009674,medium
ORD_0009675,medium
ORD_0009676,high
ORD_0009677,low
ORD_0009678,medium
ORD_0009679,high
ORD_0009680,medium
ORD_0009681,high
ORD_0009682,low
ORD_0009683,medium
ORD_0009684,high
ORD_0009685,low
ORD_0009686,low
ORD_0009687,medium
ORD_0009688,medium
ORD_0009689,low
ORD_0009690,high
ORD_0009691,high
ORD_0009692,high
ORD_0009693,medium
ORD_0009694,low
ORD_0009695,medium
ORD_0009696,high
ORD_0009697,low
ORD_0009698,low
ORD_0009699,high
ORD_0009700,low
ORD_0009701,high
ORD_0009702,medium
ORD_0009703,medium
ORD_0009704,low
ORD_0009705,high
ORD_0009706,medium
ORD_0009707,low
ORD_0009708,low
ORD_0009709,high
ORD_0009710,medium
ORD_0009711,medium
ORD_0009712,medium
ORD_0009713,medium
ORD_0009714,medium
ORD_0009715,medium
ORD_0009716,low
ORD_0009717,medium
ORD_0009718,medium
ORD_0009719,low
ORD_0009720,medium
ORD_0009721,medium
ORD_0009722,medium
ORD_0009723,medium
ORD_0009724,high
ORD_0009725,high
ORD_0009726,low
ORD_0009727,low
ORD_0009728,medium
ORD_0009729,high
ORD_0009730,low
ORD_0009731,low
ORD_0009732,low
ORD_0009733,low
ORD_0009734,medium
ORD_0009735,medium
ORD_0009736,low
ORD_0009737,medium
ORD_0009738,low
ORD_0009739,low
ORD_0009740,low
ORD_0009741,low
ORD_0009742,medium
ORD_0009743,high
ORD_0009744,low
ORD_0009745,medium
ORD_0009746,medium
ORD_0009747,medium
ORD_0009748,low
ORD_0009749,low
ORD_0009750,medium
ORD_0009751,medium
ORD_0009752,medium
ORD_0009753,medium
ORD_0009754,medium
ORD_0009755,medium
ORD_0009756,medium
ORD_0009757,medium
ORD_0009758,high
ORD_0009759,medium
ORD_0009760,medium
ORD_0009761,low
ORD_0009762,medium
ORD_0009763,medium
ORD_0009764,high
ORD_0009765,low
ORD_0009766,low
ORD_0009767,low
ORD_0009768,medium
ORD_0009769,medium
ORD_0009770,low
ORD_0009771,low
ORD_0009772,medium
ORD_0009773,low
ORD_0009774,medium
ORD_0009775,high
ORD_0009776,medium
ORD_0009777,high
ORD_0009778,low
ORD_0009779,low
ORD_0009780,high
ORD_0009781,low
ORD_0009782,low
ORD_0009783,low
ORD_0009784,high
ORD_0009785,low
ORD_0009786,low
ORD_0009787,low
ORD_0009788,low
ORD_0009789,low
ORD_0009790,medium
ORD_0009791,medium
ORD_0009792,low
ORD_0009793,medium
ORD_0009794,high
ORD_0009795,medium
ORD_0009796,low
ORD_0009797,high
ORD_0009798,low
ORD_0009799,low
ORD_0009800,high
ORD_0009801,low
ORD_0009802,high
ORD_0009803,low
ORD_0009804,low
ORD_0009805,low
ORD_0009806,medium
ORD_0009807,medium
ORD_0009808,high
ORD_0009809,low
ORD_0009810,high
ORD_0009811,low
ORD_0009812,medium
ORD_0009813,low
ORD_0009814,high
ORD_0009815,low
ORD_0009816,medium
ORD_0009817,medium
ORD_0009818,low
ORD_0009819,low
ORD_0009820,low
ORD_0009821,low
ORD_0009822,high
ORD_0009823,medium
ORD_0009824,high
ORD_0009825,high
ORD_0009826,high
ORD_0009827,low
ORD_0009828,low
ORD_0009829,medium
ORD_0009830,high
ORD_0009831,low
ORD_0009832,high
ORD_0009833,low
ORD_0009834,medium
ORD_0009835,medium
ORD_0009836,low
ORD_0009837,high
ORD_0009838,low
ORD_0009839,high
ORD_0009840,high
ORD_0009841,high
ORD_0009842,high
ORD_0009843,medium
ORD_0009844,high
ORD_0009845,medium
ORD_0009846,low
ORD_0009847,medium
ORD_0009848,medium
ORD_0009849,medium
ORD_0009850,low
ORD_0009851,medium
ORD_0009852,high
ORD_0009853,low
ORD_0009854,low
ORD_0009855,medium
ORD_0009856,medium
ORD_0009857,low
ORD_0009858,low
ORD_0009859,low
ORD_0009860,high
ORD_0009861,low
ORD_0009862,high
ORD_0009863,medium
ORD_0009864,medium
ORD_0009865,medium
ORD_0009866,medium
ORD_0009867,medium
ORD_0009868,medium
ORD_0009869,low
ORD_0009870,high
ORD_0009871,low
ORD_0009872,medium
ORD_0009873,medium
ORD_0009874,low
ORD_0009875,low
ORD_0009876,low
ORD_0009877,medium
ORD_0009878,low
ORD_0009879,low
ORD_0009880,low
ORD_0009881,low
ORD_0009882,low
ORD_0009883,high
ORD_0009884,medium
ORD_0009885,medium
ORD_0009886,medium
ORD_0009887,low
ORD_0009888,high
ORD_0009889,medium
ORD_0009890,low
ORD_0009891,low
ORD_0009892,medium
ORD_0009893,low
ORD_0009894,low
ORD_0009895,low
ORD_0009896,low
ORD_0009897,low
ORD_0009898,medium
ORD_0009899,medium
ORD_0009900,medium
ORD_0009901,low
ORD_0009902,medium
ORD_0009903,low
ORD_0009904,medium
ORD_0009905,high
ORD_0009906,high
ORD_0009907,medium
ORD_0009908,low
ORD_0009909,medium
ORD_0009910,low
ORD_0009911,high
ORD_0009912,low
ORD_0009913,medium
ORD_0009914,low
ORD_0009915,low
ORD_0009916,medium
ORD_0009917,high
ORD_0009918,medium
ORD_0009919,medium
ORD_0009920,medium
ORD_0009921,medium
ORD_0009922,high
ORD_0009923,high
ORD_0009924,medium
ORD_0009925,medium
ORD_0009926,low
ORD_0009927,high
ORD_0009928,high
ORD_0009929,high
ORD_0009930,medium
ORD_0009931,high
ORD_0009932,medium
ORD_0009933,medium
ORD_0009934,medium
ORD_0009935,low
ORD_0009936,medium
ORD_0009937,low
ORD_0009938,high
ORD_0009939,low
ORD_0009940,low
ORD_0009941,low
ORD_0009942,low
ORD_0009943,low
ORD_0009944,low
ORD_0009945,medium
ORD_0009946,medium
ORD_0009947,low
ORD_0009948,medium
ORD_0009949,low
ORD_0009950,low
ORD_0009951,low
ORD_0009952,high
ORD_0009953,low
ORD_0009954,medium
ORD_0009955,medium
ORD_0009956,high
ORD_0009957,low
ORD_0009958,high
ORD_0009959,medium
ORD_0009960,low
ORD_0009961,low
ORD_0009962,medium
ORD_0009963,medium
ORD_0009964,low
ORD_0009965,medium
ORD_0009966,low
ORD_0009967,low
ORD_0009968,low
ORD_0009969,low
ORD_0009970,low
ORD_0009971,low
ORD_0009972,high
ORD_0009973,low
ORD_0009974,low
ORD_0009975,high
ORD_0009976,low
ORD_0009977,high
ORD_0009978,low
ORD_0009979,medium
ORD_0009980,high
ORD_0009981,low
ORD_0009982,low
ORD_0009983,medium
ORD_0009984,high
ORD_0009985,low
ORD_0009986,medium
ORD_0009987,medium
ORD_0009988,high
ORD_0009989,low
ORD_0009990,low
ORD_0009991,high
ORD_0009992,low
ORD_0009993,medium
ORD_0009994,high
ORD_0009995,high
ORD_0009996,low
ORD_0009997,low
ORD_0009998,low
ORD_0009999,low
ORD_0010000,medium
ORD_0010001,low
ORD_0010002,medium
ORD_0010003,low
ORD_0010004,medium
ORD_0010005,low
ORD_0010006,low
ORD_0010007,medium
ORD_0010008,low
ORD_0010009,low
ORD_0010010,low
ORD_0010011,medium
ORD_0010012,medium
ORD_0010013,low
ORD_0010014,low
ORD_0010015,medium
ORD_0010016,low
ORD_0010017,high
ORD_0010018,medium
ORD_0010019,low
ORD_0010020,medium
ORD_0010021,low
ORD_0010022,low
ORD_0010023,medium
ORD_0010024,low
ORD_0010025,medium
ORD_0010026,high
ORD_0010027,low
ORD_0010028,low
ORD_0010029,high
ORD_0010030,low
ORD_0010031,low
ORD_0010032,low
ORD_0010033,medium
ORD_0010034,high
ORD_0010035,medium
ORD_0010036,high
ORD_0010037,low
ORD_0010038,low
ORD_0010039,high
ORD_0010040,high
ORD_0010041,low
ORD_0010042,low
ORD_0010043,low
ORD_0010044,low
ORD_0010045,low
ORD_0010046,low
ORD_0010047,low
ORD_0010048,low
ORD_0010049,low
ORD_0010050,high
ORD_0010051,low
ORD_0010052,low
ORD_0010053,medium
ORD_0010054,medium
ORD_0010055,medium
ORD_0010056,low
ORD_0010057,high
ORD_0010058,high
ORD_0010059,high
ORD_0010060,low
ORD_0010061,high
ORD_0010062,low
ORD_0010063,medium
ORD_0010064,medium
ORD_0010065,medium
ORD_0010066,medium
ORD_0010067,low
ORD_0010068,low
ORD_0010069,high
ORD_0010070,low
ORD_0010071,high
ORD_0010072,low
ORD_0010073,low
ORD_0010074,low
ORD_0010075,low
ORD_0010076,high
ORD_0010077,high
ORD_0010078,high
ORD_0010079,medium
ORD_0010080,low
ORD_0010081,medium
ORD_0010082,high
ORD_0010083,low
ORD_0010084,low
ORD_0010085,low
ORD_0010086,medium
ORD_0010087,low
ORD_0010088,high
ORD_0010089,low
ORD_0010090,low
ORD_0010091,low
ORD_0010092,low
ORD_0010093,low
ORD_0010094,low
ORD_0010095,high
ORD_0010096,low
ORD_0010097,medium
ORD_0010098,medium
ORD_0010099,medium
ORD_0010100,low
ORD_0010101,high
ORD_0010102,medium
ORD_0010103,medium
ORD_0010104,low
ORD_0010105,low
ORD_0010106,low
ORD_0010107,low
ORD_0010108,low
ORD_0010109,low
ORD_0010110,medium
ORD_0010111,medium
ORD_0010112,medium
ORD_0010113,medium
ORD_0010114,low
ORD_0010115,medium
ORD_0010116,high
ORD_0010117,low
ORD_0010118,low
ORD_0010119,low
ORD_0010120,low
ORD_0010121,low
ORD_0010122,high
ORD_0010123,medium
ORD_0010124,low
ORD_0010125,medium
ORD_0010126,low
ORD_0010127,high
ORD_0010128,high
ORD_0010129,low
ORD_0010130,low
ORD_0010131,low
ORD_0010132,low
ORD_0010133,low
ORD_0010134,low
ORD_0010135,low
ORD_0010136,low
ORD_0010137,high
ORD_0010138,low
ORD_0010139,high
ORD_0010140,low
ORD_0010141,low
ORD_0010142,high
ORD_0010143,high
ORD_0010144,medium
ORD_0010145,medium
ORD_0010146,low
ORD_0010147,medium
ORD_0010148,low
ORD_0010149,medium
ORD_0010150,medium
ORD_0010151,low
ORD_0010152,medium
ORD_0010153,low
ORD_0010154,medium
ORD_0010155,low
ORD_0010156,low
ORD_0010157,low
ORD_0010158,low
ORD_0010159,medium
ORD_0010160,high
ORD_0010161,high
ORD_0010162,medium
ORD_0010163,medium
ORD_0010164,low
ORD_0010165,low
ORD_0010166,low
ORD_0010167,high
ORD_0010168,low
ORD_0010169,low
ORD_0010170,low
ORD_0010171,medium
ORD_0010172,high
ORD_0010173,low
ORD_0010174,high
ORD_0010175,low
ORD_0010176,low
ORD_0010177,low
ORD_0010178,low
ORD_0010179,medium
ORD_0010180,low
ORD_0010181,medium
ORD_0010182,medium
ORD_0010183,low
ORD_0010184,medium
ORD_0010185,medium
ORD_0010186,low
ORD_0010187,medium
ORD_0010188,low
ORD_0010189,medium
ORD_0010190,medium
ORD_0010191,medium
ORD_0010192,low
ORD_0010193,low
ORD_0010194,high
ORD_0010195,medium
ORD_0010196,low
ORD_0010197,high
ORD_0010198,medium
ORD_0010199,medium
ORD_0010200,medium
ORD_0010201,low
ORD_0010202,medium
ORD_0010203,low
ORD_0010204,medium
ORD_0010205,medium
ORD_0010206,low
ORD_0010207,low
ORD_0010208,high
ORD_0010209,low
ORD_0010210,low
ORD_0010211,medium
ORD_0010212,low
ORD_0010213,low
ORD_0010214,low
ORD_0010215,low
ORD_0010216,low
ORD_0010217,high
ORD_0010218,medium
ORD_0010219,high
ORD_0010220,high
ORD_0010221,low
ORD_0010222,high
ORD_0010223,low
ORD_0010224,medium
ORD_0010225,high
ORD_0010226,low
ORD_0010227,high
ORD_0010228,low
ORD_0010229,low
ORD_0010230,low
ORD_0010231,medium
ORD_0010232,low
ORD_0010233,high
ORD_0010234,low
ORD_0010235,medium
ORD_0010236,medium
ORD_0010237,high
ORD_0010238,medium
ORD_0010239,high
ORD_0010240,medium
ORD_0010241,medium
ORD_0010242,low
ORD_0010243,medium
ORD_0010244,low
ORD_0010245,medium
ORD_0010246,medium
ORD_0010247,low
ORD_0010248,medium
ORD_0010249,medium
ORD_0010250,low
ORD_0010251,medium
ORD_0010252,medium
ORD_0010253,low
ORD_0010254,low
ORD_0010255,medium
ORD_0010256,low
ORD_0010257,high
ORD_0010258,low
ORD_0010259,low
ORD_0010260,low
ORD_0010261,low
ORD_0010262,low
ORD_0010263,low
ORD_0010264,medium
ORD_0010265,high
ORD_0010266,low
ORD_0010267,low
ORD_0010268,low
ORD_0010269,low
ORD_0010270,low
ORD_0010271,medium
ORD_0010272,high
ORD_0010273,high
ORD_0010274,low
ORD_0010275,medium
ORD_0010276,low
ORD_0010277,low
ORD_0010278,low
ORD_0010279,low
ORD_0010280,low
ORD_0010281,low
ORD_0010282,medium
ORD_0010283,high
ORD_0010284,medium
ORD_0010285,low
ORD_0010286,high
ORD_0010287,medium
ORD_0010288,low
ORD_0010289,low
ORD_0010290,medium
ORD_0010291,low
ORD_0010292,low
ORD_0010293,low
ORD_0010294,medium
ORD_0010295,medium
ORD_0010296,medium
ORD_0010297,medium
ORD_0010298,high
ORD_0010299,low
ORD_0010300,medium
ORD_0010301,low
ORD_0010302,medium
ORD_0010303,medium
ORD_0010304,medium
ORD_0010305,low
ORD_0010306,low
ORD_0010307,high
ORD_0010308,low
ORD_0010309,low
ORD_0010310,low
ORD_0010311,low
ORD_0010312,low
ORD_0010313,high
ORD_0010314,high
ORD_0010315,medium
ORD_0010316,low
ORD_0010317,low
ORD_0010318,medium
ORD_0010319,high
ORD_0010320,medium
ORD_0010321,medium
ORD_0010322,low
ORD_0010323,low
ORD_0010324,low
ORD_0010325,low
ORD_0010326,medium
ORD_0010327,low
ORD_0010328,high
ORD_0010329,low
ORD_0010330,medium
ORD_0010331,high
ORD_0010332,medium
ORD_0010333,low
ORD_0010334,low
ORD_0010335,low
ORD_0010336,low
ORD_0010337,low
ORD_0010338,low
ORD_0010339,low
ORD_0010340,low
ORD_0010341,medium
ORD_0010342,low
ORD_0010343,low
ORD_0010344,low
ORD_0010345,medium
ORD_0010346,low
ORD_0010347,high
ORD_0010348,low
ORD_0010349,low
ORD_0010350,low
ORD_0010351,low
ORD_0010352,low
ORD_0010353,high
ORD_0010354,low
ORD_0010355,high
ORD_0010356,low
ORD_0010357,low
ORD_0010358,low
ORD_0010359,high
ORD_0010360,low
ORD_0010361,low
ORD_0010362,high
ORD_0010363,medium
ORD_0010364,medium
ORD_0010365,medium
ORD_0010366,high
ORD_0010367,low
ORD_0010368,low
ORD_0010369,low
ORD_0010370,high
ORD_0010371,low
ORD_0010372,low
ORD_0010373,medium
ORD_0010374,high
ORD_0010375,low
ORD_0010376,low
ORD_0010377,high
ORD_0010378,low
ORD_0010379,medium
ORD_0010380,low
ORD_0010381,low
ORD_0010382,low
ORD_0010383,medium
ORD_0010384,high
ORD_0010385,low
ORD_0010386,medium
ORD_0010387,low
ORD_0010388,high
ORD_0010389,low
ORD_0010390,low
ORD_0010391,medium
ORD_0010392,medium
ORD_0010393,high
ORD_0010394,high
ORD_0010395,low
ORD_0010396,low
ORD_0010397,low
ORD_0010398,low
ORD_0010399,low
ORD_0010400,low
ORD_0010401,high
ORD_0010402,low
ORD_0010403,medium
ORD_0010404,high
ORD_0010405,low
ORD_0010406,low
ORD_0010407,low
ORD_0010408,medium
ORD_0010409,low
ORD_0010410,low
ORD_0010411,low
ORD_0010412,high
ORD_0010413,low
ORD_0010414,low
ORD_0010415,low
ORD_0010416,low
ORD_0010417,low
ORD_0010418,low
ORD_0010419,medium
ORD_0010420,low
ORD_0010421,medium
ORD_0010422,medium
ORD_0010423,high
ORD_0010424,low
ORD_0010425,medium
ORD_0010426,high
ORD_0010427,low
ORD_0010428,low
ORD_0010429,low
ORD_0010430,low
ORD_0010431,low
ORD_0010432,low
ORD_0010433,low
ORD_0010434,low
ORD_0010435,low
ORD_0010436,low
ORD_0010437,medium
ORD_0010438,low
ORD_0010439,low
ORD_0010440,low
ORD_0010441,low
ORD_0010442,low
ORD_0010443,high
ORD_0010444,low
ORD_0010445,high
ORD_0010446,low
ORD_0010447,low
ORD_0010448,high
ORD_0010449,low
ORD_0010450,low
ORD_0010451,high
ORD_0010452,low
ORD_0010453,medium
ORD_0010454,high
ORD_0010455,medium
ORD_0010456,high
ORD_0010457,low
ORD_0010458,medium
ORD_0010459,low
ORD_0010460,medium
ORD_0010461,medium
ORD_0010462,high
ORD_0010463,high
ORD_0010464,medium
ORD_0010465,low
ORD_0010466,medium
ORD_0010467,low
ORD_0010468,medium
ORD_0010469,low
ORD_0010470,low
ORD_0010471,medium
ORD_0010472,low
ORD_0010473,medium
ORD_0010474,high
ORD_0010475,medium
ORD_0010476,high
ORD_0010477,low
ORD_0010478,low
ORD_0010479,low
ORD_0010480,low
ORD_0010481,low
ORD_0010482,high
ORD_0010483,high
ORD_0010484,medium
ORD_0010485,medium
ORD_0010486,low
ORD_0010487,medium
ORD_0010488,low
ORD_0010489,low
ORD_0010490,medium
ORD_0010491,low
ORD_0010492,medium
ORD_0010493,medium
ORD_0010494,low
ORD_0010495,low
ORD_0010496,low
ORD_0010497,low
ORD_0010498,medium
ORD_0010499,low
ORD_0010500,low
ORD_0010501,medium
ORD_0010502,medium
ORD_0010503,high
ORD_0010504,medium
ORD_0010505,low
ORD_0010506,high
ORD_0010507,low
ORD_0010508,medium
ORD_0010509,low
ORD_0010510,high
ORD_0010511,medium
ORD_0010512,medium
ORD_0010513,high
ORD_0010514,high
ORD_0010515,medium
ORD_0010516,low
ORD_0010517,high
ORD_0010518,high
ORD_0010519,high
ORD_0010520,low
ORD_0010521,medium
ORD_0010522,high
ORD_0010523,low
ORD_0010524,low
ORD_0010525,medium
ORD_0010526,medium
ORD_0010527,high
ORD_0010528,low
ORD_0010529,high
ORD_0010530,low
ORD_0010531,high
ORD_0010532,low
ORD_0010533,medium
ORD_0010534,low
ORD_0010535,high
ORD_0010536,low
ORD_0010537,low
ORD_0010538,low
ORD_0010539,medium
ORD_0010540,high
ORD_0010541,medium
ORD_0010542,medium
ORD_0010543,low
ORD_0010544,low
ORD_0010545,low
ORD_0010546,low
ORD_0010547,medium
ORD_0010548,low
ORD_0010549,high
ORD_0010550,low
ORD_0010551,low
ORD_0010552,high
ORD_0010553,low
ORD_0010554,low
ORD_0010555,medium
ORD_0010556,low
ORD_0010557,medium
ORD_0010558,low
ORD_0010559,low
ORD_0010560,low
ORD_0010561,low
ORD_0010562,high
ORD_0010563,low
ORD_0010564,low
ORD_0010565,high
ORD_0010566,medium
ORD_0010567,medium
ORD_0010568,low
ORD_0010569,high
ORD_0010570,low
ORD_0010571,high
ORD_0010572,low
ORD_0010573,medium
ORD_0010574,high
ORD_0010575,high
ORD_0010576,low
ORD_0010577,low
ORD_0010578,low
ORD_0010579,low
ORD_0010580,high
ORD_0010581,low
ORD_0010582,low
ORD_0010583,low
ORD_0010584,low
ORD_0010585,low
ORD_0010586,medium
ORD_0010587,medium
ORD_0010588,low
ORD_0010589,low
ORD_0010590,low
ORD_0010591,low
ORD_0010592,medium
ORD_0010593,low
ORD_0010594,low
ORD_0010595,medium
ORD_0010596,medium
ORD_0010597,low
ORD_0010598,low
ORD_0010599,medium
ORD_0010600,medium
ORD_0010601,high
ORD_0010602,low
ORD_0010603,high
ORD_0010604,low
ORD_0010605,low
ORD_0010606,low
ORD_0010607,low
ORD_0010608,high
ORD_0010609,high
ORD_0010610,low
ORD_0010611,low
ORD_0010612,low
ORD_0010613,medium
ORD_0010614,low
ORD_0010615,low
ORD_0010616,low
ORD_0010617,medium
ORD_0010618,medium
ORD_0010619,medium
ORD_0010620,low
ORD_0010621,medium
ORD_0010622,low
ORD_0010623,medium
ORD_0010624,low
ORD_0010625,low
ORD_0010626,low
ORD_0010627,high
ORD_0010628,low
ORD_0010629,low
ORD_0010630,low
ORD_0010631,medium
ORD_0010632,high
ORD_0010633,medium
ORD_0010634,low
ORD_0010635,low
ORD_0010636,medium
ORD_0010637,medium
ORD_0010638,low
ORD_0010639,low
ORD_0010640,low
ORD_0010641,medium
ORD_0010642,medium
ORD_0010643,high
ORD_0010644,low
ORD_0010645,low
ORD_0010646,medium
ORD_0010647,low
ORD_0010648,medium
ORD_0010649,low
ORD_0010650,high
ORD_0010651,medium
ORD_0010652,high
ORD_0010653,low
ORD_0010654,low
ORD_0010655,high
ORD_0010656,medium
ORD_0010657,low
ORD_0010658,medium
ORD_0010659,medium
ORD_0010660,low
ORD_0010661,low
ORD_0010662,medium
ORD_0010663,low
ORD_0010664,medium
ORD_0010665,medium
ORD_0010666,high
ORD_0010667,low
ORD_0010668,low
ORD_0010669,high
ORD_0010670,low
ORD_0010671,low
ORD_0010672,low
ORD_0010673,high
ORD_0010674,medium
ORD_0010675,medium
ORD_0010676,low
ORD_0010677,medium
ORD_0010678,low
ORD_0010679,medium
ORD_0010680,low
ORD_0010681,low
ORD_0010682,low
ORD_0010683,low
ORD_0010684,medium
ORD_0010685,low
ORD_0010686,low
ORD_0010687,low
ORD_0010688,low
ORD_0010689,low
ORD_0010690,medium
ORD_0010691,high
ORD_0010692,medium
ORD_0010693,low
ORD_0010694,medium
ORD_0010695,low
ORD_0010696,medium
ORD_0010697,low
ORD_0010698,high
ORD_0010699,low
ORD_0010700,low
ORD_0010701,low
ORD_0010702,medium
ORD_0010703,medium
ORD_0010704,medium
ORD_0010705,low
ORD_0010706,medium
ORD_0010707,high
ORD_0010708,low
ORD_0010709,low
ORD_0010710,medium
ORD_0010711,medium
ORD_0010712,low
ORD_0010713,medium
ORD_0010714,low
ORD_0010715,medium
ORD_0010716,low
ORD_0010717,low
ORD_0010718,low
ORD_0010719,high
ORD_0010720,high
ORD_0010721,medium
ORD_0010722,low
ORD_0010723,low
ORD_0010724,low
ORD_0010725,low
ORD_0010726,high
ORD_0010727,low
ORD_0010728,medium
ORD_0010729,low
ORD_0010730,low
ORD_0010731,medium
ORD_0010732,medium
ORD_0010733,low
ORD_0010734,medium
ORD_0010735,medium
ORD_0010736,medium
ORD_0010737,medium
ORD_0010738,high
ORD_0010739,medium
ORD_0010740,low
ORD_0010741,medium
ORD_0010742,high
ORD_0010743,medium
ORD_0010744,low
ORD_0010745,medium
ORD_0010746,low
ORD_0010747,medium
ORD_0010748,medium
ORD_0010749,medium
ORD_0010750,low
ORD_0010751,medium
ORD_0010752,medium
ORD_0010753,low
ORD_0010754,low
ORD_0010755,medium
ORD_0010756,low
ORD_0010757,low
ORD_0010758,medium
ORD_0010759,high
ORD_0010760,low
ORD_0010761,high
ORD_0010762,low
ORD_0010763,medium
ORD_0010764,low
ORD_0010765,medium
ORD_0010766,low
ORD_0010767,low
ORD_0010768,high
ORD_0010769,high
ORD_0010770,low
ORD_0010771,low
ORD_0010772,low
ORD_0010773,low
ORD_0010774,medium
ORD_0010775,medium
ORD_0010776,medium
ORD_0010777,low
ORD_0010778,low
ORD_0010779,medium
ORD_0010780,low
ORD_0010781,low
ORD_0010782,medium
ORD_0010783,high
ORD_0010784,high
ORD_0010785,low
ORD_0010786,low
ORD_0010787,medium
ORD_0010788,low
ORD_0010789,high
ORD_0010790,medium
ORD_0010791,low
ORD_0010792,low
ORD_0010793,low
ORD_0010794,low
ORD_0010795,medium
ORD_0010796,medium
ORD_0010797,low
ORD_0010798,medium
ORD_0010799,high
ORD_0010800,low
ORD_0010801,low
ORD_0010802,low
ORD_0010803,medium
ORD_0010804,medium
ORD_0010805,low
ORD_0010806,medium
ORD_0010807,low
ORD_0010808,medium
ORD_0010809,low
ORD_0010810,high
ORD_0010811,high
ORD_0010812,low
ORD_0010813,low
ORD_0010814,low
ORD_0010815,medium
ORD_0010816,low
ORD_0010817,medium
ORD_0010818,low
ORD_0010819,medium
ORD_0010820,low
ORD_0010821,low
ORD_0010822,low
ORD_0010823,medium
ORD_0010824,medium
ORD_0010825,medium
ORD_0010826,low
ORD_0010827,low
ORD_0010828,high
ORD_0010829,high
ORD_0010830,low
ORD_0010831,medium
ORD_0010832,medium
ORD_0010833,low
ORD_0010834,high
ORD_0010835,low
ORD_0010836,high
ORD_0010837,low
ORD_0010838,medium
ORD_0010839,medium
ORD_0010840,medium
ORD_0010841,high
ORD_0010842,medium
ORD_0010843,low
ORD_0010844,low
ORD_0010845,medium
ORD_0010846,low
ORD_0010847,medium
ORD_0010848,high
ORD_0010849,medium
ORD_0010850,low
ORD_0010851,low
ORD_0010852,low
ORD_0010853,medium
ORD_0010854,medium
ORD_0010855,high
ORD_0010856,medium
ORD_0010857,low
ORD_0010858,medium
ORD_0010859,low
ORD_0010860,medium
ORD_0010861,low
ORD_0010862,medium
ORD_0010863,medium
ORD_0010864,medium
ORD_0010865,high
ORD_0010866,low
ORD_0010867,medium
ORD_0010868,low
ORD_0010869,high
ORD_0010870,high
ORD_0010871,medium
ORD_0010872,low
ORD_0010873,medium
ORD_0010874,low
ORD_0010875,medium
ORD_0010876,medium
ORD_0010877,medium
ORD_0010878,low
ORD_0010879,low
ORD_0010880,low
ORD_0010881,low
ORD_0010882,medium
ORD_0010883,high
ORD_0010884,low
ORD_0010885,low
ORD_0010886,low
ORD_0010887,low
ORD_0010888,medium
ORD_0010889,low
ORD_0010890,medium
ORD_0010891,low
ORD_0010892,low
ORD_0010893,low
ORD_0010894,low
ORD_0010895,medium
ORD_0010896,low
ORD_0010897,low
ORD_0010898,high
ORD_0010899,low
ORD_0010900,low
ORD_0010901,low
ORD_0010902,low
ORD_0010903,medium
ORD_0010904,medium
ORD_0010905,low
ORD_0010906,low
ORD_0010907,medium
ORD_0010908,high
ORD_0010909,low
ORD_0010910,medium
ORD_0010911,low
ORD_0010912,low
ORD_0010913,medium
ORD_0010914,low
ORD_0010915,low
ORD_0010916,low
ORD_0010917,medium
ORD_0010918,low
ORD_0010919,low
ORD_0010920,high
ORD_0010921,low
ORD_0010922,medium
ORD_0010923,medium
ORD_0010924,low
ORD_0010925,low
ORD_0010926,high
ORD_0010927,low
ORD_0010928,medium
ORD_0010929,low
ORD_0010930,medium
ORD_0010931,low
ORD_0010932,high
ORD_0010933,low
ORD_0010934,low
ORD_0010935,low
ORD_0010936,low
ORD_0010937,high
ORD_0010938,low
ORD_0010939,high
ORD_0010940,high
ORD_0010941,high
ORD_0010942,high
ORD_0010943,high
ORD_0010944,medium
ORD_0010945,low
ORD_0010946,high
ORD_0010947,medium
ORD_0010948,high
ORD_0010949,high
ORD_0010950,low
ORD_0010951,low
ORD_0010952,low
ORD_0010953,low
ORD_0010954,low
ORD_0010955,low
ORD_0010956,low
ORD_0010957,high
ORD_0010958,medium
ORD_0010959,medium
ORD_0010960,low
ORD_0010961,low
ORD_0010962,low
ORD_0010963,low
ORD_0010964,low
ORD_0010965,low
ORD_0010966,medium
ORD_0010967,high
ORD_0010968,low
ORD_0010969,low
ORD_0010970,low
ORD_0010971,medium
ORD_0010972,medium
ORD_0010973,low
ORD_0010974,low
ORD_0010975,low
ORD_0010976,high
ORD_0010977,low
ORD_0010978,low
ORD_0010979,medium
ORD_0010980,medium
ORD_0010981,medium
ORD_0010982,medium
ORD_0010983,low
ORD_0010984,low
ORD_0010985,low
ORD_0010986,medium
ORD_0010987,medium
ORD_0010988,high
ORD_0010989,high
ORD_0010990,low
ORD_0010991,high
ORD_0010992,high
ORD_0010993,low
ORD_0010994,low
ORD_0010995,medium
ORD_0010996,high
ORD_0010997,low
ORD_0010998,medium
ORD_0010999,medium
ORD_0011000,low
ORD_0011001,high
ORD_0011002,low
ORD_0011003,low
ORD_0011004,low
ORD_0011005,medium
ORD_0011006,low
ORD_0011007,low
ORD_0011008,low
ORD_0011009,medium
ORD_0011010,low
ORD_0011011,medium
ORD_0011012,low
ORD_0011013,medium
ORD_0011014,low
ORD_0011015,low
ORD_0011016,medium
ORD_0011017,medium
ORD_0011018,high
ORD_0011019,low
ORD_0011020,medium
ORD_0011021,medium
ORD_0011022,low
ORD_0011023,low
ORD_0011024,low
ORD_0011025,medium
ORD_0011026,low
ORD_0011027,medium
ORD_0011028,low
ORD_0011029,medium
ORD_0011030,medium
ORD_0011031,medium
ORD_0011032,medium
ORD_0011033,low
ORD_0011034,low
ORD_0011035,medium
ORD_0011036,high
ORD_0011037,low
ORD_0011038,medium
ORD_0011039,low
ORD_0011040,low
ORD_0011041,low
ORD_0011042,low
ORD_0011043,medium
ORD_0011044,low
ORD_0011045,low
ORD_0011046,low
ORD_0011047,high
ORD_0011048,low
ORD_0011049,low
ORD_0011050,high
ORD_0011051,low
ORD_0011052,low
ORD_0011053,medium
ORD_0011054,medium
ORD_0011055,high
ORD_0011056,low
ORD_0011057,high
ORD_0011058,high
ORD_0011059,medium
ORD_0011060,medium
ORD_0011061,medium
ORD_0011062,low
ORD_0011063,low
ORD_0011064,medium
ORD_0011065,high
ORD_0011066,high
ORD_0011067,low
ORD_0011068,low
ORD_0011069,low
ORD_0011070,low
ORD_0011071,low
ORD_0011072,low
ORD_0011073,high
ORD_0011074,low
ORD_0011075,medium
ORD_0011076,low
ORD_0011077,low
ORD_0011078,low
ORD_0011079,low
ORD_0011080,low
ORD_0011081,medium
ORD_0011082,low
ORD_0011083,high
ORD_0011084,low
ORD_0011085,low
ORD_0011086,medium
ORD_0011087,low
ORD_0011088,low
ORD_0011089,high
ORD_0011090,low
ORD_0011091,low
ORD_0011092,low
ORD_0011093,low
ORD_0011094,low
ORD_0011095,medium
ORD_0011096,high
ORD_0011097,low
ORD_0011098,low
ORD_0011099,medium
ORD_0011100,low
ORD_0011101,medium
ORD_0011102,low
ORD_0011103,medium
ORD_0011104,low
ORD_0011105,medium
ORD_0011106,medium
ORD_0011107,medium
ORD_0011108,low
ORD_0011109,low
ORD_0011110,medium
ORD_0011111,low
ORD_0011112,medium
ORD_0011113,low
ORD_0011114,high
ORD_0011115,low
ORD_0011116,medium
ORD_0011117,low
ORD_0011118,medium
ORD_0011119,high
ORD_0011120,low
ORD_0011121,low
ORD_0011122,low
ORD_0011123,low
ORD_0011124,medium
ORD_0011125,low
ORD_0011126,medium
ORD_0011127,low
ORD_0011128,low
ORD_0011129,low
ORD_0011130,low
ORD_0011131,low
ORD_0011132,low
ORD_0011133,low
ORD_0011134,medium
ORD_0011135,medium
ORD_0011136,low
ORD_0011137,high
ORD_0011138,medium
ORD_0011139,medium
ORD_0011140,low
ORD_0011141,high
ORD_0011142,low
ORD_0011143,low
ORD_0011144,low
ORD_0011145,low
ORD_0011146,low
ORD_0011147,medium
ORD_0011148,low
ORD_0011149,low
ORD_0011150,medium
ORD_0011151,low
ORD_0011152,low
ORD_0011153,low
ORD_0011154,low
ORD_0011155,low
ORD_0011156,low
ORD_0011157,low
ORD_0011158,low
ORD_0011159,medium
ORD_0011160,low
ORD_0011161,medium
ORD_0011162,high
ORD_0011163,medium
ORD_0011164,low
ORD_0011165,high
ORD_0011166,low
ORD_0011167,medium
ORD_0011168,medium
ORD_0011169,high
ORD_0011170,high
ORD_0011171,low
ORD_0011172,low
ORD_0011173,high
ORD_0011174,low
ORD_0011175,high
ORD_0011176,low
ORD_0011177,medium
ORD_0011178,high
ORD_0011179,high
ORD_0011180,medium
ORD_0011181,low
ORD_0011182,low
ORD_0011183,low
ORD_0011184,high
ORD_0011185,low
ORD_0011186,high
ORD_0011187,medium
ORD_0011188,low
ORD_0011189,low
ORD_0011190,medium
ORD_0011191,medium
ORD_0011192,medium
ORD_0011193,low
ORD_0011194,high
ORD_0011195,high
ORD_0011196,medium
ORD_0011197,low
ORD_0011198,low
ORD_0011199,high
ORD_0011200,high
ORD_0011201,low
ORD_0011202,medium
ORD_0011203,low
ORD_0011204,high
ORD_0011205,medium
ORD_0011206,medium
ORD_0011207,high
ORD_0011208,low
ORD_0011209,low
ORD_0011210,medium
ORD_0011211,medium
ORD_0011212,high
ORD_0011213,high
ORD_0011214,low
ORD_0011215,medium
ORD_0011216,high
ORD_0011217,high
ORD_0011218,low
ORD_0011219,low
ORD_0011220,low
ORD_0011221,low
ORD_0011222,medium
ORD_0011223,medium
ORD_0011224,high
ORD_0011225,medium
ORD_0011226,low
ORD_0011227,low
ORD_0011228,low
ORD_0011229,low
ORD_0011230,low
ORD_0011231,medium
ORD_0011232,low
ORD_0011233,high
ORD_0011234,medium
ORD_0011235,medium
ORD_0011236,medium
ORD_0011237,medium
ORD_0011238,high
ORD_0011239,low
ORD_0011240,medium
ORD_0011241,low
ORD_0011242,low
ORD_0011243,low
ORD_0011244,medium
ORD_0011245,high
ORD_0011246,low
ORD_0011247,low
ORD_0011248,low
ORD_0011249,medium
ORD_0011250,low
ORD_0011251,low
ORD_0011252,low
ORD_0011253,medium
ORD_0011254,high
ORD_0011255,low
ORD_0011256,low
ORD_0011257,low
ORD_0011258,high
ORD_0011259,medium
ORD_0011260,low
ORD_0011261,low
ORD_0011262,low
ORD_0011263,low
ORD_0011264,medium
ORD_0011265,medium
ORD_0011266,low
ORD_0011267,low
ORD_0011268,low
ORD_0011269,low
ORD_0011270,low
ORD_0011271,high
ORD_0011272,low
ORD_0011273,low
ORD_0011274,medium
ORD_0011275,high
ORD_0011276,high
ORD_0011277,low
ORD_0011278,low
ORD_0011279,low
ORD_0011280,low
ORD_0011281,high
ORD_0011282,low
ORD_0011283,high
ORD_0011284,low
ORD_0011285,medium
ORD_0011286,low
ORD_0011287,low
ORD_0011288,low
ORD_0011289,low
ORD_0011290,low
ORD_0011291,low
ORD_0011292,low
ORD_0011293,medium
ORD_0011294,low
ORD_0011295,low
ORD_0011296,low
ORD_0011297,medium
ORD_0011298,high
ORD_0011299,high
ORD_0011300,low
ORD_0011301,low
ORD_0011302,low
ORD_0011303,low
ORD_0011304,medium
ORD_0011305,low
ORD_0011306,medium
ORD_0011307,high
ORD_0011308,low
ORD_0011309,low
ORD_0011310,low
ORD_0011311,high
ORD_0011312,medium
ORD_0011313,low
ORD_0011314,high
ORD_0011315,medium
ORD_0011316,low
ORD_0011317,low
ORD_0011318,low
ORD_0011319,high
ORD_0011320,high
ORD_0011321,low
ORD_0011322,low
ORD_0011323,low
ORD_0011324,low
ORD_0011325,low
ORD_0011326,low
ORD_0011327,high
ORD_0011328,medium
ORD_0011329,medium
ORD_0011330,medium
ORD_0011331,high
ORD_0011332,medium
ORD_0011333,low
ORD_0011334,medium
ORD_0011335,high
ORD_0011336,medium
ORD_0011337,low
ORD_0011338,medium
ORD_0011339,low
ORD_0011340,low
ORD_0011341,low
ORD_0011342,medium
ORD_0011343,high
ORD_0011344,low
ORD_0011345,high
ORD_0011346,medium
ORD_0011347,medium
ORD_0011348,medium
ORD_0011349,low
ORD_0011350,high
ORD_0011351,high
ORD_0011352,low
ORD_0011353,low
ORD_0011354,medium
ORD_0011355,medium
ORD_0011356,low
ORD_0011357,low
ORD_0011358,high
ORD_0011359,high
ORD_0011360,medium
ORD_0011361,low
ORD_0011362,low
ORD_0011363,medium
ORD_0011364,high
ORD_0011365,high
ORD_0011366,medium
ORD_0011367,high
ORD_0011368,low
ORD_0011369,low
ORD_0011370,medium
ORD_0011371,low
ORD_0011372,low
ORD_0011373,medium
ORD_0011374,low
ORD_0011375,low
ORD_0011376,low
ORD_0011377,high
ORD_0011378,low
ORD_0011379,low
ORD_0011380,high
ORD_0011381,low
ORD_0011382,low
ORD_0011383,medium
ORD_0011384,low
ORD_0011385,low
ORD_0011386,low
ORD_0011387,medium
ORD_0011388,medium
ORD_0011389,medium
ORD_0011390,low
ORD_0011391,high
ORD_0011392,low
ORD_0011393,high
ORD_0011394,high
ORD_0011395,low
ORD_0011396,high
ORD_0011397,low
ORD_0011398,medium
ORD_0011399,low
ORD_0011400,high
ORD_0011401,low
ORD_0011402,medium
ORD_0011403,low
ORD_0011404,medium
ORD_0011405,low
ORD_0011406,low
ORD_0011407,low
ORD_0011408,medium
ORD_0011409,low
ORD_0011410,medium
ORD_0011411,low
ORD_0011412,low
ORD_0011413,low
ORD_0011414,low
ORD_0011415,high
ORD_0011416,low
ORD_0011417,medium
ORD_0011418,medium
ORD_0011419,low
ORD_0011420,low
ORD_0011421,low
ORD_0011422,medium
ORD_0011423,low
ORD_0011424,low
ORD_0011425,medium
ORD_0011426,medium
ORD_0011427,high
ORD_0011428,low
ORD_0011429,low
ORD_0011430,medium
ORD_0011431,high
ORD_0011432,low
ORD_0011433,medium
ORD_0011434,medium
ORD_0011435,high
ORD_0011436,low
ORD_0011437,low
ORD_0011438,low
ORD_0011439,medium
ORD_0011440,medium
ORD_0011441,medium
ORD_0011442,medium
ORD_0011443,high
ORD_0011444,low
ORD_0011445,medium
ORD_0011446,low
ORD_0011447,low
ORD_0011448,low
ORD_0011449,low
ORD_0011450,high
ORD_0011451,medium
ORD_0011452,medium
ORD_0011453,high
ORD_0011454,low
ORD_0011455,medium
ORD_0011456,low
ORD_0011457,high
ORD_0011458,medium
ORD_0011459,low
ORD_0011460,low
ORD_0011461,low
ORD_0011462,low
ORD_0011463,low
ORD_0011464,low
ORD_0011465,medium
ORD_0011466,high
ORD_0011467,low
ORD_0011468,low
ORD_0011469,medium
ORD_0011470,low
ORD_0011471,low
ORD_0011472,medium
ORD_0011473,low
ORD_0011474,high
ORD_0011475,low
ORD_0011476,high
ORD_0011477,low
ORD_0011478,low
ORD_0011479,high
ORD_0011480,high
ORD_0011481,low
ORD_0011482,low
ORD_0011483,high
ORD_0011484,low
ORD_0011485,low
ORD_0011486,low
ORD_0011487,high
ORD_0011488,medium
ORD_0011489,low
ORD_0011490,high
ORD_0011491,low
ORD_0011492,medium
ORD_0011493,low
ORD_0011494,high
ORD_0011495,medium
ORD_0011496,medium
ORD_0011497,medium
ORD_0011498,low
ORD_0011499,low
ORD_0011500,high
ORD_0011501,medium
ORD_0011502,high
ORD_0011503,high
ORD_0011504,low
ORD_0011505,low
ORD_0011506,medium
ORD_0011507,low
ORD_0011508,high
ORD_0011509,medium
ORD_0011510,high
ORD_0011511,low
ORD_0011512,low
ORD_0011513,low
ORD_0011514,low
ORD_0011515,low
ORD_0011516,high
ORD_0011517,high
ORD_0011518,medium
ORD_0011519,low
ORD_0011520,medium
ORD_0011521,medium
ORD_0011522,low
ORD_0011523,low
ORD_0011524,high
ORD_0011525,low
ORD_0011526,low
ORD_0011527,low
ORD_0011528,high
ORD_0011529,low
ORD_0011530,low
ORD_0011531,medium
ORD_0011532,low
ORD_0011533,medium
ORD_0011534,medium
ORD_0011535,high
ORD_0011536,low
ORD_0011537,low
ORD_0011538,medium
ORD_0011539,low
ORD_0011540,low
ORD_0011541,high
ORD_0011542,high
ORD_0011543,high
ORD_0011544,medium
ORD_0011545,low
ORD_0011546,medium
ORD_0011547,medium
ORD_0011548,low
ORD_0011549,low
ORD_0011550,low
ORD_0011551,low
ORD_0011552,low
ORD_0011553,high
ORD_0011554,low
ORD_0011555,low
ORD_0011556,medium
ORD_0011557,medium
ORD_0011558,medium
ORD_0011559,high
ORD_0011560,high
ORD_0011561,high
ORD_0011562,high
ORD_0011563,low
ORD_0011564,low
ORD_0011565,low
ORD_0011566,medium
ORD_0011567,high
ORD_0011568,medium
ORD_0011569,medium
ORD_0011570,medium
ORD_0011571,high
ORD_0011572,medium
ORD_0011573,low
ORD_0011574,low
ORD_0011575,medium
ORD_0011576,low
ORD_0011577,low
ORD_0011578,low
ORD_0011579,high
ORD_0011580,low
ORD_0011581,low
ORD_0011582,medium
ORD_0011583,low
ORD_0011584,low
ORD_0011585,high
ORD_0011586,low
ORD_0011587,low
ORD_0011588,low
ORD_0011589,low
ORD_0011590,low
ORD_0011591,medium
ORD_0011592,high
ORD_0011593,low
ORD_0011594,low
ORD_0011595,low
ORD_0011596,low
ORD_0011597,high
ORD_0011598,medium
ORD_0011599,low
ORD_0011600,low
ORD_0011601,high
ORD_0011602,medium
ORD_0011603,medium
ORD_0011604,low
ORD_0011605,medium
ORD_0011606,high
ORD_0011607,low
ORD_0011608,low
ORD_0011609,high
ORD_0011610,low
ORD_0011611,low
ORD_0011612,medium
ORD_0011613,low
ORD_0011614,high
ORD_0011615,low
ORD_0011616,low
ORD_0011617,medium
ORD_0011618,medium
ORD_0011619,medium
ORD_0011620,high
ORD_0011621,medium
ORD_0011622,low
ORD_0011623,low
ORD_0011624,high
ORD_0011625,low
ORD_0011626,low
ORD_0011627,medium
ORD_0011628,high
ORD_0011629,medium
ORD_0011630,low
ORD_0011631,low
ORD_0011632,medium
ORD_0011633,low
ORD_0011634,medium
ORD_0011635,low
ORD_0011636,medium
ORD_0011637,low
ORD_0011638,high
ORD_0011639,low
ORD_0011640,medium
ORD_0011641,high
ORD_0011642,low
ORD_0011643,high
ORD_0011644,low
ORD_0011645,low
ORD_0011646,low
ORD_0011647,low
ORD_0011648,high
ORD_0011649,high
ORD_0011650,low
ORD_0011651,medium
ORD_0011652,low
ORD_0011653,medium
ORD_0011654,medium
ORD_0011655,high
ORD_0011656,medium
ORD_0011657,medium
ORD_0011658,medium
ORD_0011659,low
ORD_0011660,low
ORD_0011661,medium
ORD_0011662,low
ORD_0011663,low
ORD_0011664,medium
ORD_0011665,low
ORD_0011666,high
ORD_0011667,medium
ORD_0011668,medium
ORD_0011669,high
ORD_0011670,medium
ORD_0011671,medium
ORD_0011672,medium
ORD_0011673,high
ORD_0011674,medium
ORD_0011675,low
ORD_0011676,low
ORD_0011677,low
ORD_0011678,low
ORD_0011679,low
ORD_0011680,high
ORD_0011681,low
ORD_0011682,medium
ORD_0011683,low
ORD_0011684,medium
ORD_0011685,medium
ORD_0011686,medium
ORD_0011687,low
ORD_0011688,medium
ORD_0011689,high
ORD_0011690,medium
ORD_0011691,low
ORD_0011692,low
ORD_0011693,low
ORD_0011694,low
ORD_0011695,high
ORD_0011696,high
ORD_0011697,medium
ORD_0011698,low
ORD_0011699,low
ORD_0011700,high
ORD_0011701,medium
ORD_0011702,high
ORD_0011703,medium
ORD_0011704,medium
ORD_0011705,low
ORD_0011706,low
ORD_0011707,medium
ORD_0011708,low
ORD_0011709,medium
ORD_0011710,medium
ORD_0011711,low
ORD_0011712,low
ORD_0011713,low
ORD_0011714,low
ORD_0011715,medium
ORD_0011716,low
ORD_0011717,low
ORD_0011718,medium
ORD_0011719,medium
ORD_0011720,high
ORD_0011721,low
ORD_0011722,low
ORD_0011723,high
ORD_0011724,medium
ORD_0011725,high
ORD_0011726,medium
ORD_0011727,low
ORD_0011728,low
ORD_0011729,low
ORD_0011730,low
ORD_0011731,low
ORD_0011732,low
ORD_0011733,medium
ORD_0011734,medium
ORD_0011735,low
ORD_0011736,medium
ORD_0011737,low
ORD_0011738,medium
ORD_0011739,low
ORD_0011740,low
ORD_0011741,high
ORD_0011742,medium
ORD_0011743,low
ORD_0011744,low
ORD_0011745,low
ORD_0011746,low
ORD_0011747,low
ORD_0011748,medium
ORD_0011749,medium
ORD_0011750,medium
ORD_0011751,low
ORD_0011752,low
ORD_0011753,medium
ORD_0011754,medium
ORD_0011755,low
ORD_0011756,medium
ORD_0011757,low
ORD_0011758,medium
ORD_0011759,low
ORD_0011760,medium
ORD_0011761,high
ORD_0011762,low
ORD_0011763,low
ORD_0011764,low
ORD_0011765,low
ORD_0011766,medium
ORD_0011767,high
ORD_0011768,medium
ORD_0011769,low
ORD_0011770,low
ORD_0011771,high
ORD_0011772,low
ORD_0011773,high
ORD_0011774,low
ORD_0011775,low
ORD_0011776,low
ORD_0011777,low
ORD_0011778,high
ORD_0011779,low
ORD_0011780,high
ORD_0011781,high
ORD_0011782,medium
ORD_0011783,low
ORD_0011784,low
ORD_0011785,low
ORD_0011786,high
ORD_0011787,medium
ORD_0011788,medium
ORD_0011789,medium
ORD_0011790,low
ORD_0011791,low
ORD_0011792,medium
ORD_0011793,low
ORD_0011794,low
ORD_0011795,medium
ORD_0011796,high
ORD_0011797,medium
ORD_0011798,low
ORD_0011799,low
ORD_0011800,low
ORD_0011801,low
ORD_0011802,medium
ORD_0011803,medium
ORD_0011804,low
ORD_0011805,low
ORD_0011806,low
ORD_0011807,high
ORD_0011808,low
ORD_0011809,low
ORD_0011810,low
ORD_0011811,low
ORD_0011812,medium
ORD_0011813,low
ORD_0011814,low
ORD_0011815,low
ORD_0011816,low
ORD_0011817,medium
ORD_0011818,medium
ORD_0011819,medium
ORD_0011820,high
ORD_0011821,medium
ORD_0011822,low
ORD_0011823,medium
ORD_0011824,low
ORD_0011825,medium
ORD_0011826,medium
ORD_0011827,medium
ORD_0011828,low
ORD_0011829,high
ORD_0011830,medium
ORD_0011831,high
ORD_0011832,medium
ORD_0011833,low
ORD_0011834,low
ORD_0011835,low
ORD_0011836,low
ORD_0011837,high
ORD_0011838,high
ORD_0011839,low
ORD_0011840,low
ORD_0011841,high
ORD_0011842,low
ORD_0011843,high
ORD_0011844,low
ORD_0011845,low
ORD_0011846,low
ORD_0011847,low
ORD_0011848,low
ORD_0011849,medium
ORD_0011850,high
ORD_0011851,low
ORD_0011852,high
ORD_0011853,medium
ORD_0011854,low
ORD_0011855,low
ORD_0011856,medium
ORD_0011857,low
ORD_0011858,low
ORD_0011859,low
ORD_0011860,low
ORD_0011861,low
ORD_0011862,low
ORD_0011863,low
ORD_0011864,low
ORD_0011865,low
ORD_0011866,low
ORD_0011867,low
ORD_0011868,medium
ORD_0011869,low
ORD_0011870,medium
ORD_0011871,high
ORD_0011872,low
ORD_0011873,medium
ORD_0011874,medium
ORD_0011875,medium
ORD_0011876,low
ORD_0011877,high
ORD_0011878,low
ORD_0011879,high
ORD_0011880,medium
ORD_0011881,low
ORD_0011882,low
ORD_0011883,medium
ORD_0011884,medium
ORD_0011885,medium
ORD_0011886,medium
ORD_0011887,low
ORD_0011888,medium
ORD_0011889,low
ORD_0011890,medium
ORD_0011891,low
ORD_0011892,low
ORD_0011893,low
ORD_0011894,low
ORD_0011895,low
ORD_0011896,medium
ORD_0011897,high
ORD_0011898,medium
ORD_0011899,low
ORD_0011900,low
ORD_0011901,low
ORD_0011902,low
ORD_0011903,low
ORD_0011904,medium
ORD_0011905,high
ORD_0011906,medium
ORD_0011907,medium
ORD_0011908,high
ORD_0011909,low
ORD_0011910,low
ORD_0011911,low
ORD_0011912,medium
ORD_0011913,high
ORD_0011914,high
ORD_0011915,low
ORD_0011916,high
ORD_0011917,low
ORD_0011918,low
ORD_0011919,high
ORD_0011920,high
ORD_0011921,high
ORD_0011922,medium
ORD_0011923,high
ORD_0011924,low
ORD_0011925,low
ORD_0011926,low
ORD_0011927,high
ORD_0011928,low
ORD_0011929,medium
ORD_0011930,high
ORD_0011931,low
ORD_0011932,medium
ORD_0011933,low
ORD_0011934,medium
ORD_0011935,medium
ORD_0011936,medium
ORD_0011937,medium
ORD_0011938,high
ORD_0011939,low
ORD_0011940,high
ORD_0011941,low
ORD_0011942,low
ORD_0011943,medium
ORD_0011944,medium
ORD_0011945,low
ORD_0011946,low
ORD_0011947,low
ORD_0011948,low
ORD_0011949,high
ORD_0011950,low
ORD_0011951,medium
ORD_0011952,low
ORD_0011953,medium
ORD_0011954,medium
ORD_0011955,low
ORD_0011956,low
ORD_0011957,low
ORD_0011958,medium
ORD_0011959,medium
ORD_0011960,high
ORD_0011961,high
ORD_0011962,medium
ORD_0011963,low
ORD_0011964,low
ORD_0011965,low
ORD_0011966,high
ORD_0011967,low
ORD_0011968,low
ORD_0011969,medium
ORD_0011970,high
ORD_0011971,low
ORD_0011972,medium
ORD_0011973,medium
ORD_0011974,medium
ORD_0011975,low
ORD_0011976,medium
ORD_0011977,low
ORD_0011978,low
ORD_0011979,high
ORD_0011980,high
ORD_0011981,low
ORD_0011982,low
ORD_0011983,medium
ORD_0011984,low
ORD_0011985,high
ORD_0011986,low
ORD_0011987,high
ORD_0011988,low
ORD_0011989,low
ORD_0011990,high
ORD_0011991,medium
ORD_0011992,low
ORD_0011993,medium
ORD_0011994,low
ORD_0011995,low
ORD_0011996,low
ORD_0011997,high
ORD_0011998,low
ORD_0011999,low
ORD_0012000,low
ORD_0012001,low
ORD_0012002,medium
ORD_0012003,low
ORD_0012004,medium
ORD_0012005,medium
ORD_0012006,high
ORD_0012007,high
ORD_0012008,low
ORD_0012009,low
ORD_0012010,medium
ORD_0012011,medium
ORD_0012012,low
ORD_0012013,high
ORD_0012014,low
ORD_0012015,low
ORD_0012016,medium
ORD_0012017,low
ORD_0012018,high
ORD_0012019,high
ORD_0012020,high
ORD_0012021,medium
ORD_0012022,low
ORD_0012023,medium
ORD_0012024,medium
ORD_0012025,high
ORD_0012026,high
ORD_0012027,low
ORD_0012028,low
ORD_0012029,low
ORD_0012030,medium
ORD_0012031,high
ORD_0012032,medium
ORD_0012033,low
ORD_0012034,low
ORD_0012035,medium
ORD_0012036,low
ORD_0012037,low
ORD_0012038,medium
ORD_0012039,high
ORD_0012040,medium
ORD_0012041,medium
ORD_0012042,high
ORD_0012043,medium
ORD_0012044,high
ORD_0012045,high
ORD_0012046,low
ORD_0012047,medium
ORD_0012048,high
ORD_0012049,low
ORD_0012050,low
ORD_0012051,high
ORD_0012052,medium
ORD_0012053,medium
ORD_0012054,high
ORD_0012055,low
ORD_0012056,medium
ORD_0012057,high
ORD_0012058,low
ORD_0012059,medium
ORD_0012060,medium
ORD_0012061,high
ORD_0012062,low
ORD_0012063,low
ORD_0012064,high
ORD_0012065,low
ORD_0012066,low
ORD_0012067,low
ORD_0012068,medium
ORD_0012069,high
ORD_0012070,high
ORD_0012071,low
ORD_0012072,low
ORD_0012073,low
ORD_0012074,medium
ORD_0012075,medium
ORD_0012076,low
ORD_0012077,medium
ORD_0012078,medium
ORD_0012079,high
ORD_0012080,low
ORD_0012081,low
ORD_0012082,low
ORD_0012083,low
ORD_0012084,low
ORD_0012085,medium
ORD_0012086,low
ORD_0012087,high
ORD_0012088,high
ORD_0012089,low
ORD_0012090,medium
ORD_0012091,high
ORD_0012092,low
ORD_0012093,medium
ORD_0012094,high
ORD_0012095,medium
ORD_0012096,low
ORD_0012097,medium
ORD_0012098,low
ORD_0012099,medium
ORD_0012100,low
ORD_0012101,high
ORD_0012102,high
ORD_0012103,low
ORD_0012104,low
ORD_0012105,low
ORD_0012106,high
ORD_0012107,high
ORD_0012108,low
ORD_0012109,high
ORD_0012110,low
ORD_0012111,medium
ORD_0012112,high
ORD_0012113,medium
ORD_0012114,medium
ORD_0012115,low
ORD_0012116,low
ORD_0012117,low
ORD_0012118,low
ORD_0012119,low
ORD_0012120,high
ORD_0012121,medium
ORD_0012122,high
ORD_0012123,low
ORD_0012124,low
ORD_0012125,low
ORD_0012126,low
ORD_0012127,low
ORD_0012128,low
ORD_0012129,low
ORD_0012130,low
ORD_0012131,medium
ORD_0012132,low
ORD_0012133,low
ORD_0012134,medium
ORD_0012135,high
ORD_0012136,medium
ORD_0012137,low
ORD_0012138,low
ORD_0012139,medium
ORD_0012140,high
ORD_0012141,low
ORD_0012142,low
ORD_0012143,low
ORD_0012144,low
ORD_0012145,low
ORD_0012146,medium
ORD_0012147,high
ORD_0012148,high
ORD_0012149,medium
ORD_0012150,low
ORD_0012151,high
ORD_0012152,low
ORD_0012153,high
ORD_0012154,medium
ORD_0012155,low
ORD_0012156,low
ORD_0012157,medium
ORD_0012158,medium
ORD_0012159,high
ORD_0012160,low
ORD_0012161,low
ORD_0012162,low
ORD_0012163,medium
ORD_0012164,low
ORD_0012165,high
ORD_0012166,low
ORD_0012167,low
ORD_0012168,medium
ORD_0012169,low
ORD_0012170,medium
ORD_0012171,low
ORD_0012172,low
ORD_0012173,low
ORD_0012174,low
ORD_0012175,low
ORD_0012176,medium
ORD_0012177,low
ORD_0012178,medium
ORD_0012179,low
ORD_0012180,high
ORD_0012181,low
ORD_0012182,medium
ORD_0012183,high
ORD_0012184,medium
ORD_0012185,medium
ORD_0012186,high
ORD_0012187,low
ORD_0012188,low
ORD_0012189,high
ORD_0012190,low
ORD_0012191,low
ORD_0012192,high
ORD_0012193,low
ORD_0012194,low
ORD_0012195,medium
ORD_0012196,medium
ORD_0012197,high
ORD_0012198,low
ORD_0012199,medium
ORD_0012200,high
ORD_0012201,low
ORD_0012202,medium
ORD_0012203,medium
ORD_0012204,low
ORD_0012205,low
ORD_0012206,high
ORD_0012207,medium
ORD_0012208,high
ORD_0012209,low
ORD_0012210,low
ORD_0012211,low
ORD_0012212,low
ORD_0012213,medium
ORD_0012214,low
ORD_0012215,medium
ORD_0012216,high
ORD_0012217,low
ORD_0012218,low
ORD_0012219,medium
ORD_0012220,low
ORD_0012221,low
ORD_0012222,low
ORD_0012223,low
ORD_0012224,high
ORD_0012225,low
ORD_0012226,medium
ORD_0012227,medium
ORD_0012228,low
ORD_0012229,high
ORD_0012230,medium
ORD_0012231,medium
ORD_0012232,medium
ORD_0012233,high
ORD_0012234,low
ORD_0012235,medium
ORD_0012236,low
ORD_0012237,low
ORD_0012238,medium
ORD_0012239,medium
ORD_0012240,low
ORD_0012241,low
ORD_0012242,medium
ORD_0012243,low
ORD_0012244,low
ORD_0012245,low
ORD_0012246,medium
ORD_0012247,medium
ORD_0012248,low
ORD_0012249,low
ORD_0012250,medium
ORD_0012251,low
ORD_0012252,medium
ORD_0012253,high
ORD_0012254,low
ORD_0012255,low
ORD_0012256,medium
ORD_0012257,low
ORD_0012258,high
ORD_0012259,low
ORD_0012260,low
ORD_0012261,medium
ORD_0012262,medium
ORD_0012263,low
ORD_0012264,high
ORD_0012265,medium
ORD_0012266,medium
ORD_0012267,medium
ORD_0012268,medium
ORD_0012269,low
ORD_0012270,medium
ORD_0012271,medium
ORD_0012272,medium
ORD_0012273,medium
ORD_0012274,high
ORD_0012275,high
ORD_0012276,low
ORD_0012277,low
ORD_0012278,high
ORD_0012279,low
ORD_0012280,medium
ORD_0012281,medium
ORD_0012282,medium
ORD_0012283,medium
ORD_0012284,low
ORD_0012285,medium
ORD_0012286,medium
ORD_0012287,medium
ORD_0012288,low
ORD_0012289,medium
ORD_0012290,medium
ORD_0012291,medium
ORD_0012292,high
ORD_0012293,high
ORD_0012294,high
ORD_0012295,medium
ORD_0012296,low
ORD_0012297,medium
ORD_0012298,medium
ORD_0012299,medium
ORD_0012300,medium
ORD_0012301,medium
ORD_0012302,low
ORD_0012303,medium
ORD_0012304,low
ORD_0012305,medium
ORD_0012306,low
ORD_0012307,low
ORD_0012308,high
ORD_0012309,low
ORD_0012310,high
ORD_0012311,low
ORD_0012312,low
ORD_0012313,high
ORD_0012314,low
ORD_0012315,high
ORD_0012316,medium
ORD_0012317,low
ORD_0012318,high
ORD_0012319,low
ORD_0012320,medium
ORD_0012321,medium
ORD_0012322,low
ORD_0012323,high
ORD_0012324,low
ORD_0012325,medium
ORD_0012326,high
ORD_0012327,low
ORD_0012328,low
ORD_0012329,low
ORD_0012330,medium
ORD_0012331,low
ORD_0012332,high
ORD_0012333,low
ORD_0012334,low
ORD_0012335,medium
ORD_0012336,medium
ORD_0012337,medium
ORD_0012338,high
ORD_0012339,low
ORD_0012340,medium
ORD_0012341,medium
ORD_0012342,low
ORD_0012343,medium
ORD_0012344,low
ORD_0012345,low
ORD_0012346,low
ORD_0012347,medium
ORD_0012348,medium
ORD_0012349,low
ORD_0012350,low
ORD_0012351,low
ORD_0012352,high
ORD_0012353,medium
ORD_0012354,low
ORD_0012355,medium
ORD_0012356,low
ORD_0012357,low
ORD_0012358,low
ORD_0012359,low
ORD_0012360,low
ORD_0012361,low
ORD_0012362,medium
ORD_0012363,low
ORD_0012364,low
ORD_0012365,low
ORD_0012366,medium
ORD_0012367,high
ORD_0012368,medium
ORD_0012369,low
ORD_0012370,medium
ORD_0012371,high
ORD_0012372,low
ORD_0012373,low
ORD_0012374,high
ORD_0012375,low
ORD_0012376,high
ORD_0012377,medium
ORD_0012378,low
ORD_0012379,low
ORD_0012380,medium
ORD_0012381,medium
ORD_0012382,low
ORD_0012383,low
ORD_0012384,medium
ORD_0012385,low
ORD_0012386,high
ORD_0012387,low
ORD_0012388,high
ORD_0012389,medium
ORD_0012390,medium
ORD_0012391,low
ORD_0012392,low
ORD_0012393,low
ORD_0012394,low
ORD_0012395,low
ORD_0012396,low
ORD_0012397,high
ORD_0012398,low
ORD_0012399,medium
ORD_0012400,medium
ORD_0012401,high
ORD_0012402,low
ORD_0012403,medium
ORD_0012404,medium
ORD_0012405,low
ORD_0012406,low
ORD_0012407,low
ORD_0012408,low
ORD_0012409,high
ORD_0012410,low
ORD_0012411,low
ORD_0012412,medium
ORD_0012413,low
ORD_0012414,medium
ORD_0012415,low
ORD_0012416,low
ORD_0012417,low
ORD_0012418,medium
ORD_0012419,low
ORD_0012420,medium
ORD_0012421,medium
ORD_0012422,medium
ORD_0012423,medium
ORD_0012424,high
ORD_0012425,high
ORD_0012426,medium
ORD_0012427,low
ORD_0012428,low
ORD_0012429,low
ORD_0012430,low
ORD_0012431,high
ORD_0012432,low
ORD_0012433,low
ORD_0012434,low
ORD_0012435,high
ORD_0012436,medium
ORD_0012437,high
ORD_0012438,medium
ORD_0012439,medium
ORD_0012440,low
ORD_0012441,medium
ORD_0012442,low
ORD_0012443,high
ORD_0012444,low
ORD_0012445,low
ORD_0012446,low
ORD_0012447,medium
ORD_0012448,low
ORD_0012449,low
ORD_0012450,medium
ORD_0012451,high
ORD_0012452,medium
ORD_0012453,low
ORD_0012454,medium
ORD_0012455,high
ORD_0012456,low
ORD_0012457,medium
ORD_0012458,medium
ORD_0012459,low
ORD_0012460,low
ORD_0012461,high
ORD_0012462,medium
ORD_0012463,low
ORD_0012464,low
ORD_0012465,high
ORD_0012466,low
ORD_0012467,low
ORD_0012468,low
ORD_0012469,medium
ORD_0012470,medium
ORD_0012471,medium
ORD_0012472,high
ORD_0012473,low
ORD_0012474,high
ORD_0012475,medium
ORD_0012476,medium
ORD_0012477,medium
ORD_0012478,low
ORD_0012479,low
ORD_0012480,low
ORD_0012481,medium
ORD_0012482,medium
ORD_0012483,low
ORD_0012484,low
ORD_0012485,low
ORD_0012486,low
ORD_0012487,medium
ORD_0012488,low
ORD_0012489,medium
ORD_0012490,medium
ORD_0012491,high
ORD_0012492,low
ORD_0012493,high
ORD_0012494,low
ORD_0012495,low
ORD_0012496,high
ORD_0012497,high
ORD_0012498,low
ORD_0012499,high
ORD_0012500,medium
ORD_0012501,low
ORD_0012502,low
ORD_0012503,low
ORD_0012504,low
ORD_0012505,medium
ORD_0012506,high
ORD_0012507,low
ORD_0012508,medium
ORD_0012509,high
ORD_0012510,high
ORD_0012511,low
ORD_0012512,low
ORD_0012513,medium
ORD_0012514,medium
ORD_0012515,low
ORD_0012516,medium
ORD_0012517,low
ORD_0012518,medium
ORD_0012519,low
ORD_0012520,medium
ORD_0012521,high
ORD_0012522,low
ORD_0012523,medium
ORD_0012524,low
ORD_0012525,medium
ORD_0012526,low
ORD_0012527,high
ORD_0012528,low
ORD_0012529,low
ORD_0012530,high
ORD_0012531,high
ORD_0012532,medium
ORD_0012533,high
ORD_0012534,medium
ORD_0012535,low
ORD_0012536,low
ORD_0012537,high
ORD_0012538,low
ORD_0012539,low
ORD_0012540,low
ORD_0012541,medium
ORD_0012542,low
ORD_0012543,high
ORD_0012544,medium
ORD_0012545,low
ORD_0012546,low
ORD_0012547,low
ORD_0012548,low
ORD_0012549,medium
ORD_0012550,medium
ORD_0012551,medium
ORD_0012552,high
ORD_0012553,low
ORD_0012554,medium
ORD_0012555,high
ORD_0012556,low
ORD_0012557,low
ORD_0012558,low
ORD_0012559,low
ORD_0012560,medium
ORD_0012561,medium
ORD_0012562,low
ORD_0012563,low
ORD_0012564,medium
ORD_0012565,high
ORD_0012566,medium
ORD_0012567,high
ORD_0012568,medium
ORD_0012569,low
ORD_0012570,low
ORD_0012571,high
ORD_0012572,medium
ORD_0012573,low
ORD_0012574,low
ORD_0012575,low
ORD_0012576,low
ORD_0012577,low
ORD_0012578,medium
ORD_0012579,high
ORD_0012580,low
ORD_0012581,high
ORD_0012582,low
ORD_0012583,low
ORD_0012584,low
ORD_0012585,high
ORD_0012586,low
ORD_0012587,high
ORD_0012588,high
ORD_0012589,low
ORD_0012590,high
ORD_0012591,low
ORD_0012592,high
ORD_0012593,high
ORD_0012594,low
ORD_0012595,low
ORD_0012596,low
ORD_0012597,low
ORD_0012598,low
ORD_0012599,high
ORD_0012600,high
ORD_0012601,low
ORD_0012602,low
ORD_0012603,medium
ORD_0012604,medium
ORD_0012605,medium
ORD_0012606,medium
ORD_0012607,high
ORD_0012608,low
ORD_0012609,low
ORD_0012610,low
ORD_0012611,low
ORD_0012612,high
ORD_0012613,medium
ORD_0012614,low
ORD_0012615,low
ORD_0012616,high
ORD_0012617,low
ORD_0012618,low
ORD_0012619,low
ORD_0012620,low
ORD_0012621,low
ORD_0012622,high
ORD_0012623,high
ORD_0012624,medium
ORD_0012625,medium
ORD_0012626,medium
ORD_0012627,low
ORD_0012628,medium
ORD_0012629,high
ORD_0012630,low
ORD_0012631,medium
ORD_0012632,medium
ORD_0012633,medium
ORD_0012634,high
ORD_0012635,medium
ORD_0012636,medium
ORD_0012637,low
ORD_0012638,medium
ORD_0012639,low
ORD_0012640,medium
ORD_0012641,low
ORD_0012642,low
ORD_0012643,medium
ORD_0012644,medium
ORD_0012645,medium
ORD_0012646,low
ORD_0012647,medium
ORD_0012648,medium
ORD_0012649,medium
ORD_0012650,low
ORD_0012651,low
ORD_0012652,high
ORD_0012653,low
ORD_0012654,low
ORD_0012655,medium
ORD_0012656,high
ORD_0012657,medium
ORD_0012658,medium
ORD_0012659,medium
ORD_0012660,low
ORD_0012661,medium
ORD_0012662,low
ORD_0012663,low
ORD_0012664,high
ORD_0012665,high
ORD_0012666,high
ORD_0012667,medium
ORD_0012668,medium
ORD_0012669,high
ORD_0012670,medium
ORD_0012671,low
ORD_0012672,low
ORD_0012673,low
ORD_0012674,low
ORD_0012675,low
ORD_0012676,low
ORD_0012677,low
ORD_0012678,medium
ORD_0012679,medium
ORD_0012680,high
ORD_0012681,low
ORD_0012682,low
ORD_0012683,low
ORD_0012684,low
ORD_0012685,low
ORD_0012686,low
ORD_0012687,medium
ORD_0012688,low
ORD_0012689,medium
ORD_0012690,low
ORD_0012691,medium
ORD_0012692,medium
ORD_0012693,low
ORD_0012694,medium
ORD_0012695,low
ORD_0012696,low
ORD_0012697,high
ORD_0012698,medium
ORD_0012699,low
ORD_0012700,low
ORD_0012701,low
ORD_0012702,high
ORD_0012703,low
ORD_0012704,low
ORD_0012705,low
ORD_0012706,low
ORD_0012707,low
ORD_0012708,low
ORD_0012709,low
ORD_0012710,high
ORD_0012711,low
ORD_0012712,medium
ORD_0012713,medium
ORD_0012714,low
ORD_0012715,high
ORD_0012716,low
ORD_0012717,medium
ORD_0012718,medium
ORD_0012719,medium
ORD_0012720,high
ORD_0012721,low
ORD_0012722,medium
ORD_0012723,medium
ORD_0012724,low
ORD_0012725,low
ORD_0012726,low
ORD_0012727,medium
ORD_0012728,medium
ORD_0012729,low
ORD_0012730,high
ORD_0012731,medium
ORD_0012732,medium
ORD_0012733,low
ORD_0012734,low
ORD_0012735,low
ORD_0012736,low
ORD_0012737,medium
ORD_0012738,low
ORD_0012739,medium
ORD_0012740,low
ORD_0012741,medium
ORD_0012742,medium
ORD_0012743,high
ORD_0012744,low
ORD_0012745,medium
ORD_0012746,medium
ORD_0012747,low
ORD_0012748,low
ORD_0012749,low
ORD_0012750,high
ORD_0012751,high
ORD_0012752,low
ORD_0012753,medium
ORD_0012754,low
ORD_0012755,medium
ORD_0012756,high
ORD_0012757,high
ORD_0012758,high
ORD_0012759,medium
ORD_0012760,low
ORD_0012761,low
ORD_0012762,high
ORD_0012763,low
ORD_0012764,high
ORD_0012765,low
ORD_0012766,low
ORD_0012767,low
ORD_0012768,low
ORD_0012769,low
ORD_0012770,medium
ORD_0012771,low
ORD_0012772,low
ORD_0012773,low
ORD_0012774,medium
ORD_0012775,high
ORD_0012776,low
ORD_0012777,medium
ORD_0012778,low
ORD_0012779,low
ORD_0012780,low
ORD_0012781,medium
ORD_0012782,high
ORD_0012783,low
ORD_0012784,low
ORD_0012785,medium
ORD_0012786,high
ORD_0012787,medium
ORD_0012788,low
ORD_0012789,low
ORD_0012790,low
ORD_0012791,low
ORD_0012792,low
ORD_0012793,medium
ORD_0012794,low
ORD_0012795,medium
ORD_0012796,low
ORD_0012797,low
ORD_0012798,low
ORD_0012799,low
ORD_0012800,low
ORD_0012801,low
ORD_0012802,low
ORD_0012803,low
ORD_0012804,medium
ORD_0012805,medium
ORD_0012806,low
ORD_0012807,high
ORD_0012808,high
ORD_0012809,high
ORD_0012810,low
ORD_0012811,low
ORD_0012812,high
ORD_0012813,low
ORD_0012814,high
ORD_0012815,low
ORD_0012816,high
ORD_0012817,low
ORD_0012818,medium
ORD_0012819,low
ORD_0012820,low
ORD_0012821,low
ORD_0012822,high
ORD_0012823,low
ORD_0012824,medium
ORD_0012825,low
ORD_0012826,medium
ORD_0012827,low
ORD_0012828,low
ORD_0012829,medium
ORD_0012830,medium
ORD_0012831,low
ORD_0012832,low
ORD_0012833,low
ORD_0012834,low
ORD_0012835,high
ORD_0012836,low
ORD_0012837,low
ORD_0012838,medium
ORD_0012839,low
ORD_0012840,low
ORD_0012841,low
ORD_0012842,low
ORD_0012843,low
ORD_0012844,high
ORD_0012845,high
ORD_0012846,medium
ORD_0012847,low
ORD_0012848,medium
ORD_0012849,high
ORD_0012850,low
ORD_0012851,high
ORD_0012852,high
ORD_0012853,low
ORD_0012854,high
ORD_0012855,low
ORD_0012856,low
ORD_0012857,high
ORD_0012858,low
ORD_0012859,low
ORD_0012860,medium
ORD_0012861,low
ORD_0012862,low
ORD_0012863,medium
ORD_0012864,medium
ORD_0012865,low
ORD_0012866,high
ORD_0012867,medium
ORD_0012868,medium
ORD_0012869,medium
ORD_0012870,medium
ORD_0012871,low
ORD_0012872,low
ORD_0012873,low
ORD_0012874,low
ORD_0012875,high
ORD_0012876,high
ORD_0012877,high
ORD_0012878,low
ORD_0012879,low
ORD_0012880,high
ORD_0012881,low
ORD_0012882,low
ORD_0012883,low
ORD_0012884,high
ORD_0012885,low
ORD_0012886,high
ORD_0012887,low
ORD_0012888,low
ORD_0012889,low
ORD_0012890,low
ORD_0012891,low
ORD_0012892,high
ORD_0012893,high
ORD_0012894,low
ORD_0012895,low
ORD_0012896,low
ORD_0012897,medium
ORD_0012898,medium
ORD_0012899,low
ORD_0012900,low
ORD_0012901,medium
ORD_0012902,medium
ORD_0012903,medium
ORD_0012904,low
ORD_0012905,low
ORD_0012906,medium
ORD_0012907,low
ORD_0012908,low
ORD_0012909,low
ORD_0012910,medium
ORD_0012911,medium
ORD_0012912,low
ORD_0012913,medium
ORD_0012914,low
ORD_0012915,low
ORD_0012916,low
ORD_0012917,high
ORD_0012918,low
ORD_0012919,medium
ORD_0012920,high
ORD_0012921,low
ORD_0012922,low
ORD_0012923,low
ORD_0012924,medium
ORD_0012925,low
ORD_0012926,high
ORD_0012927,medium
ORD_0012928,medium
ORD_0012929,low
ORD_0012930,medium
ORD_0012931,medium
ORD_0012932,high
ORD_0012933,low
ORD_0012934,medium
ORD_0012935,medium
ORD_0012936,high
ORD_0012937,low
ORD_0012938,medium
ORD_0012939,low
ORD_0012940,medium
ORD_0012941,low
ORD_0012942,high
ORD_0012943,low
ORD_0012944,low
ORD_0012945,low
ORD_0012946,high
ORD_0012947,low
ORD_0012948,medium
ORD_0012949,high
ORD_0012950,low
ORD_0012951,medium
ORD_0012952,low
ORD_0012953,low
ORD_0012954,low
ORD_0012955,low
ORD_0012956,low
ORD_0012957,high
ORD_0012958,medium
ORD_0012959,low
ORD_0012960,low
ORD_0012961,low
ORD_0012962,low
ORD_0012963,low
ORD_0012964,medium
ORD_0012965,medium
ORD_0012966,low
ORD_0012967,low
ORD_0012968,high
ORD_0012969,low
ORD_0012970,high
ORD_0012971,high
ORD_0012972,medium
ORD_0012973,high
ORD_0012974,high
ORD_0012975,low
ORD_0012976,medium
ORD_0012977,low
ORD_0012978,medium
ORD_0012979,medium
ORD_0012980,low
ORD_0012981,low
ORD_0012982,high
ORD_0012983,low
ORD_0012984,medium
ORD_0012985,medium
ORD_0012986,high
ORD_0012987,high
ORD_0012988,low
ORD_0012989,low
ORD_0012990,low
ORD_0012991,high
ORD_0012992,medium
ORD_0012993,medium
ORD_0012994,low
ORD_0012995,high
ORD_0012996,low
ORD_0012997,high
ORD_0012998,low
ORD_0012999,medium
ORD_0013000,medium
ORD_0013001,low
ORD_0013002,low
ORD_0013003,low
ORD_0013004,low
ORD_0013005,low
ORD_0013006,medium
ORD_0013007,low
ORD_0013008,medium
ORD_0013009,low
ORD_0013010,medium
ORD_0013011,low
ORD_0013012,low
ORD_0013013,low
ORD_0013014,low
ORD_0013015,high
ORD_0013016,low
ORD_0013017,low
ORD_0013018,medium
ORD_0013019,low
ORD_0013020,high
ORD_0013021,low
ORD_0013022,low
ORD_0013023,low
ORD_0013024,high
ORD_0013025,high
ORD_0013026,medium
ORD_0013027,medium
ORD_0013028,low
ORD_0013029,low
ORD_0013030,high
ORD_0013031,low
ORD_0013032,low
ORD_0013033,low
ORD_0013034,low
ORD_0013035,low
ORD_0013036,low
ORD_0013037,low
ORD_0013038,medium
ORD_0013039,medium
ORD_0013040,low
ORD_0013041,medium
ORD_0013042,low
ORD_0013043,low
ORD_0013044,low
ORD_0013045,high
ORD_0013046,high
ORD_0013047,medium
ORD_0013048,low
ORD_0013049,low
ORD_0013050,low
ORD_0013051,low
ORD_0013052,high
ORD_0013053,low
ORD_0013054,medium
ORD_0013055,medium
ORD_0013056,medium
ORD_0013057,low
ORD_0013058,high
ORD_0013059,high
ORD_0013060,low
ORD_0013061,low
ORD_0013062,medium
ORD_0013063,high
ORD_0013064,medium
ORD_0013065,high
ORD_0013066,low
ORD_0013067,low
ORD_0013068,medium
ORD_0013069,medium
ORD_0013070,medium
ORD_0013071,medium
ORD_0013072,low
ORD_0013073,low
ORD_0013074,medium
ORD_0013075,high
ORD_0013076,medium
ORD_0013077,low
ORD_0013078,medium
ORD_0013079,medium
ORD_0013080,medium
ORD_0013081,low
ORD_0013082,medium
ORD_0013083,low
ORD_0013084,medium
ORD_0013085,medium
ORD_0013086,high
ORD_0013087,low
ORD_0013088,medium
ORD_0013089,low
ORD_0013090,low
ORD_0013091,high
ORD_0013092,medium
ORD_0013093,low
ORD_0013094,low
ORD_0013095,low
ORD_0013096,medium
ORD_0013097,low
ORD_0013098,high
ORD_0013099,low
ORD_0013100,high
ORD_0013101,high
ORD_0013102,high
ORD_0013103,medium
ORD_0013104,low
ORD_0013105,medium
ORD_0013106,medium
ORD_0013107,low
ORD_0013108,low
ORD_0013109,low
ORD_0013110,medium
ORD_0013111,medium
ORD_0013112,low
ORD_0013113,low
ORD_0013114,high
ORD_0013115,high
ORD_0013116,low
ORD_0013117,medium
ORD_0013118,medium
ORD_0013119,high
ORD_0013120,high
ORD_0013121,high
ORD_0013122,high
ORD_0013123,high
ORD_0013124,high
ORD_0013125,low
ORD_0013126,low
ORD_0013127,medium
ORD_0013128,low
ORD_0013129,low
ORD_0013130,medium
ORD_0013131,medium
ORD_0013132,high
ORD_0013133,high
ORD_0013134,medium
ORD_0013135,low
ORD_0013136,medium
ORD_0013137,medium
ORD_0013138,low
ORD_0013139,low
ORD_0013140,low
ORD_0013141,low
ORD_0013142,medium
ORD_0013143,high
ORD_0013144,low
ORD_0013145,low
ORD_0013146,medium
ORD_0013147,low
ORD_0013148,low
ORD_0013149,low
ORD_0013150,low
ORD_0013151,low
ORD_0013152,medium
ORD_0013153,low
ORD_0013154,medium
ORD_0013155,high
ORD_0013156,low
ORD_0013157,high
ORD_0013158,high
ORD_0013159,medium
ORD_0013160,low
ORD_0013161,low
ORD_0013162,low
ORD_0013163,medium
ORD_0013164,low
ORD_0013165,low
ORD_0013166,high
ORD_0013167,high
ORD_0013168,low
ORD_0013169,high
ORD_0013170,low
ORD_0013171,high
ORD_0013172,high
ORD_0013173,low
ORD_0013174,low
ORD_0013175,low
ORD_0013176,high
ORD_0013177,low
ORD_0013178,low
ORD_0013179,medium
ORD_0013180,high
ORD_0013181,medium
ORD_0013182,high
ORD_0013183,medium
ORD_0013184,low
ORD_0013185,medium
ORD_0013186,low
ORD_0013187,low
ORD_0013188,medium
ORD_0013189,medium
ORD_0013190,high
ORD_0013191,low
ORD_0013192,low
ORD_0013193,low
ORD_0013194,low
ORD_0013195,low
ORD_0013196,low
ORD_0013197,low
ORD_0013198,medium
ORD_0013199,medium
ORD_0013200,low
ORD_0013201,medium
ORD_0013202,low
ORD_0013203,low
ORD_0013204,high
ORD_0013205,medium
ORD_0013206,low
ORD_0013207,medium
ORD_0013208,medium
ORD_0013209,medium
ORD_0013210,low
ORD_0013211,medium
ORD_0013212,medium
ORD_0013213,medium
ORD_0013214,medium
ORD_0013215,high
ORD_0013216,high
ORD_0013217,low
ORD_0013218,low
ORD_0013219,medium
ORD_0013220,low
ORD_0013221,medium
ORD_0013222,low
ORD_0013223,low
ORD_0013224,medium
ORD_0013225,high
ORD_0013226,high
ORD_0013227,low
ORD_0013228,low
ORD_0013229,high
ORD_0013230,low
ORD_0013231,high
ORD_0013232,low
ORD_0013233,medium
ORD_0013234,high
ORD_0013235,medium
ORD_0013236,high
ORD_0013237,high
ORD_0013238,low
ORD_0013239,medium
ORD_0013240,low
ORD_0013241,low
ORD_0013242,medium
ORD_0013243,high
ORD_0013244,medium
ORD_0013245,low
ORD_0013246,medium
ORD_0013247,low
ORD_0013248,low
ORD_0013249,high
ORD_0013250,low
ORD_0013251,low
ORD_0013252,low
ORD_0013253,medium
ORD_0013254,low
ORD_0013255,low
ORD_0013256,high
ORD_0013257,medium
ORD_0013258,high
ORD_0013259,low
ORD_0013260,low
ORD_0013261,medium
ORD_0013262,medium
ORD_0013263,medium
ORD_0013264,high
ORD_0013265,high
ORD_0013266,low
ORD_0013267,medium
ORD_0013268,low
ORD_0013269,low
ORD_0013270,low
ORD_0013271,low
ORD_0013272,medium
ORD_0013273,medium
ORD_0013274,low
ORD_0013275,low
ORD_0013276,medium
ORD_0013277,medium
ORD_0013278,low
ORD_0013279,low
ORD_0013280,low
ORD_0013281,medium
ORD_0013282,medium
ORD_0013283,low
ORD_0013284,low
ORD_0013285,high
ORD_0013286,high
ORD_0013287,low
ORD_0013288,low
ORD_0013289,medium
ORD_0013290,medium
ORD_0013291,low
ORD_0013292,medium
ORD_0013293,low
ORD_0013294,high
ORD_0013295,medium
ORD_0013296,high
ORD_0013297,low
ORD_0013298,low
ORD_0013299,low
ORD_0013300,high
ORD_0013301,low
ORD_0013302,low
ORD_0013303,medium
ORD_0013304,low
ORD_0013305,low
ORD_0013306,medium
ORD_0013307,high
ORD_0013308,high
ORD_0013309,low
ORD_0013310,low
ORD_0013311,high
ORD_0013312,high
ORD_0013313,high
ORD_0013314,low
ORD_0013315,low
ORD_0013316,low
ORD_0013317,low
ORD_0013318,low
ORD_0013319,medium
ORD_0013320,low
ORD_0013321,high
ORD_0013322,low
ORD_0013323,low
ORD_0013324,medium
ORD_0013325,medium
ORD_0013326,medium
ORD_0013327,medium
ORD_0013328,medium
ORD_0013329,medium
ORD_0013330,low
ORD_0013331,low
ORD_0013332,low
ORD_0013333,low
ORD_0013334,low
ORD_0013335,low
ORD_0013336,low
ORD_0013337,low
ORD_0013338,low
ORD_0013339,low
ORD_0013340,low
ORD_0013341,high
ORD_0013342,low
ORD_0013343,medium
ORD_0013344,medium
ORD_0013345,low
ORD_0013346,high
ORD_0013347,low
ORD_0013348,medium
ORD_0013349,low
ORD_0013350,high
ORD_0013351,medium
ORD_0013352,low
ORD_0013353,medium
ORD_0013354,medium
ORD_0013355,low
ORD_0013356,high
ORD_0013357,low
ORD_0013358,low
ORD_0013359,low
ORD_0013360,medium
ORD_0013361,medium
ORD_0013362,high
ORD_0013363,low
ORD_0013364,low
ORD_0013365,medium
ORD_0013366,high
ORD_0013367,medium
ORD_0013368,low
ORD_0013369,low
ORD_0013370,low
ORD_0013371,low
ORD_0013372,medium
ORD_0013373,medium
ORD_0013374,low
ORD_0013375,low
ORD_0013376,low
ORD_0013377,high
ORD_0013378,low
ORD_0013379,low
ORD_0013380,low
ORD_0013381,high
ORD_0013382,medium
ORD_0013383,medium
ORD_0013384,medium
ORD_0013385,medium
ORD_0013386,medium
ORD_0013387,medium
ORD_0013388,low
ORD_0013389,low
ORD_0013390,medium
ORD_0013391,medium
ORD_0013392,low
ORD_0013393,high
ORD_0013394,medium
ORD_0013395,high
ORD_0013396,low
ORD_0013397,medium
ORD_0013398,low
ORD_0013399,medium
ORD_0013400,high
ORD_0013401,low
ORD_0013402,high
ORD_0013403,high
ORD_0013404,medium
ORD_0013405,low
ORD_0013406,low
ORD_0013407,low
ORD_0013408,low
ORD_0013409,low
ORD_0013410,high
ORD_0013411,low
ORD_0013412,low
ORD_0013413,low
ORD_0013414,low
ORD_0013415,medium
ORD_0013416,high
ORD_0013417,low
ORD_0013418,medium
ORD_0013419,medium
ORD_0013420,low
ORD_0013421,high
ORD_0013422,low
ORD_0013423,high
ORD_0013424,low
ORD_0013425,high
ORD_0013426,medium
ORD_0013427,low
ORD_0013428,high
ORD_0013429,low
ORD_0013430,medium
ORD_0013431,medium
ORD_0013432,low
ORD_0013433,medium
ORD_0013434,low
ORD_0013435,low
ORD_0013436,medium
ORD_0013437,low
ORD_0013438,low
ORD_0013439,low
ORD_0013440,low
ORD_0013441,low
ORD_0013442,medium
ORD_0013443,low
ORD_0013444,medium
ORD_0013445,medium
ORD_0013446,high
ORD_0013447,low
ORD_0013448,medium
ORD_0013449,low
ORD_0013450,low
ORD_0013451,medium
ORD_0013452,medium
ORD_0013453,medium
ORD_0013454,low
ORD_0013455,low
ORD_0013456,low
ORD_0013457,low
ORD_0013458,low
ORD_0013459,low
ORD_0013460,low
ORD_0013461,high
ORD_0013462,low
ORD_0013463,low
ORD_0013464,low
ORD_0013465,medium
ORD_0013466,low
ORD_0013467,medium
ORD_0013468,high
ORD_0013469,medium
ORD_0013470,low
ORD_0013471,low
ORD_0013472,low
ORD_0013473,low
ORD_0013474,low
ORD_0013475,high
ORD_0013476,high
ORD_0013477,medium
ORD_0013478,low
ORD_0013479,high
ORD_0013480,medium
ORD_0013481,medium
ORD_0013482,low
ORD_0013483,high
ORD_0013484,low
ORD_0013485,medium
ORD_0013486,high
ORD_0013487,medium
ORD_0013488,medium
ORD_0013489,low
ORD_0013490,low
ORD_0013491,high
ORD_0013492,medium
ORD_0013493,low
ORD_0013494,medium
ORD_0013495,low
ORD_0013496,low
ORD_0013497,low
ORD_0013498,low
ORD_0013499,low
ORD_0013500,medium
ORD_0013501,medium
ORD_0013502,high
ORD_0013503,low
ORD_0013504,high
ORD_0013505,low
ORD_0013506,medium
ORD_0013507,low
ORD_0013508,medium
ORD_0013509,high
ORD_0013510,medium
ORD_0013511,low
ORD_0013512,low
ORD_0013513,low
ORD_0013514,medium
ORD_0013515,high
ORD_0013516,low
ORD_0013517,low
ORD_0013518,low
ORD_0013519,medium
ORD_0013520,low
ORD_0013521,medium
ORD_0013522,low
ORD_0013523,low
ORD_0013524,low
ORD_0013525,medium
ORD_0013526,high
ORD_0013527,medium
ORD_0013528,low
ORD_0013529,low
ORD_0013530,medium
ORD_0013531,low
ORD_0013532,medium
ORD_0013533,low
ORD_0013534,medium
ORD_0013535,low
ORD_0013536,low
ORD_0013537,low
ORD_0013538,high
ORD_0013539,low
ORD_0013540,low
ORD_0013541,low
ORD_0013542,low
ORD_0013543,medium
ORD_0013544,medium
ORD_0013545,medium
ORD_0013546,medium
ORD_0013547,low
ORD_0013548,low
ORD_0013549,medium
ORD_0013550,low
ORD_0013551,medium
ORD_0013552,medium
ORD_0013553,low
ORD_0013554,medium
ORD_0013555,high
ORD_0013556,low
ORD_0013557,medium
ORD_0013558,medium
ORD_0013559,medium
ORD_0013560,low
ORD_0013561,medium
ORD_0013562,low
ORD_0013563,low
ORD_0013564,medium
ORD_0013565,medium
ORD_0013566,low
ORD_0013567,high
ORD_0013568,low
ORD_0013569,high
ORD_0013570,medium
ORD_0013571,medium
ORD_0013572,medium
ORD_0013573,medium
ORD_0013574,medium
ORD_0013575,medium
ORD_0013576,low
ORD_0013577,high
ORD_0013578,low
ORD_0013579,low
ORD_0013580,low
ORD_0013581,medium
ORD_0013582,medium
ORD_0013583,low
ORD_0013584,high
ORD_0013585,medium
ORD_0013586,low
ORD_0013587,low
ORD_0013588,high
ORD_0013589,low
ORD_0013590,low
ORD_0013591,low
ORD_0013592,low
ORD_0013593,medium
ORD_0013594,low
ORD_0013595,low
ORD_0013596,high
ORD_0013597,medium
ORD_0013598,medium
ORD_0013599,medium
ORD_0013600,low
ORD_0013601,medium
ORD_0013602,low
ORD_0013603,high
ORD_0013604,medium
ORD_0013605,high
ORD_0013606,medium
ORD_0013607,medium
ORD_0013608,high
ORD_0013609,medium
ORD_0013610,medium
ORD_0013611,high
ORD_0013612,high
ORD_0013613,medium
ORD_0013614,low
ORD_0013615,medium
ORD_0013616,high
ORD_0013617,low
ORD_0013618,high
ORD_0013619,medium
ORD_0013620,medium
ORD_0013621,medium
ORD_0013622,low
ORD_0013623,low
ORD_0013624,low
ORD_0013625,high
ORD_0013626,low
ORD_0013627,low
ORD_0013628,low
ORD_0013629,medium
ORD_0013630,high
ORD_0013631,low
ORD_0013632,medium
ORD_0013633,low
ORD_0013634,low
ORD_0013635,low
ORD_0013636,low
ORD_0013637,low
ORD_0013638,low
ORD_0013639,low
ORD_0013640,high
ORD_0013641,medium
ORD_0013642,low
ORD_0013643,low
ORD_0013644,medium
ORD_0013645,medium
ORD_0013646,high
ORD_0013647,low
ORD_0013648,medium
ORD_0013649,low
ORD_0013650,medium
ORD_0013651,low
ORD_0013652,high
ORD_0013653,low
ORD_0013654,medium
ORD_0013655,low
ORD_0013656,medium
ORD_0013657,medium
ORD_0013658,medium
ORD_0013659,low
ORD_0013660,medium
ORD_0013661,medium
ORD_0013662,low
ORD_0013663,low
ORD_0013664,low
ORD_0013665,low
ORD_0013666,medium
ORD_0013667,low
ORD_0013668,medium
ORD_0013669,low
ORD_0013670,low
ORD_0013671,high
ORD_0013672,high
ORD_0013673,low
ORD_0013674,low
ORD_0013675,high
ORD_0013676,low
ORD_0013677,low
ORD_0013678,high
ORD_0013679,low
ORD_0013680,low
ORD_0013681,low
ORD_0013682,low
ORD_0013683,low
ORD_0013684,medium
ORD_0013685,medium
ORD_0013686,low
ORD_0013687,low
ORD_0013688,low
ORD_0013689,medium
ORD_0013690,medium
ORD_0013691,medium
ORD_0013692,low
ORD_0013693,high
ORD_0013694,high
ORD_0013695,low
ORD_0013696,high
ORD_0013697,medium
ORD_0013698,low
ORD_0013699,high
ORD_0013700,high
ORD_0013701,medium
ORD_0013702,medium
ORD_0013703,low
ORD_0013704,medium
ORD_0013705,medium
ORD_0013706,medium
ORD_0013707,medium
ORD_0013708,high
ORD_0013709,low
ORD_0013710,medium
ORD_0013711,medium
ORD_0013712,low
ORD_0013713,low
ORD_0013714,low
ORD_0013715,low
ORD_0013716,low
ORD_0013717,medium
ORD_0013718,low
ORD_0013719,low
ORD_0013720,high
ORD_0013721,high
ORD_0013722,low
ORD_0013723,medium
ORD_0013724,low
ORD_0013725,high
ORD_0013726,high
ORD_0013727,medium
ORD_0013728,low
ORD_0013729,medium
ORD_0013730,medium
ORD_0013731,medium
ORD_0013732,low
ORD_0013733,medium
ORD_0013734,high
ORD_0013735,high
ORD_0013736,low
ORD_0013737,low
ORD_0013738,low
ORD_0013739,high
ORD_0013740,low
ORD_0013741,high
ORD_0013742,high
ORD_0013743,low
ORD_0013744,low
ORD_0013745,low
ORD_0013746,medium
ORD_0013747,medium
ORD_0013748,low
ORD_0013749,low
ORD_0013750,low
ORD_0013751,high
ORD_0013752,high
ORD_0013753,medium
ORD_0013754,medium
ORD_0013755,low
ORD_0013756,medium
ORD_0013757,low
ORD_0013758,low
ORD_0013759,high
ORD_0013760,medium
ORD_0013761,medium
ORD_0013762,low
ORD_0013763,medium
ORD_0013764,low
ORD_0013765,low
ORD_0013766,medium
ORD_0013767,medium
ORD_0013768,high
ORD_0013769,low
ORD_0013770,medium
ORD_0013771,medium
ORD_0013772,low
ORD_0013773,low
ORD_0013774,low
ORD_0013775,high
ORD_0013776,medium
ORD_0013777,low
ORD_0013778,medium
ORD_0013779,high
ORD_0013780,high
ORD_0013781,low
ORD_0013782,high
ORD_0013783,high
ORD_0013784,low
ORD_0013785,low
ORD_0013786,low
ORD_0013787,high
ORD_0013788,high
ORD_0013789,high
ORD_0013790,low
ORD_0013791,medium
ORD_0013792,medium
ORD_0013793,low
ORD_0013794,medium
ORD_0013795,high
ORD_0013796,high
ORD_0013797,high
ORD_0013798,medium
ORD_0013799,medium
ORD_0013800,medium
ORD_0013801,low
ORD_0013802,low
ORD_0013803,high
ORD_0013804,low
ORD_0013805,high
ORD_0013806,low
ORD_0013807,low
ORD_0013808,low
ORD_0013809,low
ORD_0013810,low
ORD_0013811,low
ORD_0013812,medium
ORD_0013813,high
ORD_0013814,low
ORD_0013815,medium
ORD_0013816,high
ORD_0013817,medium
ORD_0013818,medium
ORD_0013819,low
ORD_0013820,high
ORD_0013821,low
ORD_0013822,low
ORD_0013823,medium
ORD_0013824,high
ORD_0013825,low
ORD_0013826,medium
ORD_0013827,low
ORD_0013828,low
ORD_0013829,medium
ORD_0013830,medium
ORD_0013831,low
ORD_0013832,medium
ORD_0013833,low
ORD_0013834,medium
ORD_0013835,medium
ORD_0013836,low
ORD_0013837,low
ORD_0013838,medium
ORD_0013839,medium
ORD_0013840,high
ORD_0013841,low
ORD_0013842,low
ORD_0013843,low
ORD_0013844,medium
ORD_0013845,high
ORD_0013846,low
ORD_0013847,high
ORD_0013848,medium
ORD_0013849,low
ORD_0013850,high
ORD_0013851,low
ORD_0013852,medium
ORD_0013853,medium
ORD_0013854,medium
ORD_0013855,medium
ORD_0013856,low
ORD_0013857,high
ORD_0013858,high
ORD_0013859,low
ORD_0013860,low
ORD_0013861,medium
ORD_0013862,low
ORD_0013863,medium
ORD_0013864,low
ORD_0013865,high
ORD_0013866,low
ORD_0013867,low
ORD_0013868,low
ORD_0013869,low
ORD_0013870,medium
ORD_0013871,low
ORD_0013872,medium
ORD_0013873,high
ORD_0013874,low
ORD_0013875,high
ORD_0013876,medium
ORD_0013877,high
ORD_0013878,low
ORD_0013879,low
ORD_0013880,low
ORD_0013881,high
ORD_0013882,low
ORD_0013883,low
ORD_0013884,high
ORD_0013885,medium
ORD_0013886,medium
ORD_0013887,low
ORD_0013888,medium
ORD_0013889,low
ORD_0013890,high
ORD_0013891,low
ORD_0013892,low
ORD_0013893,low
ORD_0013894,low
ORD_0013895,medium
ORD_0013896,medium
ORD_0013897,low
ORD_0013898,medium
ORD_0013899,low
ORD_0013900,medium
ORD_0013901,medium
ORD_0013902,low
ORD_0013903,medium
ORD_0013904,high
ORD_0013905,low
ORD_0013906,low
ORD_0013907,high
ORD_0013908,medium
ORD_0013909,low
ORD_0013910,medium
ORD_0013911,low
ORD_0013912,high
ORD_0013913,low
ORD_0013914,high
ORD_0013915,high
ORD_0013916,low
ORD_0013917,high
ORD_0013918,low
ORD_0013919,low
ORD_0013920,medium
ORD_0013921,low
ORD_0013922,medium
ORD_0013923,medium
ORD_0013924,low
ORD_0013925,low
ORD_0013926,low
ORD_0013927,low
ORD_0013928,high
ORD_0013929,high
ORD_0013930,high
ORD_0013931,low
ORD_0013932,high
ORD_0013933,medium
ORD_0013934,low
ORD_0013935,medium
ORD_0013936,low
ORD_0013937,low
ORD_0013938,medium
ORD_0013939,medium
ORD_0013940,low
ORD_0013941,low
ORD_0013942,low
ORD_0013943,low
ORD_0013944,low
ORD_0013945,low
ORD_0013946,low
ORD_0013947,low
ORD_0013948,low
ORD_0013949,low
ORD_0013950,medium
ORD_0013951,low
ORD_0013952,low
ORD_0013953,low
ORD_0013954,high
ORD_0013955,medium
ORD_0013956,low
ORD_0013957,low
ORD_0013958,low
ORD_0013959,low
ORD_0013960,medium
ORD_0013961,medium
ORD_0013962,low
ORD_0013963,low
ORD_0013964,high
ORD_0013965,medium
ORD_0013966,low
ORD_0013967,medium
ORD_0013968,low
ORD_0013969,low
ORD_0013970,medium
ORD_0013971,low
ORD_0013972,low
ORD_0013973,medium
ORD_0013974,medium
ORD_0013975,medium
ORD_0013976,low
ORD_0013977,high
ORD_0013978,medium
ORD_0013979,low
ORD_0013980,low
ORD_0013981,low
ORD_0013982,low
ORD_0013983,low
ORD_0013984,low
ORD_0013985,high
ORD_0013986,medium
ORD_0013987,medium
ORD_0013988,low
ORD_0013989,high
ORD_0013990,low
ORD_0013991,low
ORD_0013992,medium
ORD_0013993,low
ORD_0013994,high
ORD_0013995,low
ORD_0013996,low
ORD_0013997,high
ORD_0013998,medium
ORD_0013999,low
ORD_0014000,low
ORD_0014001,high
ORD_0014002,high
ORD_0014003,medium
ORD_0014004,medium
ORD_0014005,low
ORD_0014006,high
ORD_0014007,high
ORD_0014008,low
ORD_0014009,medium
ORD_0014010,medium
ORD_0014011,high
ORD_0014012,low
ORD_0014013,high
ORD_0014014,medium
ORD_0014015,high
ORD_0014016,low
ORD_0014017,low
ORD_0014018,low
ORD_0014019,medium
ORD_0014020,low
ORD_0014021,high
ORD_0014022,low
ORD_0014023,low
ORD_0014024,low
ORD_0014025,medium
ORD_0014026,low
ORD_0014027,low
ORD_0014028,low
ORD_0014029,low
ORD_0014030,low
ORD_0014031,medium
ORD_0014032,low
ORD_0014033,medium
ORD_0014034,low
ORD_0014035,high
ORD_0014036,low
ORD_0014037,low
ORD_0014038,low
ORD_0014039,low
ORD_0014040,low
ORD_0014041,low
ORD_0014042,medium
ORD_0014043,low
ORD_0014044,low
ORD_0014045,medium
ORD_0014046,medium
ORD_0014047,medium
ORD_0014048,low
ORD_0014049,low
ORD_0014050,medium
ORD_0014051,low
ORD_0014052,high
ORD_0014053,low
ORD_0014054,medium
ORD_0014055,high
ORD_0014056,medium
ORD_0014057,low
ORD_0014058,low
ORD_0014059,low
ORD_0014060,high
ORD_0014061,medium
ORD_0014062,medium
ORD_0014063,low
ORD_0014064,high
ORD_0014065,low
ORD_0014066,low
ORD_0014067,high
ORD_0014068,low
ORD_0014069,low
ORD_0014070,low
ORD_0014071,medium
ORD_0014072,high
ORD_0014073,medium
ORD_0014074,medium
ORD_0014075,low
ORD_0014076,high
ORD_0014077,medium
ORD_0014078,high
ORD_0014079,medium
ORD_0014080,high
ORD_0014081,medium
ORD_0014082,low
ORD_0014083,high
ORD_0014084,low
ORD_0014085,medium
ORD_0014086,low
ORD_0014087,medium
ORD_0014088,medium
ORD_0014089,medium
ORD_0014090,low
ORD_0014091,medium
ORD_0014092,medium
ORD_0014093,low
ORD_0014094,low
ORD_0014095,medium
ORD_0014096,low
ORD_0014097,low
ORD_0014098,high
ORD_0014099,medium
ORD_0014100,low
ORD_0014101,medium
ORD_0014102,medium
ORD_0014103,low
ORD_0014104,high
ORD_0014105,low
ORD_0014106,medium
ORD_0014107,low
ORD_0014108,low
ORD_0014109,medium
ORD_0014110,low
ORD_0014111,high
ORD_0014112,medium
ORD_0014113,low
ORD_0014114,medium
ORD_0014115,low
ORD_0014116,low
ORD_0014117,medium
ORD_0014118,high
ORD_0014119,low
ORD_0014120,low
ORD_0014121,medium
ORD_0014122,low
ORD_0014123,low
ORD_0014124,medium
ORD_0014125,low
ORD_0014126,low
ORD_0014127,low
ORD_0014128,low
ORD_0014129,medium
ORD_0014130,medium
ORD_0014131,low
ORD_0014132,medium
ORD_0014133,low
ORD_0014134,medium
ORD_0014135,medium
ORD_0014136,medium
ORD_0014137,high
ORD_0014138,low
ORD_0014139,medium
ORD_0014140,low
ORD_0014141,high
ORD_0014142,high
ORD_0014143,high
ORD_0014144,low
ORD_0014145,medium
ORD_0014146,high
ORD_0014147,low
ORD_0014148,low
ORD_0014149,low
ORD_0014150,medium
ORD_0014151,high
ORD_0014152,low
ORD_0014153,medium
ORD_0014154,low
ORD_0014155,high
ORD_0014156,low
ORD_0014157,medium
ORD_0014158,high
ORD_0014159,low
ORD_0014160,low
ORD_0014161,low
ORD_0014162,medium
ORD_0014163,medium
ORD_0014164,high
ORD_0014165,medium
ORD_0014166,medium
ORD_0014167,medium
ORD_0014168,medium
ORD_0014169,high
ORD_0014170,low
ORD_0014171,medium
ORD_0014172,low
ORD_0014173,medium
ORD_0014174,high
ORD_0014175,high
ORD_0014176,low
ORD_0014177,high
ORD_0014178,low
ORD_0014179,low
ORD_0014180,high
ORD_0014181,high
ORD_0014182,medium
ORD_0014183,medium
ORD_0014184,medium
ORD_0014185,high
ORD_0014186,low
ORD_0014187,medium
ORD_0014188,high
ORD_0014189,high
ORD_0014190,low
ORD_0014191,high
ORD_0014192,medium
ORD_0014193,high
ORD_0014194,low
ORD_0014195,high
ORD_0014196,high
ORD_0014197,high
ORD_0014198,medium
ORD_0014199,high
ORD_0014200,low
ORD_0014201,low
ORD_0014202,low
ORD_0014203,low
ORD_0014204,medium
ORD_0014205,low
ORD_0014206,high
ORD_0014207,low
ORD_0014208,low
ORD_0014209,low
ORD_0014210,low
ORD_0014211,high
ORD_0014212,low
ORD_0014213,high
ORD_0014214,high
ORD_0014215,low
ORD_0014216,low
ORD_0014217,medium
ORD_0014218,medium
ORD_0014219,low
ORD_0014220,low
ORD_0014221,high
ORD_0014222,low
ORD_0014223,medium
ORD_0014224,medium
ORD_0014225,low
ORD_0014226,low
ORD_0014227,medium
ORD_0014228,high
ORD_0014229,low
ORD_0014230,low
ORD_0014231,medium
ORD_0014232,low
ORD_0014233,low
ORD_0014234,high
ORD_0014235,low
ORD_0014236,low
ORD_0014237,low
ORD_0014238,medium
ORD_0014239,high
ORD_0014240,medium
ORD_0014241,low
ORD_0014242,low
ORD_0014243,low
ORD_0014244,low
ORD_0014245,low
ORD_0014246,medium
ORD_0014247,medium
ORD_0014248,medium
ORD_0014249,medium
ORD_0014250,low
ORD_0014251,low
ORD_0014252,low
ORD_0014253,medium
ORD_0014254,low
ORD_0014255,low
ORD_0014256,medium
ORD_0014257,low
ORD_0014258,high
ORD_0014259,low
ORD_0014260,medium
ORD_0014261,high
ORD_0014262,medium
ORD_0014263,medium
ORD_0014264,low
ORD_0014265,medium
ORD_0014266,low
ORD_0014267,high
ORD_0014268,medium
ORD_0014269,low
ORD_0014270,low
ORD_0014271,high
ORD_0014272,low
ORD_0014273,low
ORD_0014274,high
ORD_0014275,low
ORD_0014276,medium
ORD_0014277,medium
ORD_0014278,low
ORD_0014279,low
ORD_0014280,medium
ORD_0014281,low
ORD_0014282,medium
ORD_0014283,low
ORD_0014284,low
ORD_0014285,high
ORD_0014286,low
ORD_0014287,high
ORD_0014288,medium
ORD_0014289,medium
ORD_0014290,medium
ORD_0014291,low
ORD_0014292,high
ORD_0014293,high
ORD_0014294,low
ORD_0014295,medium
ORD_0014296,medium
ORD_0014297,low
ORD_0014298,low
ORD_0014299,medium
ORD_0014300,medium
ORD_0014301,medium
ORD_0014302,high
ORD_0014303,low
ORD_0014304,medium
ORD_0014305,low
ORD_0014306,medium
ORD_0014307,medium
ORD_0014308,medium
ORD_0014309,low
ORD_0014310,low
ORD_0014311,low
ORD_0014312,low
ORD_0014313,low
ORD_0014314,low
ORD_0014315,low
ORD_0014316,low
ORD_0014317,low
ORD_0014318,medium
ORD_0014319,low
ORD_0014320,high
ORD_0014321,low
ORD_0014322,high
ORD_0014323,medium
ORD_0014324,high
ORD_0014325,low
ORD_0014326,low
ORD_0014327,medium
ORD_0014328,low
ORD_0014329,medium
ORD_0014330,low
ORD_0014331,high
ORD_0014332,low
ORD_0014333,medium
ORD_0014334,low
ORD_0014335,low
ORD_0014336,high
ORD_0014337,low
ORD_0014338,low
ORD_0014339,medium
ORD_0014340,medium
ORD_0014341,medium
ORD_0014342,low
ORD_0014343,low
ORD_0014344,low
ORD_0014345,low
ORD_0014346,low
ORD_0014347,low
ORD_0014348,low
ORD_0014349,low
ORD_0014350,medium
ORD_0014351,low
ORD_0014352,low
ORD_0014353,low
ORD_0014354,medium
ORD_0014355,medium
ORD_0014356,medium
ORD_0014357,medium
ORD_0014358,high
ORD_0014359,low
ORD_0014360,low
ORD_0014361,medium
ORD_0014362,low
ORD_0014363,low
ORD_0014364,low
ORD_0014365,low
ORD_0014366,low
ORD_0014367,medium
ORD_0014368,low
ORD_0014369,medium
ORD_0014370,high
ORD_0014371,high
ORD_0014372,low
ORD_0014373,medium
ORD_0014374,high
ORD_0014375,low
ORD_0014376,low
ORD_0014377,high
ORD_0014378,medium
ORD_0014379,medium
ORD_0014380,low
ORD_0014381,medium
ORD_0014382,low
ORD_0014383,low
ORD_0014384,medium
ORD_0014385,high
ORD_0014386,high
ORD_0014387,medium
ORD_0014388,medium
ORD_0014389,medium
ORD_0014390,medium
ORD_0014391,low
ORD_0014392,low
ORD_0014393,low
ORD_0014394,high
ORD_0014395,medium
ORD_0014396,medium
ORD_0014397,low
ORD_0014398,low
ORD_0014399,low
ORD_0014400,low
ORD_0014401,medium
ORD_0014402,low
ORD_0014403,low
ORD_0014404,low
ORD_0014405,low
ORD_0014406,low
ORD_0014407,medium
ORD_0014408,medium
ORD_0014409,low
ORD_0014410,low
ORD_0014411,high
ORD_0014412,high
ORD_0014413,high
ORD_0014414,high
ORD_0014415,medium
ORD_0014416,low
ORD_0014417,high
ORD_0014418,medium
ORD_0014419,high
ORD_0014420,high
ORD_0014421,low
ORD_0014422,low
ORD_0014423,low
ORD_0014424,high
ORD_0014425,low
ORD_0014426,high
ORD_0014427,low
ORD_0014428,low
ORD_0014429,high
ORD_0014430,low
ORD_0014431,low
ORD_0014432,low
ORD_0014433,medium
ORD_0014434,low
ORD_0014435,medium
ORD_0014436,medium
ORD_0014437,low
ORD_0014438,low
ORD_0014439,medium
ORD_0014440,low
ORD_0014441,high
ORD_0014442,medium
ORD_0014443,low
ORD_0014444,low
ORD_0014445,low
ORD_0014446,low
ORD_0014447,low
ORD_0014448,medium
ORD_0014449,low
ORD_0014450,low
ORD_0014451,low
ORD_0014452,medium
ORD_0014453,medium
ORD_0014454,medium
ORD_0014455,high
ORD_0014456,high
ORD_0014457,high
ORD_0014458,medium
ORD_0014459,high
ORD_0014460,medium
ORD_0014461,high
ORD_0014462,high
ORD_0014463,medium
ORD_0014464,low
ORD_0014465,high
ORD_0014466,low
ORD_0014467,medium
ORD_0014468,medium
ORD_0014469,medium
ORD_0014470,medium
ORD_0014471,low
ORD_0014472,medium
ORD_0014473,low
ORD_0014474,high
ORD_0014475,low
ORD_0014476,high
ORD_0014477,low
ORD_0014478,medium
ORD_0014479,low
ORD_0014480,high
ORD_0014481,medium
ORD_0014482,low
ORD_0014483,high
ORD_0014484,low
ORD_0014485,low
ORD_0014486,low
ORD_0014487,low
ORD_0014488,medium
ORD_0014489,high
ORD_0014490,low
ORD_0014491,low
ORD_0014492,low
ORD_0014493,low
ORD_0014494,low
ORD_0014495,low
ORD_0014496,low
ORD_0014497,low
ORD_0014498,low
ORD_0014499,low
ORD_0014500,low
ORD_0014501,high
ORD_0014502,high
ORD_0014503,low
ORD_0014504,medium
ORD_0014505,medium
ORD_0014506,low
ORD_0014507,high
ORD_0014508,low
ORD_0014509,low
ORD_0014510,low
ORD_0014511,low
ORD_0014512,medium
ORD_0014513,low
ORD_0014514,medium
ORD_0014515,low
ORD_0014516,high
ORD_0014517,medium
ORD_0014518,low
ORD_0014519,low
ORD_0014520,low
ORD_0014521,low
ORD_0014522,low
ORD_0014523,low
ORD_0014524,high
ORD_0014525,low
ORD_0014526,high
ORD_0014527,high
ORD_0014528,low
ORD_0014529,high
ORD_0014530,medium
ORD_0014531,medium
ORD_0014532,medium
ORD_0014533,low
ORD_0014534,low
ORD_0014535,low
ORD_0014536,low
ORD_0014537,low
ORD_0014538,medium
ORD_0014539,low
ORD_0014540,low
ORD_0014541,low
ORD_0014542,low
ORD_0014543,low
ORD_0014544,low
ORD_0014545,low
ORD_0014546,low
ORD_0014547,high
ORD_0014548,low
ORD_0014549,low
ORD_0014550,medium
ORD_0014551,low
ORD_0014552,low
ORD_0014553,high
ORD_0014554,low
ORD_0014555,high
ORD_0014556,low
ORD_0014557,medium
ORD_0014558,low
ORD_0014559,low
ORD_0014560,high
ORD_0014561,high
ORD_0014562,high
ORD_0014563,low
ORD_0014564,low
ORD_0014565,medium
ORD_0014566,high
ORD_0014567,high
ORD_0014568,low
ORD_0014569,medium
ORD_0014570,medium
ORD_0014571,medium
ORD_0014572,medium
ORD_0014573,low
ORD_0014574,low
ORD_0014575,high
ORD_0014576,high
ORD_0014577,low
ORD_0014578,low
ORD_0014579,low
ORD_0014580,medium
ORD_0014581,high
ORD_0014582,low
ORD_0014583,high
ORD_0014584,high
ORD_0014585,low
ORD_0014586,high
ORD_0014587,medium
ORD_0014588,medium
ORD_0014589,low
ORD_0014590,low
ORD_0014591,high
ORD_0014592,medium
ORD_0014593,high
ORD_0014594,medium
ORD_0014595,high
ORD_0014596,high
ORD_0014597,low
ORD_0014598,medium
ORD_0014599,low
ORD_0014600,low
ORD_0014601,medium
ORD_0014602,medium
ORD_0014603,medium
ORD_0014604,high
ORD_0014605,low
ORD_0014606,high
ORD_0014607,low
ORD_0014608,low
ORD_0014609,medium
ORD_0014610,low
ORD_0014611,high
ORD_0014612,low
ORD_0014613,medium
ORD_0014614,medium
ORD_0014615,high
ORD_0014616,medium
ORD_0014617,medium
ORD_0014618,low
ORD_0014619,low
ORD_0014620,low
ORD_0014621,medium
ORD_0014622,low
ORD_0014623,low
ORD_0014624,low
ORD_0014625,high
ORD_0014626,low
ORD_0014627,medium
ORD_0014628,high
ORD_0014629,low
ORD_0014630,medium
ORD_0014631,medium
ORD_0014632,low
ORD_0014633,low
ORD_0014634,medium
ORD_0014635,high
ORD_0014636,high
ORD_0014637,medium
ORD_0014638,high
ORD_0014639,low
ORD_0014640,medium
ORD_0014641,medium
ORD_0014642,low
ORD_0014643,low
ORD_0014644,low
ORD_0014645,medium
ORD_0014646,high
ORD_0014647,medium
ORD_0014648,medium
ORD_0014649,high
ORD_0014650,medium
ORD_0014651,low
ORD_0014652,low
ORD_0014653,high
ORD_0014654,high
ORD_0014655,low
ORD_0014656,low
ORD_0014657,high
ORD_0014658,low
ORD_0014659,low
ORD_0014660,low
ORD_0014661,low
ORD_0014662,low
ORD_0014663,low
ORD_0014664,high
ORD_0014665,medium
ORD_0014666,low
ORD_0014667,low
ORD_0014668,low
ORD_0014669,low
ORD_0014670,high
ORD_0014671,low
ORD_0014672,medium
ORD_0014673,low
ORD_0014674,low
ORD_0014675,low
ORD_0014676,medium
ORD_0014677,low
ORD_0014678,medium
ORD_0014679,medium
ORD_0014680,high
ORD_0014681,high
ORD_0014682,high
ORD_0014683,medium
ORD_0014684,medium
ORD_0014685,low
ORD_0014686,low
ORD_0014687,low
ORD_0014688,low
ORD_0014689,medium
ORD_0014690,low
ORD_0014691,high
ORD_0014692,low
ORD_0014693,low
ORD_0014694,high
ORD_0014695,medium
ORD_0014696,low
ORD_0014697,medium
ORD_0014698,low
ORD_0014699,high
ORD_0014700,low
ORD_0014701,low
ORD_0014702,low
ORD_0014703,low
ORD_0014704,low
ORD_0014705,medium
ORD_0014706,high
ORD_0014707,medium
ORD_0014708,medium
ORD_0014709,low
ORD_0014710,high
ORD_0014711,low
ORD_0014712,high
ORD_0014713,low
ORD_0014714,medium
ORD_0014715,high
ORD_0014716,medium
ORD_0014717,medium
ORD_0014718,low
ORD_0014719,low
ORD_0014720,medium
ORD_0014721,high
ORD_0014722,low
ORD_0014723,medium
ORD_0014724,low
ORD_0014725,high
ORD_0014726,medium
ORD_0014727,medium
ORD_0014728,low
ORD_0014729,low
ORD_0014730,low
ORD_0014731,medium
ORD_0014732,low
ORD_0014733,high
ORD_0014734,low
ORD_0014735,low
ORD_0014736,low
ORD_0014737,low
ORD_0014738,low
ORD_0014739,medium
ORD_0014740,low
ORD_0014741,low
ORD_0014742,high
ORD_0014743,medium
ORD_0014744,high
ORD_0014745,low
ORD_0014746,medium
ORD_0014747,medium
ORD_0014748,low
ORD_0014749,low
ORD_0014750,low
ORD_0014751,low
ORD_0014752,high
ORD_0014753,medium
ORD_0014754,medium
ORD_0014755,high
ORD_0014756,medium
ORD_0014757,medium
ORD_0014758,low
ORD_0014759,medium
ORD_0014760,low
ORD_0014761,medium
ORD_0014762,high
ORD_0014763,low
ORD_0014764,low
ORD_0014765,low
ORD_0014766,medium
ORD_0014767,medium
ORD_0014768,low
ORD_0014769,low
ORD_0014770,medium
ORD_0014771,low
ORD_0014772,low
ORD_0014773,low
ORD_0014774,medium
ORD_0014775,medium
ORD_0014776,low
ORD_0014777,low
ORD_0014778,high
ORD_0014779,medium
ORD_0014780,medium
ORD_0014781,medium
ORD_0014782,low
ORD_0014783,low
ORD_0014784,medium
ORD_0014785,low
ORD_0014786,high
ORD_0014787,high
ORD_0014788,low
ORD_0014789,low
ORD_0014790,low
ORD_0014791,medium
ORD_0014792,low
ORD_0014793,low
ORD_0014794,high
ORD_0014795,low
ORD_0014796,low
ORD_0014797,low
ORD_0014798,medium
ORD_0014799,low
ORD_0014800,medium
ORD_0014801,low
ORD_0014802,high
ORD_0014803,low
ORD_0014804,low
ORD_0014805,low
ORD_0014806,high
ORD_0014807,medium
ORD_0014808,high
ORD_0014809,medium
ORD_0014810,high
ORD_0014811,medium
ORD_0014812,low
ORD_0014813,low
ORD_0014814,high
ORD_0014815,low
ORD_0014816,low
ORD_0014817,low
ORD_0014818,medium
ORD_0014819,low
ORD_0014820,low
ORD_0014821,high
ORD_0014822,low
ORD_0014823,medium
ORD_0014824,medium
ORD_0014825,high
ORD_0014826,low
ORD_0014827,medium
ORD_0014828,low
ORD_0014829,low
ORD_0014830,high
ORD_0014831,low
ORD_0014832,low
ORD_0014833,high
ORD_0014834,low
ORD_0014835,medium
ORD_0014836,medium
ORD_0014837,low
ORD_0014838,medium
ORD_0014839,low
ORD_0014840,medium
ORD_0014841,low
ORD_0014842,low
ORD_0014843,high
ORD_0014844,medium
ORD_0014845,high
ORD_0014846,high
ORD_0014847,low
ORD_0014848,medium
ORD_0014849,medium
ORD_0014850,high
ORD_0014851,low
ORD_0014852,high
ORD_0014853,low
ORD_0014854,low
ORD_0014855,low
ORD_0014856,low
ORD_0014857,low
ORD_0014858,low
ORD_0014859,medium
ORD_0014860,low
ORD_0014861,medium
ORD_0014862,high
ORD_0014863,low
ORD_0014864,medium
ORD_0014865,low
ORD_0014866,low
ORD_0014867,high
ORD_0014868,low
ORD_0014869,low
ORD_0014870,low
ORD_0014871,low
ORD_0014872,medium
ORD_0014873,medium
ORD_0014874,low
ORD_0014875,low
ORD_0014876,medium
ORD_0014877,high
ORD_0014878,high
ORD_0014879,low
ORD_0014880,medium
ORD_0014881,low
ORD_0014882,high
ORD_0014883,low
ORD_0014884,low
ORD_0014885,high
ORD_0014886,low
ORD_0014887,high
ORD_0014888,medium
ORD_0014889,medium
ORD_0014890,medium
ORD_0014891,medium
ORD_0014892,high
ORD_0014893,low
ORD_0014894,high
ORD_0014895,medium
ORD_0014896,low
ORD_0014897,medium
ORD_0014898,low
ORD_0014899,medium
ORD_0014900,high
ORD_0014901,low
ORD_0014902,medium
ORD_0014903,medium
ORD_0014904,low
ORD_0014905,low
ORD_0014906,high
ORD_0014907,medium
ORD_0014908,low
ORD_0014909,low
ORD_0014910,low
ORD_0014911,high
ORD_0014912,low
ORD_0014913,low
ORD_0014914,low
ORD_0014915,high
ORD_0014916,high
ORD_0014917,high
ORD_0014918,low
ORD_0014919,high
ORD_0014920,high
ORD_0014921,high
ORD_0014922,low
ORD_0014923,low
ORD_0014924,medium
ORD_0014925,medium
ORD_0014926,low
ORD_0014927,high
ORD_0014928,high
ORD_0014929,medium
ORD_0014930,medium
ORD_0014931,high
ORD_0014932,medium
ORD_0014933,low
ORD_0014934,low
ORD_0014935,high
ORD_0014936,low
ORD_0014937,high
ORD_0014938,low
ORD_0014939,high
ORD_0014940,low
ORD_0014941,high
ORD_0014942,medium
ORD_0014943,low
ORD_0014944,low
ORD_0014945,low
ORD_0014946,low
ORD_0014947,low
ORD_0014948,medium
ORD_0014949,low
ORD_0014950,low
ORD_0014951,low
ORD_0014952,high
ORD_0014953,low
ORD_0014954,medium
ORD_0014955,high
ORD_0014956,low
ORD_0014957,low
ORD_0014958,high
ORD_0014959,high
ORD_0014960,low
ORD_0014961,low
ORD_0014962,medium
ORD_0014963,low
ORD_0014964,high
ORD_0014965,low
ORD_0014966,high
ORD_0014967,medium
ORD_0014968,medium
ORD_0014969,low
ORD_0014970,medium
ORD_0014971,high
ORD_0014972,low
ORD_0014973,medium
ORD_0014974,high
ORD_0014975,low
ORD_0014976,low
ORD_0014977,low
ORD_0014978,medium
ORD_0014979,high
ORD_0014980,high
ORD_0014981,high
ORD_0014982,medium
ORD_0014983,high
ORD_0014984,medium
ORD_0014985,low
ORD_0014986,medium
ORD_0014987,medium
ORD_0014988,low
ORD_0014989,low
ORD_0014990,low
ORD_0014991,high
ORD_0014992,low
ORD_0014993,low
ORD_0014994,low
ORD_0014995,medium
ORD_0014996,medium
ORD_0014997,low
ORD_0014998,low
ORD_0014999,high
ORD_0015000,low
ORD_0015001,low
ORD_0015002,low
ORD_0015003,high
ORD_0015004,low
ORD_0015005,low
ORD_0015006,low
ORD_0015007,high
ORD_0015008,low
ORD_0015009,low
ORD_0015010,high
ORD_0015011,low
ORD_0015012,medium
ORD_0015013,low
ORD_0015014,low
ORD_0015015,low
ORD_0015016,low
ORD_0015017,high
ORD_0015018,medium
ORD_0015019,high
ORD_0015020,medium
ORD_0015021,high
ORD_0015022,high
ORD_0015023,low
ORD_0015024,low
ORD_0015025,high
ORD_0015026,low
ORD_0015027,medium
ORD_0015028,medium
ORD_0015029,low
ORD_0015030,high
ORD_0015031,low
ORD_0015032,high
ORD_0015033,low
ORD_0015034,high
ORD_0015035,low
ORD_0015036,medium
ORD_0015037,low
ORD_0015038,low
ORD_0015039,low
ORD_0015040,medium
ORD_0015041,medium
ORD_0015042,low
ORD_0015043,medium
ORD_0015044,low
ORD_0015045,low
ORD_0015046,medium
ORD_0015047,high
ORD_0015048,low
ORD_0015049,low
ORD_0015050,low
ORD_0015051,high
ORD_0015052,medium
ORD_0015053,medium
ORD_0015054,medium
ORD_0015055,medium
ORD_0015056,low
ORD_0015057,low
ORD_0015058,low
ORD_0015059,low
ORD_0015060,medium
ORD_0015061,medium
ORD_0015062,low
ORD_0015063,low
ORD_0015064,high
ORD_0015065,medium
ORD_0015066,medium
ORD_0015067,medium
ORD_0015068,medium
ORD_0015069,low
ORD_0015070,low
ORD_0015071,medium
ORD_0015072,low
ORD_0015073,medium
ORD_0015074,low
ORD_0015075,low
ORD_0015076,high
ORD_0015077,low
ORD_0015078,low
ORD_0015079,low
ORD_0015080,low
ORD_0015081,high
ORD_0015082,low
ORD_0015083,low
ORD_0015084,medium
ORD_0015085,low
ORD_0015086,high
ORD_0015087,medium
ORD_0015088,high
ORD_0015089,low
ORD_0015090,low
ORD_0015091,medium
ORD_0015092,low
ORD_0015093,medium
ORD_0015094,high
ORD_0015095,medium
ORD_0015096,low
ORD_0015097,low
ORD_0015098,low
ORD_0015099,low
ORD_0015100,high
ORD_0015101,low
ORD_0015102,medium
ORD_0015103,low
ORD_0015104,medium
ORD_0015105,medium
ORD_0015106,medium
ORD_0015107,low
ORD_0015108,medium
ORD_0015109,high
ORD_0015110,high
ORD_0015111,medium
ORD_0015112,low
ORD_0015113,medium
ORD_0015114,low
ORD_0015115,medium
ORD_0015116,low
ORD_0015117,medium
ORD_0015118,medium
ORD_0015119,medium
ORD_0015120,high
ORD_0015121,low
ORD_0015122,medium
ORD_0015123,medium
ORD_0015124,low
ORD_0015125,medium
ORD_0015126,low
ORD_0015127,medium
ORD_0015128,medium
ORD_0015129,low
ORD_0015130,high
ORD_0015131,high
ORD_0015132,low
ORD_0015133,low
ORD_0015134,low
ORD_0015135,low
ORD_0015136,medium
ORD_0015137,medium
ORD_0015138,high
ORD_0015139,low
ORD_0015140,low
ORD_0015141,low
ORD_0015142,medium
ORD_0015143,high
ORD_0015144,medium
ORD_0015145,medium
ORD_0015146,high
ORD_0015147,medium
ORD_0015148,low
ORD_0015149,low
ORD_0015150,medium
ORD_0015151,medium
ORD_0015152,low
ORD_0015153,low
ORD_0015154,high
ORD_0015155,low
ORD_0015156,low
ORD_0015157,low
ORD_0015158,medium
ORD_0015159,low
ORD_0015160,medium
ORD_0015161,high
ORD_0015162,low
ORD_0015163,low
ORD_0015164,low
ORD_0015165,medium
ORD_0015166,low
ORD_0015167,medium
ORD_0015168,high
ORD_0015169,medium
ORD_0015170,low
ORD_0015171,medium
ORD_0015172,medium
ORD_0015173,low
ORD_0015174,low
ORD_0015175,high
ORD_0015176,low
ORD_0015177,low
ORD_0015178,high
ORD_0015179,high
ORD_0015180,low
ORD_0015181,high
ORD_0015182,high
ORD_0015183,low
ORD_0015184,low
ORD_0015185,low
ORD_0015186,high
ORD_0015187,low
ORD_0015188,low
ORD_0015189,high
ORD_0015190,medium
ORD_0015191,high
ORD_0015192,low
ORD_0015193,medium
ORD_0015194,low
ORD_0015195,high
ORD_0015196,medium
ORD_0015197,low
ORD_0015198,medium
ORD_0015199,medium
ORD_0015200,low
ORD_0015201,low
ORD_0015202,high
ORD_0015203,medium
ORD_0015204,low
ORD_0015205,high
ORD_0015206,medium
ORD_0015207,medium
ORD_0015208,low
ORD_0015209,low
ORD_0015210,low
ORD_0015211,low
ORD_0015212,high
ORD_0015213,medium
ORD_0015214,medium
ORD_0015215,low
ORD_0015216,low
ORD_0015217,low
ORD_0015218,high
ORD_0015219,medium
ORD_0015220,low
ORD_0015221,low
ORD_0015222,high
ORD_0015223,low
ORD_0015224,medium
ORD_0015225,low
ORD_0015226,medium
ORD_0015227,medium
ORD_0015228,medium
ORD_0015229,high
ORD_0015230,low
ORD_0015231,medium
ORD_0015232,low
ORD_0015233,medium
ORD_0015234,low
ORD_0015235,low
ORD_0015236,low
ORD_0015237,low
ORD_0015238,low
ORD_0015239,high
ORD_0015240,low
ORD_0015241,high
ORD_0015242,medium
ORD_0015243,medium
ORD_0015244,low
ORD_0015245,low
ORD_0015246,high
ORD_0015247,medium
ORD_0015248,low
ORD_0015249,high
ORD_0015250,low
ORD_0015251,high
ORD_0015252,low
ORD_0015253,low
ORD_0015254,medium
ORD_0015255,medium
ORD_0015256,medium
ORD_0015257,medium
ORD_0015258,low
ORD_0015259,low
ORD_0015260,medium
ORD_0015261,low
ORD_0015262,low
ORD_0015263,high
ORD_0015264,low
ORD_0015265,medium
ORD_0015266,high
ORD_0015267,low
ORD_0015268,high
ORD_0015269,high
ORD_0015270,low
ORD_0015271,medium
ORD_0015272,high
ORD_0015273,medium
ORD_0015274,low
ORD_0015275,high
ORD_0015276,medium
ORD_0015277,medium
ORD_0015278,low
ORD_0015279,low
ORD_0015280,low
ORD_0015281,low
ORD_0015282,medium
ORD_0015283,low
ORD_0015284,low
ORD_0015285,low
ORD_0015286,high
ORD_0015287,medium
ORD_0015288,high
ORD_0015289,low
ORD_0015290,low
ORD_0015291,medium
ORD_0015292,low
ORD_0015293,medium
ORD_0015294,medium
ORD_0015295,low
ORD_0015296,low
ORD_0015297,low
ORD_0015298,high
ORD_0015299,high
ORD_0015300,low
ORD_0015301,medium
ORD_0015302,low
ORD_0015303,high
ORD_0015304,low
ORD_0015305,low
ORD_0015306,medium
ORD_0015307,low
ORD_0015308,medium
ORD_0015309,medium
ORD_0015310,medium
ORD_0015311,low
ORD_0015312,low
ORD_0015313,high
ORD_0015314,medium
ORD_0015315,medium
ORD_0015316,high
ORD_0015317,low
ORD_0015318,low
ORD_0015319,high
ORD_0015320,medium
ORD_0015321,medium
ORD_0015322,low
ORD_0015323,medium
ORD_0015324,low
ORD_0015325,medium
ORD_0015326,medium
ORD_0015327,low
ORD_0015328,medium
ORD_0015329,medium
ORD_0015330,low
ORD_0015331,low
ORD_0015332,low
ORD_0015333,low
ORD_0015334,high
ORD_0015335,low
ORD_0015336,high
ORD_0015337,low
ORD_0015338,low
ORD_0015339,low
ORD_0015340,high
ORD_0015341,medium
ORD_0015342,high
ORD_0015343,medium
ORD_0015344,high
ORD_0015345,low
ORD_0015346,low
ORD_0015347,low
ORD_0015348,low
ORD_0015349,high
ORD_0015350,high
ORD_0015351,high
ORD_0015352,low
ORD_0015353,high
ORD_0015354,medium
ORD_0015355,low
ORD_0015356,high
ORD_0015357,low
ORD_0015358,low
ORD_0015359,low
ORD_0015360,medium
ORD_0015361,high
ORD_0015362,low
ORD_0015363,medium
ORD_0015364,low
ORD_0015365,high
ORD_0015366,low
ORD_0015367,high
ORD_0015368,high
ORD_0015369,high
ORD_0015370,low
ORD_0015371,medium
ORD_0015372,medium
ORD_0015373,low
ORD_0015374,low
ORD_0015375,medium
ORD_0015376,high
ORD_0015377,medium
ORD_0015378,low
ORD_0015379,low
ORD_0015380,high
ORD_0015381,low
ORD_0015382,medium
ORD_0015383,high
ORD_0015384,medium
ORD_0015385,medium
ORD_0015386,medium
ORD_0015387,low
ORD_0015388,low
ORD_0015389,medium
ORD_0015390,medium
ORD_0015391,low
ORD_0015392,low
ORD_0015393,high
ORD_0015394,medium
ORD_0015395,low
ORD_0015396,low
ORD_0015397,low
ORD_0015398,medium
ORD_0015399,high
ORD_0015400,medium
ORD_0015401,medium
ORD_0015402,low
ORD_0015403,low
ORD_0015404,high
ORD_0015405,low
ORD_0015406,low
ORD_0015407,medium
ORD_0015408,high
ORD_0015409,medium
ORD_0015410,high
ORD_0015411,medium
ORD_0015412,high
ORD_0015413,medium
ORD_0015414,medium
ORD_0015415,medium
ORD_0015416,low
ORD_0015417,high
ORD_0015418,medium
ORD_0015419,high
ORD_0015420,medium
ORD_0015421,medium
ORD_0015422,high
ORD_0015423,low
ORD_0015424,medium
ORD_0015425,low
ORD_0015426,high
ORD_0015427,medium
ORD_0015428,medium
ORD_0015429,high
ORD_0015430,medium
ORD_0015431,medium
ORD_0015432,low
ORD_0015433,low
ORD_0015434,medium
ORD_0015435,high
ORD_0015436,low
ORD_0015437,low
ORD_0015438,low
ORD_0015439,medium
ORD_0015440,low
ORD_0015441,low
ORD_0015442,medium
ORD_0015443,low
ORD_0015444,low
ORD_0015445,medium
ORD_0015446,medium
ORD_0015447,high
ORD_0015448,medium
ORD_0015449,medium
ORD_0015450,high
ORD_0015451,low
ORD_0015452,high
ORD_0015453,low
ORD_0015454,medium
ORD_0015455,medium
ORD_0015456,low
ORD_0015457,medium
ORD_0015458,low
ORD_0015459,medium
ORD_0015460,high
ORD_0015461,high
ORD_0015462,low
ORD_0015463,low
ORD_0015464,low
ORD_0015465,high
ORD_0015466,medium
ORD_0015467,low
ORD_0015468,low
ORD_0015469,low
ORD_0015470,low
ORD_0015471,high
ORD_0015472,low
ORD_0015473,high
ORD_0015474,low
ORD_0015475,medium
ORD_0015476,high
ORD_0015477,low
ORD_0015478,high
ORD_0015479,low
ORD_0015480,low
ORD_0015481,low
ORD_0015482,low
ORD_0015483,high
ORD_0015484,high
ORD_0015485,medium
ORD_0015486,low
ORD_0015487,high
ORD_0015488,high
ORD_0015489,medium
ORD_0015490,high
ORD_0015491,low
ORD_0015492,high
ORD_0015493,medium
ORD_0015494,medium
ORD_0015495,low
ORD_0015496,medium
ORD_0015497,low
ORD_0015498,low
ORD_0015499,high
ORD_0015500,medium
ORD_0015501,medium
ORD_0015502,medium
ORD_0015503,low
ORD_0015504,medium
ORD_0015505,high
ORD_0015506,low
ORD_0015507,medium
ORD_0015508,low
ORD_0015509,low
ORD_0015510,low
ORD_0015511,low
ORD_0015512,medium
ORD_0015513,low
ORD_0015514,medium
ORD_0015515,low
ORD_0015516,low
ORD_0015517,low
ORD_0015518,low
ORD_0015519,low
ORD_0015520,low
ORD_0015521,medium
ORD_0015522,high
ORD_0015523,low
ORD_0015524,low
ORD_0015525,medium
ORD_0015526,low
ORD_0015527,low
ORD_0015528,medium
ORD_0015529,low
ORD_0015530,low
ORD_0015531,high
ORD_0015532,low
ORD_0015533,high
ORD_0015534,low
ORD_0015535,low
ORD_0015536,medium
ORD_0015537,medium
ORD_0015538,high
ORD_0015539,low
ORD_0015540,low
ORD_0015541,high
ORD_0015542,low
ORD_0015543,medium
ORD_0015544,low
ORD_0015545,medium
ORD_0015546,low
ORD_0015547,low
ORD_0015548,high
ORD_0015549,low
ORD_0015550,high
ORD_0015551,medium
ORD_0015552,high
ORD_0015553,medium
ORD_0015554,low
ORD_0015555,low
ORD_0015556,low
ORD_0015557,low
ORD_0015558,medium
ORD_0015559,low
ORD_0015560,medium
ORD_0015561,medium
ORD_0015562,high
ORD_0015563,medium
ORD_0015564,low
ORD_0015565,medium
ORD_0015566,high
ORD_0015567,high
ORD_0015568,high
ORD_0015569,high
ORD_0015570,medium
ORD_0015571,high
ORD_0015572,medium
ORD_0015573,medium
ORD_0015574,low
ORD_0015575,medium
ORD_0015576,high
ORD_0015577,low
ORD_0015578,medium
ORD_0015579,low
ORD_0015580,medium
ORD_0015581,low
ORD_0015582,low
ORD_0015583,medium
ORD_0015584,medium
ORD_0015585,low
ORD_0015586,high
ORD_0015587,low
ORD_0015588,low
ORD_0015589,high
ORD_0015590,medium
ORD_0015591,high
ORD_0015592,medium
ORD_0015593,high
ORD_0015594,low
ORD_0015595,medium
ORD_0015596,medium
ORD_0015597,medium
ORD_0015598,medium
ORD_0015599,low
ORD_0015600,high
ORD_0015601,high
ORD_0015602,low
ORD_0015603,high
ORD_0015604,high
ORD_0015605,low
ORD_0015606,medium
ORD_0015607,low
ORD_0015608,medium
ORD_0015609,medium
ORD_0015610,low
ORD_0015611,low
ORD_0015612,medium
ORD_0015613,low
ORD_0015614,high
ORD_0015615,low
ORD_0015616,medium
ORD_0015617,medium
ORD_0015618,low
ORD_0015619,low
ORD_0015620,low
ORD_0015621,low
ORD_0015622,medium
ORD_0015623,low
ORD_0015624,low
ORD_0015625,medium
ORD_0015626,medium
ORD_0015627,medium
ORD_0015628,low
ORD_0015629,high
ORD_0015630,medium
ORD_0015631,medium
ORD_0015632,low
ORD_0015633,low
ORD_0015634,medium
ORD_0015635,low
ORD_0015636,medium
ORD_0015637,high
ORD_0015638,medium
ORD_0015639,medium
ORD_0015640,low
ORD_0015641,low
ORD_0015642,medium
ORD_0015643,high
ORD_0015644,high
ORD_0015645,low
ORD_0015646,low
ORD_0015647,medium
ORD_0015648,medium
ORD_0015649,low
ORD_0015650,low
ORD_0015651,low
ORD_0015652,medium
ORD_0015653,low
ORD_0015654,low
ORD_0015655,low
ORD_0015656,medium
ORD_0015657,medium
ORD_0015658,high
ORD_0015659,medium
ORD_0015660,medium
ORD_0015661,medium
ORD_0015662,medium
ORD_0015663,low
ORD_0015664,medium
ORD_0015665,low
ORD_0015666,low
ORD_0015667,low
ORD_0015668,high
ORD_0015669,medium
ORD_0015670,medium
ORD_0015671,low
ORD_0015672,high
ORD_0015673,medium
ORD_0015674,medium
ORD_0015675,high
ORD_0015676,low
ORD_0015677,medium
ORD_0015678,medium
ORD_0015679,high
ORD_0015680,low
ORD_0015681,low
ORD_0015682,low
ORD_0015683,low
ORD_0015684,high
ORD_0015685,medium
ORD_0015686,medium
ORD_0015687,medium
ORD_0015688,low
ORD_0015689,low
ORD_0015690,low
ORD_0015691,high
ORD_0015692,low
ORD_0015693,high
ORD_0015694,medium
ORD_0015695,high
ORD_0015696,high
ORD_0015697,low
ORD_0015698,low
ORD_0015699,medium
ORD_0015700,medium
ORD_0015701,medium
ORD_0015702,low
ORD_0015703,low
ORD_0015704,medium
ORD_0015705,low
ORD_0015706,high
ORD_0015707,low
ORD_0015708,low
ORD_0015709,low
ORD_0015710,high
ORD_0015711,high
ORD_0015712,high
ORD_0015713,medium
ORD_0015714,medium
ORD_0015715,medium
ORD_0015716,low
ORD_0015717,low
ORD_0015718,high
ORD_0015719,low
ORD_0015720,high
ORD_0015721,medium
ORD_0015722,low
ORD_0015723,medium
ORD_0015724,medium
ORD_0015725,low
ORD_0015726,high
ORD_0015727,high
ORD_0015728,low
ORD_0015729,high
ORD_0015730,low
ORD_0015731,medium
ORD_0015732,low
ORD_0015733,high
ORD_0015734,low
ORD_0015735,high
ORD_0015736,medium
ORD_0015737,medium
ORD_0015738,high
ORD_0015739,medium
ORD_0015740,low
ORD_0015741,high
ORD_0015742,low
ORD_0015743,medium
ORD_0015744,medium
ORD_0015745,low
ORD_0015746,low
ORD_0015747,low
ORD_0015748,medium
ORD_0015749,low
ORD_0015750,medium
ORD_0015751,low
ORD_0015752,medium
ORD_0015753,low
ORD_0015754,high
ORD_0015755,medium
ORD_0015756,low
ORD_0015757,high
ORD_0015758,high
ORD_0015759,low
ORD_0015760,low
ORD_0015761,low
ORD_0015762,low
ORD_0015763,high
ORD_0015764,low
ORD_0015765,low
ORD_0015766,medium
ORD_0015767,high
ORD_0015768,medium
ORD_0015769,low
ORD_0015770,low
ORD_0015771,medium
ORD_0015772,medium
ORD_0015773,low
ORD_0015774,high
ORD_0015775,low
ORD_0015776,high
ORD_0015777,low
ORD_0015778,high
ORD_0015779,medium
ORD_0015780,low
ORD_0015781,medium
ORD_0015782,low
ORD_0015783,low
ORD_0015784,medium
ORD_0015785,low
ORD_0015786,high
ORD_0015787,low
ORD_0015788,medium
ORD_0015789,low
ORD_0015790,medium
ORD_0015791,medium
ORD_0015792,medium
ORD_0015793,high
ORD_0015794,high
ORD_0015795,medium
ORD_0015796,medium
ORD_0015797,medium
ORD_0015798,low
ORD_0015799,low
ORD_0015800,medium
ORD_0015801,medium
ORD_0015802,low
ORD_0015803,high
ORD_0015804,medium
ORD_0015805,low
ORD_0015806,high
ORD_0015807,low
ORD_0015808,low
ORD_0015809,high
ORD_0015810,low
ORD_0015811,medium
ORD_0015812,high
ORD_0015813,low
ORD_0015814,low
ORD_0015815,low
ORD_0015816,low
ORD_0015817,high
ORD_0015818,low
ORD_0015819,low
ORD_0015820,high
ORD_0015821,high
ORD_0015822,low
ORD_0015823,low
ORD_0015824,high
ORD_0015825,low
ORD_0015826,low
ORD_0015827,medium
ORD_0015828,low
ORD_0015829,high
ORD_0015830,low
ORD_0015831,medium
ORD_0015832,medium
ORD_0015833,high
ORD_0015834,low
ORD_0015835,medium
ORD_0015836,low
ORD_0015837,low
ORD_0015838,medium
ORD_0015839,low
ORD_0015840,medium
ORD_0015841,medium
ORD_0015842,medium
ORD_0015843,medium
ORD_0015844,medium
ORD_0015845,medium
ORD_0015846,low
ORD_0015847,high
ORD_0015848,low
ORD_0015849,medium
ORD_0015850,high
ORD_0015851,low
ORD_0015852,high
ORD_0015853,high
ORD_0015854,medium
ORD_0015855,medium
ORD_0015856,low
ORD_0015857,medium
ORD_0015858,low
ORD_0015859,low
ORD_0015860,high
ORD_0015861,medium
ORD_0015862,medium
ORD_0015863,high
ORD_0015864,low
ORD_0015865,medium
ORD_0015866,medium
ORD_0015867,low
ORD_0015868,medium
ORD_0015869,low
ORD_0015870,low
ORD_0015871,medium
ORD_0015872,high
ORD_0015873,high
ORD_0015874,low
ORD_0015875,high
ORD_0015876,low
ORD_0015877,low
ORD_0015878,high
ORD_0015879,low
ORD_0015880,low
ORD_0015881,medium
ORD_0015882,low
ORD_0015883,low
ORD_0015884,high
ORD_0015885,low
ORD_0015886,medium
ORD_0015887,medium
ORD_0015888,low
ORD_0015889,medium
ORD_0015890,high
ORD_0015891,high
ORD_0015892,low
ORD_0015893,low
ORD_0015894,high
ORD_0015895,high
ORD_0015896,low
ORD_0015897,medium
ORD_0015898,low
ORD_0015899,low
ORD_0015900,medium
ORD_0015901,low
ORD_0015902,low
ORD_0015903,low
ORD_0015904,medium
ORD_0015905,low
ORD_0015906,high
ORD_0015907,high
ORD_0015908,low
ORD_0015909,low
ORD_0015910,low
ORD_0015911,low
ORD_0015912,low
ORD_0015913,low
ORD_0015914,high
ORD_0015915,medium
ORD_0015916,high
ORD_0015917,medium
ORD_0015918,medium
ORD_0015919,low
ORD_0015920,low
ORD_0015921,low
ORD_0015922,low
ORD_0015923,low
ORD_0015924,low
ORD_0015925,medium
ORD_0015926,low
ORD_0015927,medium
ORD_0015928,low
ORD_0015929,low
ORD_0015930,low
ORD_0015931,high
ORD_0015932,medium
ORD_0015933,medium
ORD_0015934,low
ORD_0015935,high
ORD_0015936,medium
ORD_0015937,medium
ORD_0015938,low
ORD_0015939,medium
ORD_0015940,high
ORD_0015941,low
ORD_0015942,high
ORD_0015943,low
ORD_0015944,high
ORD_0015945,high
ORD_0015946,low
ORD_0015947,low
ORD_0015948,low
ORD_0015949,medium
ORD_0015950,high
ORD_0015951,high
ORD_0015952,medium
ORD_0015953,low
ORD_0015954,low
ORD_0015955,medium
ORD_0015956,low
ORD_0015957,medium
ORD_0015958,high
ORD_0015959,low
ORD_0015960,low
ORD_0015961,medium
ORD_0015962,low
ORD_0015963,low
ORD_0015964,low
ORD_0015965,low
ORD_0015966,high
ORD_0015967,high
ORD_0015968,high
ORD_0015969,high
ORD_0015970,low
ORD_0015971,high
ORD_0015972,low
ORD_0015973,low
ORD_0015974,low
ORD_0015975,low
ORD_0015976,low
ORD_0015977,medium
ORD_0015978,low
ORD_0015979,low
ORD_0015980,medium
ORD_0015981,medium
ORD_0015982,low
ORD_0015983,high
ORD_0015984,medium
ORD_0015985,high
ORD_0015986,low
ORD_0015987,low
ORD_0015988,high
ORD_0015989,low
ORD_0015990,medium
ORD_0015991,high
ORD_0015992,medium
ORD_0015993,low
ORD_0015994,medium
ORD_0015995,low
ORD_0015996,low
ORD_0015997,high
ORD_0015998,medium
ORD_0015999,medium
ORD_0016000,low
ORD_0016001,high
ORD_0016002,medium
ORD_0016003,low
ORD_0016004,low
ORD_0016005,low
ORD_0016006,low
ORD_0016007,medium
ORD_0016008,low
ORD_0016009,low
ORD_0016010,high
ORD_0016011,low
ORD_0016012,medium
ORD_0016013,high
ORD_0016014,medium
ORD_0016015,low
ORD_0016016,low
ORD_0016017,low
ORD_0016018,low
ORD_0016019,high
ORD_0016020,low
ORD_0016021,high
ORD_0016022,low
ORD_0016023,high
ORD_0016024,low
ORD_0016025,medium
ORD_0016026,medium
ORD_0016027,low
ORD_0016028,low
ORD_0016029,medium
ORD_0016030,low
ORD_0016031,high
ORD_0016032,low
ORD_0016033,medium
ORD_0016034,low
ORD_0016035,low
ORD_0016036,high
ORD_0016037,high
ORD_0016038,medium
ORD_0016039,medium
ORD_0016040,medium
ORD_0016041,medium
ORD_0016042,medium
ORD_0016043,medium
ORD_0016044,low
ORD_0016045,medium
ORD_0016046,medium
ORD_0016047,low
ORD_0016048,medium
ORD_0016049,low
ORD_0016050,medium
ORD_0016051,low
ORD_0016052,medium
ORD_0016053,high
ORD_0016054,medium
ORD_0016055,high
ORD_0016056,low
ORD_0016057,medium
ORD_0016058,high
ORD_0016059,medium
ORD_0016060,medium
ORD_0016061,low
ORD_0016062,medium
ORD_0016063,medium
ORD_0016064,medium
ORD_0016065,high
ORD_0016066,medium
ORD_0016067,low
ORD_0016068,medium
ORD_0016069,low
ORD_0016070,medium
ORD_0016071,high
ORD_0016072,high
ORD_0016073,low
ORD_0016074,high
ORD_0016075,high
ORD_0016076,low
ORD_0016077,low
ORD_0016078,medium
ORD_0016079,low
ORD_0016080,low
ORD_0016081,high
ORD_0016082,medium
ORD_0016083,medium
ORD_0016084,low
ORD_0016085,medium
ORD_0016086,medium
ORD_0016087,low
ORD_0016088,low
ORD_0016089,high
ORD_0016090,low
ORD_0016091,low
ORD_0016092,low
ORD_0016093,high
ORD_0016094,high
ORD_0016095,high
ORD_0016096,medium
ORD_0016097,low
ORD_0016098,high
ORD_0016099,low
ORD_0016100,low
ORD_0016101,low
ORD_0016102,low
ORD_0016103,high
ORD_0016104,low
ORD_0016105,low
ORD_0016106,low
ORD_0016107,low
ORD_0016108,low
ORD_0016109,medium
ORD_0016110,high
ORD_0016111,low
ORD_0016112,low
ORD_0016113,low
ORD_0016114,high
ORD_0016115,medium
ORD_0016116,low
ORD_0016117,low
ORD_0016118,low
ORD_0016119,low
ORD_0016120,low
ORD_0016121,low
ORD_0016122,low
ORD_0016123,high
ORD_0016124,high
ORD_0016125,medium
ORD_0016126,low
ORD_0016127,high
ORD_0016128,low
ORD_0016129,low
ORD_0016130,low
ORD_0016131,medium
ORD_0016132,medium
ORD_0016133,low
ORD_0016134,low
ORD_0016135,low
ORD_0016136,low
ORD_0016137,high
ORD_0016138,low
ORD_0016139,low
ORD_0016140,low
ORD_0016141,low
ORD_0016142,high
ORD_0016143,low
ORD_0016144,low
ORD_0016145,medium
ORD_0016146,low
ORD_0016147,high
ORD_0016148,low
ORD_0016149,high
ORD_0016150,low
ORD_0016151,high
ORD_0016152,low
ORD_0016153,low
ORD_0016154,low
ORD_0016155,low
ORD_0016156,high
ORD_0016157,high
ORD_0016158,medium
ORD_0016159,low
ORD_0016160,medium
ORD_0016161,low
ORD_0016162,low
ORD_0016163,low
ORD_0016164,low
ORD_0016165,medium
ORD_0016166,medium
ORD_0016167,medium
ORD_0016168,medium
ORD_0016169,low
ORD_0016170,medium
ORD_0016171,medium
ORD_0016172,high
ORD_0016173,low
ORD_0016174,medium
ORD_0016175,low
ORD_0016176,medium
ORD_0016177,high
ORD_0016178,low
ORD_0016179,medium
ORD_0016180,high
ORD_0016181,medium
ORD_0016182,low
ORD_0016183,low
ORD_0016184,low
ORD_0016185,low
ORD_0016186,low
ORD_0016187,low
ORD_0016188,low
ORD_0016189,low
ORD_0016190,high
ORD_0016191,medium
ORD_0016192,medium
ORD_0016193,medium
ORD_0016194,high
ORD_0016195,medium
ORD_0016196,medium
ORD_0016197,low
ORD_0016198,medium
ORD_0016199,high
ORD_0016200,low
ORD_0016201,medium
ORD_0016202,medium
ORD_0016203,low
ORD_0016204,medium
ORD_0016205,low
ORD_0016206,low
ORD_0016207,medium
ORD_0016208,low
ORD_0016209,medium
ORD_0016210,high
ORD_0016211,high
ORD_0016212,medium
ORD_0016213,low
ORD_0016214,medium
ORD_0016215,low
ORD_0016216,high
ORD_0016217,medium
ORD_0016218,medium
ORD_0016219,high
ORD_0016220,low
ORD_0016221,high
ORD_0016222,medium
ORD_0016223,low
ORD_0016224,low
ORD_0016225,high
ORD_0016226,medium
ORD_0016227,high
ORD_0016228,medium
ORD_0016229,low
ORD_0016230,medium
ORD_0016231,high
ORD_0016232,high
ORD_0016233,medium
ORD_0016234,medium
ORD_0016235,low
ORD_0016236,high
ORD_0016237,low
ORD_0016238,low
ORD_0016239,low
ORD_0016240,medium
ORD_0016241,high
ORD_0016242,medium
ORD_0016243,low
ORD_0016244,low
ORD_0016245,medium
ORD_0016246,high
ORD_0016247,low
ORD_0016248,low
ORD_0016249,low
ORD_0016250,low
ORD_0016251,low
ORD_0016252,low
ORD_0016253,low
ORD_0016254,medium
ORD_0016255,low
ORD_0016256,low
ORD_0016257,low
ORD_0016258,high
ORD_0016259,medium
ORD_0016260,low
ORD_0016261,medium
ORD_0016262,low
ORD_0016263,medium
ORD_0016264,low
ORD_0016265,medium
ORD_0016266,low
ORD_0016267,low
ORD_0016268,low
ORD_0016269,low
ORD_0016270,high
ORD_0016271,low
ORD_0016272,high
ORD_0016273,low
ORD_0016274,low
ORD_0016275,low
ORD_0016276,medium
ORD_0016277,low
ORD_0016278,low
ORD_0016279,low
ORD_0016280,low
ORD_0016281,low
ORD_0016282,medium
ORD_0016283,high
ORD_0016284,high
ORD_0016285,low
ORD_0016286,medium
ORD_0016287,medium
ORD_0016288,high
ORD_0016289,high
ORD_0016290,high
ORD_0016291,low
ORD_0016292,low
ORD_0016293,low
ORD_0016294,medium
ORD_0016295,medium
ORD_0016296,medium
ORD_0016297,medium
ORD_0016298,low
ORD_0016299,high
ORD_0016300,high
ORD_0016301,high
ORD_0016302,medium
ORD_0016303,medium
ORD_0016304,high
ORD_0016305,low
ORD_0016306,low
ORD_0016307,high
ORD_0016308,medium
ORD_0016309,low
ORD_0016310,medium
ORD_0016311,low
ORD_0016312,low
ORD_0016313,low
ORD_0016314,low
ORD_0016315,low
ORD_0016316,low
ORD_0016317,low
ORD_0016318,low
ORD_0016319,low
ORD_0016320,low
ORD_0016321,medium
ORD_0016322,high
ORD_0016323,high
ORD_0016324,low
ORD_0016325,high
ORD_0016326,low
ORD_0016327,low
ORD_0016328,high
ORD_0016329,low
ORD_0016330,medium
ORD_0016331,medium
ORD_0016332,low
ORD_0016333,medium
ORD_0016334,medium
ORD_0016335,medium
ORD_0016336,high
ORD_0016337,low
ORD_0016338,medium
ORD_0016339,high
ORD_0016340,low
ORD_0016341,low
ORD_0016342,medium
ORD_0016343,medium
ORD_0016344,low
ORD_0016345,medium
ORD_0016346,low
ORD_0016347,medium
ORD_0016348,low
ORD_0016349,low
ORD_0016350,high
ORD_0016351,high
ORD_0016352,low
ORD_0016353,low
ORD_0016354,medium
ORD_0016355,low
ORD_0016356,low
ORD_0016357,low
ORD_0016358,low
ORD_0016359,high
ORD_0016360,low
ORD_0016361,medium
ORD_0016362,medium
ORD_0016363,medium
ORD_0016364,low
ORD_0016365,medium
ORD_0016366,low
ORD_0016367,medium
ORD_0016368,low
ORD_0016369,medium
ORD_0016370,high
ORD_0016371,low
ORD_0016372,medium
ORD_0016373,low
ORD_0016374,low
ORD_0016375,medium
ORD_0016376,low
ORD_0016377,low
ORD_0016378,high
ORD_0016379,high
ORD_0016380,high
ORD_0016381,medium
ORD_0016382,medium
ORD_0016383,medium
ORD_0016384,high
ORD_0016385,high
ORD_0016386,low
ORD_0016387,medium
ORD_0016388,low
ORD_0016389,low
ORD_0016390,low
ORD_0016391,medium
ORD_0016392,high
ORD_0016393,low
ORD_0016394,low
ORD_0016395,low
ORD_0016396,low
ORD_0016397,low
ORD_0016398,high
ORD_0016399,medium
ORD_0016400,low
ORD_0016401,low
ORD_0016402,medium
ORD_0016403,high
ORD_0016404,low
ORD_0016405,low
ORD_0016406,medium
ORD_0016407,high
ORD_0016408,low
ORD_0016409,low
ORD_0016410,medium
ORD_0016411,medium
ORD_0016412,low
ORD_0016413,low
ORD_0016414,low
ORD_0016415,medium
ORD_0016416,high
ORD_0016417,low
ORD_0016418,high
ORD_0016419,high
ORD_0016420,low
ORD_0016421,medium
ORD_0016422,medium
ORD_0016423,high
ORD_0016424,high
ORD_0016425,low
ORD_0016426,high
ORD_0016427,low
ORD_0016428,low
ORD_0016429,low
ORD_0016430,high
ORD_0016431,low
ORD_0016432,medium
ORD_0016433,low
ORD_0016434,low
ORD_0016435,high
ORD_0016436,medium
ORD_0016437,low
ORD_0016438,low
ORD_0016439,low
ORD_0016440,high
ORD_0016441,medium
ORD_0016442,high
ORD_0016443,low
ORD_0016444,low
ORD_0016445,low
ORD_0016446,low
ORD_0016447,high
ORD_0016448,high
ORD_0016449,high
ORD_0016450,low
ORD_0016451,medium
ORD_0016452,low
ORD_0016453,low
ORD_0016454,low
ORD_0016455,low
ORD_0016456,high
ORD_0016457,medium
ORD_0016458,low
ORD_0016459,high
ORD_0016460,low
ORD_0016461,high
ORD_0016462,low
ORD_0016463,low
ORD_0016464,low
ORD_0016465,high
ORD_0016466,low
ORD_0016467,medium
ORD_0016468,high
ORD_0016469,low
ORD_0016470,medium
ORD_0016471,low
ORD_0016472,low
ORD_0016473,low
ORD_0016474,low
ORD_0016475,low
ORD_0016476,low
ORD_0016477,low
ORD_0016478,high
ORD_0016479,medium
ORD_0016480,medium
ORD_0016481,high
ORD_0016482,high
ORD_0016483,medium
ORD_0016484,low
ORD_0016485,low
ORD_0016486,medium
ORD_0016487,medium
ORD_0016488,medium
ORD_0016489,low
ORD_0016490,high
ORD_0016491,medium
ORD_0016492,low
ORD_0016493,medium
ORD_0016494,low
ORD_0016495,high
ORD_0016496,low
ORD_0016497,low
ORD_0016498,high
ORD_0016499,low
ORD_0016500,low
ORD_0016501,high
ORD_0016502,high
ORD_0016503,medium
ORD_0016504,medium
ORD_0016505,low
ORD_0016506,high
ORD_0016507,low
ORD_0016508,low
ORD_0016509,medium
ORD_0016510,low
ORD_0016511,high
ORD_0016512,high
ORD_0016513,high
ORD_0016514,medium
ORD_0016515,high
ORD_0016516,low
ORD_0016517,medium
ORD_0016518,low
ORD_0016519,low
ORD_0016520,low
ORD_0016521,medium
ORD_0016522,low
ORD_0016523,low
ORD_0016524,low
ORD_0016525,low
ORD_0016526,low
ORD_0016527,low
ORD_0016528,low
ORD_0016529,medium
ORD_0016530,high
ORD_0016531,low
ORD_0016532,medium
ORD_0016533,low
ORD_0016534,medium
ORD_0016535,low
ORD_0016536,medium
ORD_0016537,low
ORD_0016538,high
ORD_0016539,high
ORD_0016540,low
ORD_0016541,low
ORD_0016542,low
ORD_0016543,low
ORD_0016544,high
ORD_0016545,low
ORD_0016546,high
ORD_0016547,medium
ORD_0016548,low
ORD_0016549,low
ORD_0016550,medium
ORD_0016551,low
ORD_0016552,medium
ORD_0016553,low
ORD_0016554,low
ORD_0016555,low
ORD_0016556,low
ORD_0016557,medium
ORD_0016558,low
ORD_0016559,medium
ORD_0016560,low
ORD_0016561,low
ORD_0016562,medium
ORD_0016563,low
ORD_0016564,low
ORD_0016565,medium
ORD_0016566,low
ORD_0016567,low
ORD_0016568,high
ORD_0016569,low
ORD_0016570,low
ORD_0016571,low
ORD_0016572,low
ORD_0016573,low
ORD_0016574,medium
ORD_0016575,medium
ORD_0016576,medium
ORD_0016577,medium
ORD_0016578,low
ORD_0016579,low
ORD_0016580,medium
ORD_0016581,low
ORD_0016582,low
ORD_0016583,high
ORD_0016584,medium
ORD_0016585,high
ORD_0016586,low
ORD_0016587,high
ORD_0016588,medium
ORD_0016589,low
ORD_0016590,low
ORD_0016591,high
ORD_0016592,low
ORD_0016593,low
ORD_0016594,low
ORD_0016595,medium
ORD_0016596,low
ORD_0016597,low
ORD_0016598,medium
ORD_0016599,medium
ORD_0016600,medium
ORD_0016601,medium
ORD_0016602,high
ORD_0016603,low
ORD_0016604,low
ORD_0016605,medium
ORD_0016606,low
ORD_0016607,high
ORD_0016608,medium
ORD_0016609,medium
ORD_0016610,medium
ORD_0016611,high
ORD_0016612,low
ORD_0016613,high
ORD_0016614,medium
ORD_0016615,low
ORD_0016616,medium
ORD_0016617,medium
ORD_0016618,high
ORD_0016619,medium
ORD_0016620,high
ORD_0016621,low
ORD_0016622,high
ORD_0016623,low
ORD_0016624,low
ORD_0016625,low
ORD_0016626,high
ORD_0016627,high
ORD_0016628,low
ORD_0016629,low
ORD_0016630,low
ORD_0016631,medium
ORD_0016632,medium
ORD_0016633,low
ORD_0016634,medium
ORD_0016635,low
ORD_0016636,medium
ORD_0016637,medium
ORD_0016638,high
ORD_0016639,high
ORD_0016640,medium
ORD_0016641,medium
ORD_0016642,high
ORD_0016643,low
ORD_0016644,low
ORD_0016645,low
ORD_0016646,low
ORD_0016647,high
ORD_0016648,low
ORD_0016649,medium
ORD_0016650,low
ORD_0016651,low
ORD_0016652,high
ORD_0016653,low
ORD_0016654,low
ORD_0016655,low
ORD_0016656,low
ORD_0016657,high
ORD_0016658,high
ORD_0016659,medium
ORD_0016660,low
ORD_0016661,low
ORD_0016662,low
ORD_0016663,high
ORD_0016664,medium
ORD_0016665,medium
ORD_0016666,low
ORD_0016667,medium
ORD_0016668,medium
ORD_0016669,high
ORD_0016670,high
ORD_0016671,high
ORD_0016672,low
ORD_0016673,low
ORD_0016674,low
ORD_0016675,low
ORD_0016676,low
ORD_0016677,low
ORD_0016678,low
ORD_0016679,low
ORD_0016680,low
ORD_0016681,low
ORD_0016682,medium
ORD_0016683,low
ORD_0016684,high
ORD_0016685,medium
ORD_0016686,low
ORD_0016687,medium
ORD_0016688,high
ORD_0016689,medium
ORD_0016690,low
ORD_0016691,low
ORD_0016692,low
ORD_0016693,low
ORD_0016694,medium
ORD_0016695,medium
ORD_0016696,medium
ORD_0016697,low
ORD_0016698,low
ORD_0016699,medium
ORD_0016700,low
ORD_0016701,medium
ORD_0016702,low
ORD_0016703,high
ORD_0016704,low
ORD_0016705,low
ORD_0016706,low
ORD_0016707,high
ORD_0016708,high
ORD_0016709,high
ORD_0016710,low
ORD_0016711,high
ORD_0016712,medium
ORD_0016713,medium
ORD_0016714,low
ORD_0016715,low
ORD_0016716,low
ORD_0016717,low
ORD_0016718,low
ORD_0016719,low
ORD_0016720,low
ORD_0016721,low
ORD_0016722,low
ORD_0016723,high
ORD_0016724,medium
ORD_0016725,low
ORD_0016726,high
ORD_0016727,medium
ORD_0016728,high
ORD_0016729,medium
ORD_0016730,medium
ORD_0016731,low
ORD_0016732,medium
ORD_0016733,low
ORD_0016734,low
ORD_0016735,low
ORD_0016736,medium
ORD_0016737,low
ORD_0016738,high
ORD_0016739,low
ORD_0016740,medium
ORD_0016741,low
ORD_0016742,low
ORD_0016743,low
ORD_0016744,medium
ORD_0016745,low
ORD_0016746,low
ORD_0016747,medium
ORD_0016748,low
ORD_0016749,medium
ORD_0016750,medium
ORD_0016751,low
ORD_0016752,medium
ORD_0016753,low
ORD_0016754,medium
ORD_0016755,medium
ORD_0016756,low
ORD_0016757,low
ORD_0016758,low
ORD_0016759,high
ORD_0016760,low
ORD_0016761,low
ORD_0016762,low
ORD_0016763,low
ORD_0016764,low
ORD_0016765,low
ORD_0016766,high
ORD_0016767,low
ORD_0016768,medium
ORD_0016769,low
ORD_0016770,low
ORD_0016771,low
ORD_0016772,low
ORD_0016773,low
ORD_0016774,medium
ORD_0016775,medium
ORD_0016776,low
ORD_0016777,low
ORD_0016778,low
ORD_0016779,low
ORD_0016780,medium
ORD_0016781,medium
ORD_0016782,medium
ORD_0016783,low
ORD_0016784,high
ORD_0016785,high
ORD_0016786,high
ORD_0016787,low
ORD_0016788,medium
ORD_0016789,low
ORD_0016790,low
ORD_0016791,high
ORD_0016792,medium
ORD_0016793,high
ORD_0016794,high
ORD_0016795,low
ORD_0016796,medium
ORD_0016797,low
ORD_0016798,low
ORD_0016799,medium
ORD_0016800,high
ORD_0016801,low
ORD_0016802,low
ORD_0016803,medium
ORD_0016804,high
ORD_0016805,low
ORD_0016806,medium
ORD_0016807,medium
ORD_0016808,medium
ORD_0016809,low
ORD_0016810,low
ORD_0016811,low
ORD_0016812,low
ORD_0016813,low
ORD_0016814,low
ORD_0016815,high
ORD_0016816,medium
ORD_0016817,low
ORD_0016818,low
ORD_0016819,high
ORD_0016820,low
ORD_0016821,low
ORD_0016822,low
ORD_0016823,low
ORD_0016824,low
ORD_0016825,low
ORD_0016826,low
ORD_0016827,low
ORD_0016828,low
ORD_0016829,medium
ORD_0016830,low
ORD_0016831,medium
ORD_0016832,high
ORD_0016833,low
ORD_0016834,medium
ORD_0016835,medium
ORD_0016836,low
ORD_0016837,low
ORD_0016838,medium
ORD_0016839,medium
ORD_0016840,low
ORD_0016841,low
ORD_0016842,high
ORD_0016843,high
ORD_0016844,high
ORD_0016845,medium
ORD_0016846,medium
ORD_0016847,high
ORD_0016848,low
ORD_0016849,high
ORD_0016850,medium
ORD_0016851,high
ORD_0016852,high
ORD_0016853,high
ORD_0016854,medium
ORD_0016855,medium
ORD_0016856,low
ORD_0016857,medium
ORD_0016858,medium
ORD_0016859,high
ORD_0016860,low
ORD_0016861,medium
ORD_0016862,low
ORD_0016863,high
ORD_0016864,low
ORD_0016865,low
ORD_0016866,high
ORD_0016867,medium
ORD_0016868,low
ORD_0016869,low
ORD_0016870,high
ORD_0016871,medium
ORD_0016872,low
ORD_0016873,medium
ORD_0016874,low
ORD_0016875,low
ORD_0016876,low
ORD_0016877,medium
ORD_0016878,medium
ORD_0016879,high
ORD_0016880,medium
ORD_0016881,medium
ORD_0016882,medium
ORD_0016883,low
ORD_0016884,medium
ORD_0016885,high
ORD_0016886,low
ORD_0016887,high
ORD_0016888,medium
ORD_0016889,low
ORD_0016890,low
ORD_0016891,low
ORD_0016892,low
ORD_0016893,medium
ORD_0016894,low
ORD_0016895,low
ORD_0016896,low
ORD_0016897,medium
ORD_0016898,low
ORD_0016899,high
ORD_0016900,high
ORD_0016901,low
ORD_0016902,high
ORD_0016903,low
ORD_0016904,low
ORD_0016905,low
ORD_0016906,low
ORD_0016907,high
ORD_0016908,medium
ORD_0016909,low
ORD_0016910,medium
ORD_0016911,low
ORD_0016912,medium
ORD_0016913,low
ORD_0016914,low
ORD_0016915,medium
ORD_0016916,low
ORD_0016917,medium
ORD_0016918,low
ORD_0016919,high
ORD_0016920,low
ORD_0016921,low
ORD_0016922,low
ORD_0016923,low
ORD_0016924,medium
ORD_0016925,low
ORD_0016926,high
ORD_0016927,low
ORD_0016928,low
ORD_0016929,high
ORD_0016930,high
ORD_0016931,low
ORD_0016932,low
ORD_0016933,medium
ORD_0016934,low
ORD_0016935,high
ORD_0016936,medium
ORD_0016937,high
ORD_0016938,high
ORD_0016939,medium
ORD_0016940,medium
ORD_0016941,high
ORD_0016942,low
ORD_0016943,low
ORD_0016944,low
ORD_0016945,medium
ORD_0016946,medium
ORD_0016947,low
ORD_0016948,low
ORD_0016949,medium
ORD_0016950,low
ORD_0016951,low
ORD_0016952,low
ORD_0016953,medium
ORD_0016954,low
ORD_0016955,medium
ORD_0016956,medium
ORD_0016957,low
ORD_0016958,medium
ORD_0016959,low
ORD_0016960,low
ORD_0016961,low
ORD_0016962,low
ORD_0016963,high
ORD_0016964,high
ORD_0016965,high
ORD_0016966,high
ORD_0016967,low
ORD_0016968,low
ORD_0016969,low
ORD_0016970,low
ORD_0016971,low
ORD_0016972,low
ORD_0016973,medium
ORD_0016974,medium
ORD_0016975,low
ORD_0016976,low
ORD_0016977,low
ORD_0016978,low
ORD_0016979,high
ORD_0016980,high
ORD_0016981,low
ORD_0016982,low
ORD_0016983,low
ORD_0016984,low
ORD_0016985,medium
ORD_0016986,low
ORD_0016987,high
ORD_0016988,medium
ORD_0016989,low
ORD_0016990,medium
ORD_0016991,medium
ORD_0016992,high
ORD_0016993,medium
ORD_0016994,medium
ORD_0016995,high
ORD_0016996,low
ORD_0016997,high
ORD_0016998,low
ORD_0016999,low
ORD_0017000,medium
ORD_0017001,medium
ORD_0017002,medium
ORD_0017003,low
ORD_0017004,high
ORD_0017005,high
ORD_0017006,medium
ORD_0017007,low
ORD_0017008,low
ORD_0017009,low
ORD_0017010,low
ORD_0017011,low
ORD_0017012,low
ORD_0017013,low
ORD_0017014,medium
ORD_0017015,low
ORD_0017016,low
ORD_0017017,medium
ORD_0017018,medium
ORD_0017019,low
ORD_0017020,low
ORD_0017021,low
ORD_0017022,low
ORD_0017023,low
ORD_0017024,low
ORD_0017025,medium
ORD_0017026,medium
ORD_0017027,medium
ORD_0017028,medium
ORD_0017029,low
ORD_0017030,high
ORD_0017031,high
ORD_0017032,low
ORD_0017033,medium
ORD_0017034,medium
ORD_0017035,low
ORD_0017036,low
ORD_0017037,medium
ORD_0017038,medium
ORD_0017039,medium
ORD_0017040,high
ORD_0017041,low
ORD_0017042,medium
ORD_0017043,low
ORD_0017044,low
ORD_0017045,high
ORD_0017046,low
ORD_0017047,low
ORD_0017048,high
ORD_0017049,medium
ORD_0017050,high
ORD_0017051,low
ORD_0017052,low
ORD_0017053,high
ORD_0017054,medium
ORD_0017055,low
ORD_0017056,medium
ORD_0017057,medium
ORD_0017058,high
ORD_0017059,low
ORD_0017060,medium
ORD_0017061,high
ORD_0017062,low
ORD_0017063,medium
ORD_0017064,low
ORD_0017065,medium
ORD_0017066,low
ORD_0017067,high
ORD_0017068,low
ORD_0017069,medium
ORD_0017070,high
ORD_0017071,low
ORD_0017072,low
ORD_0017073,low
ORD_0017074,high
ORD_0017075,low
ORD_0017076,medium
ORD_0017077,high
ORD_0017078,high
ORD_0017079,medium
ORD_0017080,low
ORD_0017081,medium
ORD_0017082,low
ORD_0017083,medium
ORD_0017084,low
ORD_0017085,low
ORD_0017086,high
ORD_0017087,low
ORD_0017088,medium
ORD_0017089,medium
ORD_0017090,medium
ORD_0017091,low
ORD_0017092,low
ORD_0017093,medium
ORD_0017094,low
ORD_0017095,low
ORD_0017096,low
ORD_0017097,low
ORD_0017098,low
ORD_0017099,high
ORD_0017100,high
ORD_0017101,medium
ORD_0017102,medium
ORD_0017103,low
ORD_0017104,low
ORD_0017105,low
ORD_0017106,low
ORD_0017107,high
ORD_0017108,medium
ORD_0017109,medium
ORD_0017110,low
ORD_0017111,medium
ORD_0017112,high
ORD_0017113,low
ORD_0017114,low
ORD_0017115,high
ORD_0017116,low
ORD_0017117,low
ORD_0017118,medium
ORD_0017119,medium
ORD_0017120,low
ORD_0017121,low
ORD_0017122,high
ORD_0017123,high
ORD_0017124,low
ORD_0017125,low
ORD_0017126,high
ORD_0017127,low
ORD_0017128,low
ORD_0017129,medium
ORD_0017130,low
ORD_0017131,medium
ORD_0017132,high
ORD_0017133,medium
ORD_0017134,low
ORD_0017135,high
ORD_0017136,low
ORD_0017137,medium
ORD_0017138,medium
ORD_0017139,medium
ORD_0017140,low
ORD_0017141,low
ORD_0017142,high
ORD_0017143,medium
ORD_0017144,low
ORD_0017145,low
ORD_0017146,medium
ORD_0017147,high
ORD_0017148,medium
ORD_0017149,high
ORD_0017150,low
ORD_0017151,high
ORD_0017152,low
ORD_0017153,low
ORD_0017154,medium
ORD_0017155,high
ORD_0017156,low
ORD_0017157,medium
ORD_0017158,low
ORD_0017159,medium
ORD_0017160,low
ORD_0017161,low
ORD_0017162,low
ORD_0017163,high
ORD_0017164,low
ORD_0017165,high
ORD_0017166,high
ORD_0017167,low
ORD_0017168,high
ORD_0017169,medium
ORD_0017170,medium
ORD_0017171,medium
ORD_0017172,medium
ORD_0017173,medium
ORD_0017174,high
ORD_0017175,medium
ORD_0017176,medium
ORD_0017177,low
ORD_0017178,medium
ORD_0017179,medium
ORD_0017180,medium
ORD_0017181,low
ORD_0017182,low
ORD_0017183,medium
ORD_0017184,low
ORD_0017185,low
ORD_0017186,medium
ORD_0017187,low
ORD_0017188,low
ORD_0017189,high
ORD_0017190,low
ORD_0017191,high
ORD_0017192,low
ORD_0017193,low
ORD_0017194,high
ORD_0017195,low
ORD_0017196,medium
ORD_0017197,low
ORD_0017198,medium
ORD_0017199,low
ORD_0017200,medium
ORD_0017201,high
ORD_0017202,low
ORD_0017203,low
ORD_0017204,low
ORD_0017205,medium
ORD_0017206,low
ORD_0017207,low
ORD_0017208,low
ORD_0017209,medium
ORD_0017210,medium
ORD_0017211,low
ORD_0017212,low
ORD_0017213,low
ORD_0017214,low
ORD_0017215,high
ORD_0017216,low
ORD_0017217,low
ORD_0017218,low
ORD_0017219,low
ORD_0017220,high
ORD_0017221,high
ORD_0017222,low
ORD_0017223,low
ORD_0017224,low
ORD_0017225,low
ORD_0017226,medium
ORD_0017227,low
ORD_0017228,medium
ORD_0017229,low
ORD_0017230,medium
ORD_0017231,high
ORD_0017232,low
ORD_0017233,low
ORD_0017234,low
ORD_0017235,low
ORD_0017236,medium
ORD_0017237,low
ORD_0017238,high
ORD_0017239,medium
ORD_0017240,low
ORD_0017241,medium
ORD_0017242,low
ORD_0017243,medium
ORD_0017244,low
ORD_0017245,low
ORD_0017246,low
ORD_0017247,high
ORD_0017248,high
ORD_0017249,high
ORD_0017250,low
ORD_0017251,medium
ORD_0017252,medium
ORD_0017253,high
ORD_0017254,medium
ORD_0017255,medium
ORD_0017256,low
ORD_0017257,low
ORD_0017258,medium
ORD_0017259,low
ORD_0017260,low
ORD_0017261,high
ORD_0017262,medium
ORD_0017263,medium
ORD_0017264,medium
ORD_0017265,medium
ORD_0017266,medium
ORD_0017267,low
ORD_0017268,medium
ORD_0017269,medium
ORD_0017270,medium
ORD_0017271,medium
ORD_0017272,high
ORD_0017273,low
ORD_0017274,low
ORD_0017275,low
ORD_0017276,medium
ORD_0017277,medium
ORD_0017278,medium
ORD_0017279,medium
ORD_0017280,low
ORD_0017281,medium
ORD_0017282,low
ORD_0017283,low
ORD_0017284,low
ORD_0017285,low
ORD_0017286,low
ORD_0017287,low
ORD_0017288,low
ORD_0017289,medium
ORD_0017290,high
ORD_0017291,medium
ORD_0017292,low
ORD_0017293,high
ORD_0017294,low
ORD_0017295,high
ORD_0017296,low
ORD_0017297,high
ORD_0017298,low
ORD_0017299,high
ORD_0017300,low
ORD_0017301,high
ORD_0017302,low
ORD_0017303,low
ORD_0017304,low
ORD_0017305,medium
ORD_0017306,low
ORD_0017307,low
ORD_0017308,low
ORD_0017309,medium
ORD_0017310,low
ORD_0017311,high
ORD_0017312,low
ORD_0017313,high
ORD_0017314,low
ORD_0017315,low
ORD_0017316,high
ORD_0017317,low
ORD_0017318,low
ORD_0017319,medium
ORD_0017320,low
ORD_0017321,medium
ORD_0017322,low
ORD_0017323,low
ORD_0017324,medium
ORD_0017325,medium
ORD_0017326,low
ORD_0017327,low
ORD_0017328,high
ORD_0017329,medium
ORD_0017330,low
ORD_0017331,medium
ORD_0017332,medium
ORD_0017333,medium
ORD_0017334,medium
ORD_0017335,low
ORD_0017336,high
ORD_0017337,medium
ORD_0017338,low
ORD_0017339,high
ORD_0017340,low
ORD_0017341,low
ORD_0017342,high
ORD_0017343,medium
ORD_0017344,medium
ORD_0017345,high
ORD_0017346,high
ORD_0017347,medium
ORD_0017348,medium
ORD_0017349,medium
ORD_0017350,medium
ORD_0017351,low
ORD_0017352,low
ORD_0017353,high
ORD_0017354,high
ORD_0017355,low
ORD_0017356,high
ORD_0017357,medium
ORD_0017358,low
ORD_0017359,medium
ORD_0017360,low
ORD_0017361,medium
ORD_0017362,low
ORD_0017363,low
ORD_0017364,low
ORD_0017365,high
ORD_0017366,high
ORD_0017367,medium
ORD_0017368,medium
ORD_0017369,low
ORD_0017370,high
ORD_0017371,low
ORD_0017372,low
ORD_0017373,low
ORD_0017374,medium
ORD_0017375,high
ORD_0017376,low
ORD_0017377,medium
ORD_0017378,medium
ORD_0017379,medium
ORD_0017380,medium
ORD_0017381,low
ORD_0017382,medium
ORD_0017383,low
ORD_0017384,low
ORD_0017385,medium
ORD_0017386,low
ORD_0017387,high
ORD_0017388,medium
ORD_0017389,medium
ORD_0017390,high
ORD_0017391,high
ORD_0017392,low
ORD_0017393,high
ORD_0017394,medium
ORD_0017395,medium
ORD_0017396,high
ORD_0017397,low
ORD_0017398,high
ORD_0017399,low
ORD_0017400,low
ORD_0017401,low
ORD_0017402,medium
ORD_0017403,low
ORD_0017404,low
ORD_0017405,low
ORD_0017406,medium
ORD_0017407,low
ORD_0017408,medium
ORD_0017409,medium
ORD_0017410,low
ORD_0017411,medium
ORD_0017412,low
ORD_0017413,low
ORD_0017414,high
ORD_0017415,low
ORD_0017416,low
ORD_0017417,high
ORD_0017418,medium
ORD_0017419,low
ORD_0017420,medium
ORD_0017421,medium
ORD_0017422,high
ORD_0017423,low
ORD_0017424,low
ORD_0017425,medium
ORD_0017426,medium
ORD_0017427,medium
ORD_0017428,medium
ORD_0017429,medium
ORD_0017430,medium
ORD_0017431,high
ORD_0017432,low
ORD_0017433,high
ORD_0017434,low
ORD_0017435,low
ORD_0017436,low
ORD_0017437,low
ORD_0017438,low
ORD_0017439,low
ORD_0017440,high
ORD_0017441,low
ORD_0017442,medium
ORD_0017443,medium
ORD_0017444,high
ORD_0017445,low
ORD_0017446,low
ORD_0017447,high
ORD_0017448,low
ORD_0017449,high
ORD_0017450,low
ORD_0017451,low
ORD_0017452,low
ORD_0017453,medium
ORD_0017454,low
ORD_0017455,low
ORD_0017456,medium
ORD_0017457,high
ORD_0017458,medium
ORD_0017459,medium
ORD_0017460,medium
ORD_0017461,high
ORD_0017462,low
ORD_0017463,medium
ORD_0017464,high
ORD_0017465,low
ORD_0017466,medium
ORD_0017467,medium
ORD_0017468,medium
ORD_0017469,high
ORD_0017470,low
ORD_0017471,medium
ORD_0017472,medium
ORD_0017473,low
ORD_0017474,low
ORD_0017475,low
ORD_0017476,low
ORD_0017477,high
ORD_0017478,medium
ORD_0017479,high
ORD_0017480,low
ORD_0017481,low
ORD_0017482,high
ORD_0017483,low
ORD_0017484,medium
ORD_0017485,low
ORD_0017486,medium
ORD_0017487,high
ORD_0017488,high
ORD_0017489,low
ORD_0017490,high
ORD_0017491,low
ORD_0017492,medium
ORD_0017493,medium
ORD_0017494,medium
ORD_0017495,high
ORD_0017496,medium
ORD_0017497,high
ORD_0017498,medium
ORD_0017499,low
ORD_0017500,high
ORD_0017501,low
ORD_0017502,low
ORD_0017503,low
ORD_0017504,low
ORD_0017505,high
ORD_0017506,medium
ORD_0017507,high
ORD_0017508,medium
ORD_0017509,low
ORD_0017510,low
ORD_0017511,medium
ORD_0017512,high
ORD_0017513,low
ORD_0017514,low
ORD_0017515,high
ORD_0017516,high
ORD_0017517,medium
ORD_0017518,low
ORD_0017519,low
ORD_0017520,low
ORD_0017521,medium
ORD_0017522,medium
ORD_0017523,low
ORD_0017524,medium
ORD_0017525,high
ORD_0017526,medium
ORD_0017527,high
ORD_0017528,low
ORD_0017529,low
ORD_0017530,low
ORD_0017531,high
ORD_0017532,high
ORD_0017533,high
ORD_0017534,medium
ORD_0017535,low
ORD_0017536,low
ORD_0017537,medium
ORD_0017538,low
ORD_0017539,low
ORD_0017540,medium
ORD_0017541,low
ORD_0017542,high
ORD_0017543,medium
ORD_0017544,medium
ORD_0017545,medium
ORD_0017546,low
ORD_0017547,low
ORD_0017548,medium
ORD_0017549,medium
ORD_0017550,medium
ORD_0017551,medium
ORD_0017552,high
ORD_0017553,low
ORD_0017554,high
ORD_0017555,high
ORD_0017556,medium
ORD_0017557,low
ORD_0017558,low
ORD_0017559,low
ORD_0017560,low
ORD_0017561,high
ORD_0017562,medium
ORD_0017563,low
ORD_0017564,high
ORD_0017565,low
ORD_0017566,low
ORD_0017567,low
ORD_0017568,low
ORD_0017569,low
ORD_0017570,high
ORD_0017571,medium
ORD_0017572,medium
ORD_0017573,medium
ORD_0017574,low
ORD_0017575,high
ORD_0017576,medium
ORD_0017577,low
ORD_0017578,high
ORD_0017579,high
ORD_0017580,low
ORD_0017581,low
ORD_0017582,low
ORD_0017583,high
ORD_0017584,high
ORD_0017585,low
ORD_0017586,high
ORD_0017587,low
ORD_0017588,low
ORD_0017589,low
ORD_0017590,low
ORD_0017591,low
ORD_0017592,medium
ORD_0017593,high
ORD_0017594,medium
ORD_0017595,medium
ORD_0017596,low
ORD_0017597,low
ORD_0017598,medium
ORD_0017599,low
ORD_0017600,low
ORD_0017601,high
ORD_0017602,medium
ORD_0017603,low
ORD_0017604,low
ORD_0017605,high
ORD_0017606,low
ORD_0017607,low
ORD_0017608,high
ORD_0017609,low
ORD_0017610,low
ORD_0017611,low
ORD_0017612,low
ORD_0017613,medium
ORD_0017614,medium
ORD_0017615,medium
ORD_0017616,low
ORD_0017617,low
ORD_0017618,medium
ORD_0017619,low
ORD_0017620,low
ORD_0017621,medium
ORD_0017622,medium
ORD_0017623,medium
ORD_0017624,high
ORD_0017625,medium
ORD_0017626,low
ORD_0017627,high
ORD_0017628,medium
ORD_0017629,low
ORD_0017630,medium
ORD_0017631,medium
ORD_0017632,low
ORD_0017633,high
ORD_0017634,low
ORD_0017635,low
ORD_0017636,low
ORD_0017637,medium
ORD_0017638,medium
ORD_0017639,medium
ORD_0017640,low
ORD_0017641,low
ORD_0017642,low
ORD_0017643,high
ORD_0017644,high
ORD_0017645,high
ORD_0017646,high
ORD_0017647,low
ORD_0017648,medium
ORD_0017649,medium
ORD_0017650,low
ORD_0017651,low
ORD_0017652,medium
ORD_0017653,low
ORD_0017654,low
ORD_0017655,low
ORD_0017656,medium
ORD_0017657,high
ORD_0017658,medium
ORD_0017659,low
ORD_0017660,medium
ORD_0017661,high
ORD_0017662,high
ORD_0017663,medium
ORD_0017664,low
ORD_0017665,high
ORD_0017666,low
ORD_0017667,low
ORD_0017668,medium
ORD_0017669,medium
ORD_0017670,low
ORD_0017671,medium
ORD_0017672,low
ORD_0017673,medium
ORD_0017674,low
ORD_0017675,low
ORD_0017676,high
ORD_0017677,medium
ORD_0017678,medium
ORD_0017679,high
ORD_0017680,low
ORD_0017681,high
ORD_0017682,medium
ORD_0017683,low
ORD_0017684,high
ORD_0017685,low
ORD_0017686,medium
ORD_0017687,medium
ORD_0017688,medium
ORD_0017689,medium
ORD_0017690,high
ORD_0017691,low
ORD_0017692,low
ORD_0017693,low
ORD_0017694,low
ORD_0017695,medium
ORD_0017696,medium
ORD_0017697,low
ORD_0017698,low
ORD_0017699,high
ORD_0017700,high
ORD_0017701,low
ORD_0017702,medium
ORD_0017703,high
ORD_0017704,low
ORD_0017705,high
ORD_0017706,low
ORD_0017707,low
ORD_0017708,medium
ORD_0017709,medium
ORD_0017710,low
ORD_0017711,medium
ORD_0017712,medium
ORD_0017713,low
ORD_0017714,low
ORD_0017715,low
ORD_0017716,low
ORD_0017717,low
ORD_0017718,high
ORD_0017719,low
ORD_0017720,high
ORD_0017721,medium
ORD_0017722,medium
ORD_0017723,low
ORD_0017724,medium
ORD_0017725,low
ORD_0017726,medium
ORD_0017727,medium
ORD_0017728,medium
ORD_0017729,low
ORD_0017730,low
ORD_0017731,high
ORD_0017732,low
ORD_0017733,high
ORD_0017734,medium
ORD_0017735,low
ORD_0017736,medium
ORD_0017737,medium
ORD_0017738,low
ORD_0017739,medium
ORD_0017740,low
ORD_0017741,high
ORD_0017742,medium
ORD_0017743,medium
ORD_0017744,medium
ORD_0017745,medium
ORD_0017746,high
ORD_0017747,low
ORD_0017748,low
ORD_0017749,medium
ORD_0017750,low
ORD_0017751,medium
ORD_0017752,high
ORD_0017753,low
ORD_0017754,low
ORD_0017755,low
ORD_0017756,low
ORD_0017757,low
ORD_0017758,medium
ORD_0017759,low
ORD_0017760,low
ORD_0017761,low
ORD_0017762,low
ORD_0017763,high
ORD_0017764,high
ORD_0017765,low
ORD_0017766,low
ORD_0017767,low
ORD_0017768,high
ORD_0017769,high
ORD_0017770,high
ORD_0017771,low
ORD_0017772,high
ORD_0017773,medium
ORD_0017774,medium
ORD_0017775,medium
ORD_0017776,high
ORD_0017777,low
ORD_0017778,low
ORD_0017779,medium
ORD_0017780,medium
ORD_0017781,medium
ORD_0017782,low
ORD_0017783,low
ORD_0017784,low
ORD_0017785,low
ORD_0017786,high
ORD_0017787,medium
ORD_0017788,low
ORD_0017789,low
ORD_0017790,high
ORD_0017791,low
ORD_0017792,low
ORD_0017793,medium
ORD_0017794,medium
ORD_0017795,high
ORD_0017796,low
ORD_0017797,high
ORD_0017798,low
ORD_0017799,low
ORD_0017800,high
ORD_0017801,high
ORD_0017802,high
ORD_0017803,low
ORD_0017804,low
ORD_0017805,low
ORD_0017806,low
ORD_0017807,low
ORD_0017808,low
ORD_0017809,low
ORD_0017810,low
ORD_0017811,low
ORD_0017812,low
ORD_0017813,medium
ORD_0017814,medium
ORD_0017815,medium
ORD_0017816,low
ORD_0017817,low
ORD_0017818,medium
ORD_0017819,low
ORD_0017820,high
ORD_0017821,low
ORD_0017822,low
ORD_0017823,low
ORD_0017824,low
ORD_0017825,high
ORD_0017826,high
ORD_0017827,low
ORD_0017828,low
ORD_0017829,low
ORD_0017830,high
ORD_0017831,medium
ORD_0017832,medium
ORD_0017833,low
ORD_0017834,low
ORD_0017835,medium
ORD_0017836,low
ORD_0017837,low
ORD_0017838,low
ORD_0017839,low
ORD_0017840,high
ORD_0017841,medium
ORD_0017842,low
ORD_0017843,low
ORD_0017844,high
ORD_0017845,low
ORD_0017846,low
ORD_0017847,low
ORD_0017848,high
ORD_0017849,medium
ORD_0017850,low
ORD_0017851,medium
ORD_0017852,low
ORD_0017853,medium
ORD_0017854,high
ORD_0017855,low
ORD_0017856,low
ORD_0017857,low
ORD_0017858,medium
ORD_0017859,high
ORD_0017860,medium
ORD_0017861,low
ORD_0017862,medium
ORD_0017863,low
ORD_0017864,low
ORD_0017865,low
ORD_0017866,high
ORD_0017867,medium
ORD_0017868,medium
ORD_0017869,high
ORD_0017870,low
ORD_0017871,medium
ORD_0017872,low
ORD_0017873,medium
ORD_0017874,medium
ORD_0017875,high
ORD_0017876,medium
ORD_0017877,high
ORD_0017878,low
ORD_0017879,low
ORD_0017880,medium
ORD_0017881,low
ORD_0017882,low
ORD_0017883,medium
ORD_0017884,low
ORD_0017885,medium
ORD_0017886,low
ORD_0017887,medium
ORD_0017888,low
ORD_0017889,low
ORD_0017890,low
ORD_0017891,low
ORD_0017892,low
ORD_0017893,high
ORD_0017894,low
ORD_0017895,low
ORD_0017896,low
ORD_0017897,high
ORD_0017898,low
ORD_0017899,medium
ORD_0017900,low
ORD_0017901,low
ORD_0017902,low
ORD_0017903,low
ORD_0017904,low
ORD_0017905,high
ORD_0017906,low
ORD_0017907,medium
ORD_0017908,low
ORD_0017909,medium
ORD_0017910,medium
ORD_0017911,high
ORD_0017912,low
ORD_0017913,high
ORD_0017914,medium
ORD_0017915,medium
ORD_0017916,low
ORD_0017917,high
ORD_0017918,high
ORD_0017919,low
ORD_0017920,high
ORD_0017921,medium
ORD_0017922,low
ORD_0017923,low
ORD_0017924,low
ORD_0017925,low
ORD_0017926,low
ORD_0017927,medium
ORD_0017928,high
ORD_0017929,medium
ORD_0017930,low
ORD_0017931,low
ORD_0017932,medium
ORD_0017933,medium
ORD_0017934,low
ORD_0017935,low
ORD_0017936,medium
ORD_0017937,low
ORD_0017938,medium
ORD_0017939,low
ORD_0017940,low
ORD_0017941,low
ORD_0017942,low
ORD_0017943,low
ORD_0017944,medium
ORD_0017945,medium
ORD_0017946,low
ORD_0017947,medium
ORD_0017948,low
ORD_0017949,low
ORD_0017950,high
ORD_0017951,medium
ORD_0017952,medium
ORD_0017953,low
ORD_0017954,low
ORD_0017955,high
ORD_0017956,low
ORD_0017957,low
ORD_0017958,high
ORD_0017959,medium
ORD_0017960,high
ORD_0017961,low
ORD_0017962,high
ORD_0017963,low
ORD_0017964,low
ORD_0017965,high
ORD_0017966,high
ORD_0017967,high
ORD_0017968,low
ORD_0017969,low
ORD_0017970,low
ORD_0017971,medium
ORD_0017972,medium
ORD_0017973,high
ORD_0017974,medium
ORD_0017975,medium
ORD_0017976,medium
ORD_0017977,medium
ORD_0017978,low
ORD_0017979,low
ORD_0017980,low
ORD_0017981,medium
ORD_0017982,low
ORD_0017983,high
ORD_0017984,high
ORD_0017985,low
ORD_0017986,medium
ORD_0017987,high
ORD_0017988,medium
ORD_0017989,high
ORD_0017990,low
ORD_0017991,medium
ORD_0017992,high
ORD_0017993,high
ORD_0017994,low
ORD_0017995,low
ORD_0017996,high
ORD_0017997,medium
ORD_0017998,low
ORD_0017999,low
ORD_0018000,low
ORD_0018001,low
ORD_0018002,low
ORD_0018003,low
ORD_0018004,low
ORD_0018005,medium
ORD_0018006,medium
ORD_0018007,high
ORD_0018008,medium
ORD_0018009,low
ORD_0018010,low
ORD_0018011,low
ORD_0018012,low
ORD_0018013,low
ORD_0018014,low
ORD_0018015,medium
ORD_0018016,medium
ORD_0018017,low
ORD_0018018,medium
ORD_0018019,low
ORD_0018020,low
ORD_0018021,medium
ORD_0018022,low
ORD_0018023,low
ORD_0018024,low
ORD_0018025,low
ORD_0018026,medium
ORD_0018027,low
ORD_0018028,high
ORD_0018029,low
ORD_0018030,low
ORD_0018031,high
ORD_0018032,low
ORD_0018033,low
ORD_0018034,low
ORD_0018035,medium
ORD_0018036,low
ORD_0018037,high
ORD_0018038,medium
ORD_0018039,low
ORD_0018040,medium
ORD_0018041,medium
ORD_0018042,low
ORD_0018043,high
ORD_0018044,high
ORD_0018045,low
ORD_0018046,medium
ORD_0018047,low
ORD_0018048,medium
ORD_0018049,medium
ORD_0018050,low
ORD_0018051,low
ORD_0018052,high
ORD_0018053,low
ORD_0018054,medium
ORD_0018055,low
ORD_0018056,high
ORD_0018057,low
ORD_0018058,low
ORD_0018059,low
ORD_0018060,high
ORD_0018061,medium
ORD_0018062,medium
ORD_0018063,low
ORD_0018064,high
ORD_0018065,low
ORD_0018066,low
ORD_0018067,low
ORD_0018068,high
ORD_0018069,low
ORD_0018070,medium
ORD_0018071,high
ORD_0018072,low
ORD_0018073,medium
ORD_0018074,medium
ORD_0018075,medium
ORD_0018076,low
ORD_0018077,low
ORD_0018078,low
ORD_0018079,low
ORD_0018080,high
ORD_0018081,low
ORD_0018082,medium
ORD_0018083,high
ORD_0018084,medium
ORD_0018085,low
ORD_0018086,medium
ORD_0018087,medium
ORD_0018088,low
ORD_0018089,low
ORD_0018090,medium
ORD_0018091,high
ORD_0018092,medium
ORD_0018093,low
ORD_0018094,medium
ORD_0018095,high
ORD_0018096,medium
ORD_0018097,low
ORD_0018098,low
ORD_0018099,low
ORD_0018100,low
ORD_0018101,high
ORD_0018102,low
ORD_0018103,medium
ORD_0018104,low
ORD_0018105,high
ORD_0018106,high
ORD_0018107,low
ORD_0018108,medium
ORD_0018109,low
ORD_0018110,low
ORD_0018111,high
ORD_0018112,medium
ORD_0018113,medium
ORD_0018114,low
ORD_0018115,medium
ORD_0018116,high
ORD_0018117,low
ORD_0018118,low
ORD_0018119,low
ORD_0018120,low
ORD_0018121,low
ORD_0018122,low
ORD_0018123,medium
ORD_0018124,low
ORD_0018125,low
ORD_0018126,low
ORD_0018127,low
ORD_0018128,medium
ORD_0018129,low
ORD_0018130,low
ORD_0018131,low
ORD_0018132,medium
ORD_0018133,medium
ORD_0018134,low
ORD_0018135,medium
ORD_0018136,high
ORD_0018137,low
ORD_0018138,high
ORD_0018139,medium
ORD_0018140,low
ORD_0018141,low
ORD_0018142,low
ORD_0018143,medium
ORD_0018144,low
ORD_0018145,medium
ORD_0018146,high
ORD_0018147,low
ORD_0018148,low
ORD_0018149,medium
ORD_0018150,low
ORD_0018151,high
ORD_0018152,medium
ORD_0018153,low
ORD_0018154,low
ORD_0018155,medium
ORD_0018156,medium
ORD_0018157,medium
ORD_0018158,medium
ORD_0018159,high
ORD_0018160,low
ORD_0018161,medium
ORD_0018162,medium
ORD_0018163,low
ORD_0018164,low
ORD_0018165,medium
ORD_0018166,low
ORD_0018167,high
ORD_0018168,high
ORD_0018169,low
ORD_0018170,low
ORD_0018171,low
ORD_0018172,low
ORD_0018173,high
ORD_0018174,high
ORD_0018175,medium
ORD_0018176,high
ORD_0018177,low
ORD_0018178,low
ORD_0018179,low
ORD_0018180,low
ORD_0018181,high
ORD_0018182,low
ORD_0018183,medium
ORD_0018184,low
ORD_0018185,medium
ORD_0018186,high
ORD_0018187,high
ORD_0018188,medium
ORD_0018189,high
ORD_0018190,medium
ORD_0018191,high
ORD_0018192,low
ORD_0018193,medium
ORD_0018194,medium
ORD_0018195,high
ORD_0018196,low
ORD_0018197,medium
ORD_0018198,high
ORD_0018199,low
ORD_0018200,low
ORD_0018201,low
ORD_0018202,low
ORD_0018203,medium
ORD_0018204,low
ORD_0018205,low
ORD_0018206,low
ORD_0018207,low
ORD_0018208,low
ORD_0018209,low
ORD_0018210,low
ORD_0018211,medium
ORD_0018212,low
ORD_0018213,low
ORD_0018214,low
ORD_0018215,low
ORD_0018216,low
ORD_0018217,low
ORD_0018218,medium
ORD_0018219,low
ORD_0018220,medium
ORD_0018221,high
ORD_0018222,high
ORD_0018223,medium
ORD_0018224,high
ORD_0018225,low
ORD_0018226,low
ORD_0018227,high
ORD_0018228,high
ORD_0018229,low
ORD_0018230,low
ORD_0018231,low
ORD_0018232,low
ORD_0018233,high
ORD_0018234,medium
ORD_0018235,medium
ORD_0018236,medium
ORD_0018237,low
ORD_0018238,high
ORD_0018239,medium
ORD_0018240,medium
ORD_0018241,low
ORD_0018242,low
ORD_0018243,low
ORD_0018244,low
ORD_0018245,low
ORD_0018246,medium
ORD_0018247,high
ORD_0018248,low
ORD_0018249,medium
ORD_0018250,high
ORD_0018251,medium
ORD_0018252,low
ORD_0018253,high
ORD_0018254,low
ORD_0018255,medium
ORD_0018256,low
ORD_0018257,high
ORD_0018258,high
ORD_0018259,medium
ORD_0018260,high
ORD_0018261,low
ORD_0018262,low
ORD_0018263,low
ORD_0018264,medium
ORD_0018265,medium
ORD_0018266,low
ORD_0018267,low
ORD_0018268,low
ORD_0018269,high
ORD_0018270,low
ORD_0018271,medium
ORD_0018272,low
ORD_0018273,low
ORD_0018274,low
ORD_0018275,low
ORD_0018276,low
ORD_0018277,medium
ORD_0018278,high
ORD_0018279,medium
ORD_0018280,low
ORD_0018281,medium
ORD_0018282,low
ORD_0018283,low
ORD_0018284,medium
ORD_0018285,low
ORD_0018286,high
ORD_0018287,low
ORD_0018288,high
ORD_0018289,high
ORD_0018290,low
ORD_0018291,high
ORD_0018292,medium
ORD_0018293,low
ORD_0018294,high
ORD_0018295,high
ORD_0018296,medium
ORD_0018297,low
ORD_0018298,medium
ORD_0018299,medium
ORD_0018300,medium
ORD_0018301,low
ORD_0018302,high
ORD_0018303,low
ORD_0018304,medium
ORD_0018305,medium
ORD_0018306,low
ORD_0018307,low
ORD_0018308,low
ORD_0018309,low
ORD_0018310,low
ORD_0018311,medium
ORD_0018312,high
ORD_0018313,medium
ORD_0018314,high
ORD_0018315,low
ORD_0018316,high
ORD_0018317,low
ORD_0018318,high
ORD_0018319,medium
ORD_0018320,low
ORD_0018321,medium
ORD_0018322,low
ORD_0018323,medium
ORD_0018324,low
ORD_0018325,low
ORD_0018326,high
ORD_0018327,medium
ORD_0018328,low
ORD_0018329,high
ORD_0018330,low
ORD_0018331,high
ORD_0018332,low
ORD_0018333,low
ORD_0018334,low
ORD_0018335,medium
ORD_0018336,medium
ORD_0018337,low
ORD_0018338,low
ORD_0018339,medium
ORD_0018340,high
ORD_0018341,high
ORD_0018342,low
ORD_0018343,low
ORD_0018344,medium
ORD_0018345,medium
ORD_0018346,low
ORD_0018347,high
ORD_0018348,medium
ORD_0018349,high
ORD_0018350,medium
ORD_0018351,medium
ORD_0018352,medium
ORD_0018353,high
ORD_0018354,medium
ORD_0018355,high
ORD_0018356,medium
ORD_0018357,low
ORD_0018358,low
ORD_0018359,medium
ORD_0018360,low
ORD_0018361,low
ORD_0018362,low
ORD_0018363,low
ORD_0018364,medium
ORD_0018365,low
ORD_0018366,low
ORD_0018367,medium
ORD_0018368,low
ORD_0018369,high
ORD_0018370,high
ORD_0018371,medium
ORD_0018372,low
ORD_0018373,low
ORD_0018374,low
ORD_0018375,low
ORD_0018376,low
ORD_0018377,medium
ORD_0018378,low
ORD_0018379,medium
ORD_0018380,low
ORD_0018381,medium
ORD_0018382,medium
ORD_0018383,medium
ORD_0018384,medium
ORD_0018385,medium
ORD_0018386,low
ORD_0018387,low
ORD_0018388,low
ORD_0018389,high
ORD_0018390,low
ORD_0018391,high
ORD_0018392,high
ORD_0018393,low
ORD_0018394,high
ORD_0018395,low
ORD_0018396,low
ORD_0018397,low
ORD_0018398,high
ORD_0018399,low
ORD_0018400,medium
ORD_0018401,medium
ORD_0018402,high
ORD_0018403,low
ORD_0018404,low
ORD_0018405,low
ORD_0018406,high
ORD_0018407,low
ORD_0018408,low
ORD_0018409,medium
ORD_0018410,low
ORD_0018411,low
ORD_0018412,medium
ORD_0018413,high
ORD_0018414,high
ORD_0018415,medium
ORD_0018416,medium
ORD_0018417,low
ORD_0018418,medium
ORD_0018419,low
ORD_0018420,low
ORD_0018421,low
ORD_0018422,low
ORD_0018423,medium
ORD_0018424,low
ORD_0018425,medium
ORD_0018426,low
ORD_0018427,low
ORD_0018428,low
ORD_0018429,high
ORD_0018430,low
ORD_0018431,low
ORD_0018432,low
ORD_0018433,low
ORD_0018434,high
ORD_0018435,medium
ORD_0018436,low
ORD_0018437,high
ORD_0018438,medium
ORD_0018439,low
ORD_0018440,low
ORD_0018441,low
ORD_0018442,low
ORD_0018443,high
ORD_0018444,medium
ORD_0018445,high
ORD_0018446,low
ORD_0018447,low
ORD_0018448,medium
ORD_0018449,medium
ORD_0018450,medium
ORD_0018451,low
ORD_0018452,medium
ORD_0018453,low
ORD_0018454,low
ORD_0018455,medium
ORD_0018456,high
ORD_0018457,high
ORD_0018458,medium
ORD_0018459,low
ORD_0018460,low
ORD_0018461,medium
ORD_0018462,low
ORD_0018463,medium
ORD_0018464,medium
ORD_0018465,medium
ORD_0018466,low
ORD_0018467,medium
ORD_0018468,medium
ORD_0018469,medium
ORD_0018470,low
ORD_0018471,low
ORD_0018472,medium
ORD_0018473,medium
ORD_0018474,low
ORD_0018475,high
ORD_0018476,high
ORD_0018477,medium
ORD_0018478,low
ORD_0018479,high
ORD_0018480,high
ORD_0018481,medium
ORD_0018482,low
ORD_0018483,medium
ORD_0018484,medium
ORD_0018485,low
ORD_0018486,low
ORD_0018487,low
ORD_0018488,high
ORD_0018489,low
ORD_0018490,medium
ORD_0018491,low
ORD_0018492,low
ORD_0018493,low
ORD_0018494,medium
ORD_0018495,low
ORD_0018496,medium
ORD_0018497,low
ORD_0018498,medium
ORD_0018499,high
ORD_0018500,medium
ORD_0018501,low
ORD_0018502,low
ORD_0018503,medium
ORD_0018504,high
ORD_0018505,medium
ORD_0018506,low
ORD_0018507,medium
ORD_0018508,low
ORD_0018509,medium
ORD_0018510,medium
ORD_0018511,medium
ORD_0018512,low
ORD_0018513,medium
ORD_0018514,low
ORD_0018515,low
ORD_0018516,high
ORD_0018517,medium
ORD_0018518,medium
ORD_0018519,low
ORD_0018520,low
ORD_0018521,high
ORD_0018522,low
ORD_0018523,low
ORD_0018524,medium
ORD_0018525,high
ORD_0018526,low
ORD_0018527,medium
ORD_0018528,low
ORD_0018529,low
ORD_0018530,low
ORD_0018531,low
ORD_0018532,medium
ORD_0018533,low
ORD_0018534,high
ORD_0018535,medium
ORD_0018536,low
ORD_0018537,medium
ORD_0018538,high
ORD_0018539,low
ORD_0018540,low
ORD_0018541,medium
ORD_0018542,low
ORD_0018543,low
ORD_0018544,low
ORD_0018545,low
ORD_0018546,medium
ORD_0018547,medium
ORD_0018548,medium
ORD_0018549,medium
ORD_0018550,high
ORD_0018551,low
ORD_0018552,low
ORD_0018553,low
ORD_0018554,low
ORD_0018555,low
ORD_0018556,low
ORD_0018557,low
ORD_0018558,low
ORD_0018559,low
ORD_0018560,low
ORD_0018561,high
ORD_0018562,low
ORD_0018563,low
ORD_0018564,high
ORD_0018565,low
ORD_0018566,low
ORD_0018567,low
ORD_0018568,medium
ORD_0018569,low
ORD_0018570,low
ORD_0018571,low
ORD_0018572,medium
ORD_0018573,low
ORD_0018574,low
ORD_0018575,low
ORD_0018576,low
ORD_0018577,low
ORD_0018578,low
ORD_0018579,low
ORD_0018580,high
ORD_0018581,low
ORD_0018582,high
ORD_0018583,low
ORD_0018584,medium
ORD_0018585,high
ORD_0018586,high
ORD_0018587,low
ORD_0018588,low
ORD_0018589,low
ORD_0018590,low
ORD_0018591,medium
ORD_0018592,low
ORD_0018593,medium
ORD_0018594,low
ORD_0018595,low
ORD_0018596,low
ORD_0018597,medium
ORD_0018598,medium
ORD_0018599,low
ORD_0018600,low
ORD_0018601,high
ORD_0018602,low
ORD_0018603,medium
ORD_0018604,medium
ORD_0018605,low
ORD_0018606,low
ORD_0018607,low
ORD_0018608,low
ORD_0018609,low
ORD_0018610,low
ORD_0018611,high
ORD_0018612,low
ORD_0018613,medium
ORD_0018614,high
ORD_0018615,low
ORD_0018616,medium
ORD_0018617,medium
ORD_0018618,high
ORD_0018619,low
ORD_0018620,high
ORD_0018621,medium
ORD_0018622,high
ORD_0018623,medium
ORD_0018624,low
ORD_0018625,medium
ORD_0018626,low
ORD_0018627,medium
ORD_0018628,medium
ORD_0018629,low
ORD_0018630,medium
ORD_0018631,low
ORD_0018632,medium
ORD_0018633,medium
ORD_0018634,low
ORD_0018635,low
ORD_0018636,high
ORD_0018637,high
ORD_0018638,low
ORD_0018639,high
ORD_0018640,low
ORD_0018641,medium
ORD_0018642,medium
ORD_0018643,medium
ORD_0018644,medium
ORD_0018645,medium
ORD_0018646,low
ORD_0018647,medium
ORD_0018648,low
ORD_0018649,medium
ORD_0018650,low
ORD_0018651,high
ORD_0018652,medium
ORD_0018653,low
ORD_0018654,low
ORD_0018655,medium
ORD_0018656,high
ORD_0018657,medium
ORD_0018658,medium
ORD_0018659,high
ORD_0018660,medium
ORD_0018661,medium
ORD_0018662,low
ORD_0018663,medium
ORD_0018664,low
ORD_0018665,low
ORD_0018666,low
ORD_0018667,low
ORD_0018668,high
ORD_0018669,low
ORD_0018670,high
ORD_0018671,medium
ORD_0018672,low
ORD_0018673,low
ORD_0018674,medium
ORD_0018675,low
ORD_0018676,low
ORD_0018677,medium
ORD_0018678,high
ORD_0018679,low
ORD_0018680,low
ORD_0018681,low
ORD_0018682,low
ORD_0018683,medium
ORD_0018684,medium
ORD_0018685,low
ORD_0018686,low
ORD_0018687,low
ORD_0018688,low
ORD_0018689,medium
ORD_0018690,low
ORD_0018691,high
ORD_0018692,low
ORD_0018693,low
ORD_0018694,low
ORD_0018695,low
ORD_0018696,low
ORD_0018697,low
ORD_0018698,low
ORD_0018699,high
ORD_0018700,low
ORD_0018701,low
ORD_0018702,medium
ORD_0018703,low
ORD_0018704,high
ORD_0018705,medium
ORD_0018706,low
ORD_0018707,medium
ORD_0018708,low
ORD_0018709,medium
ORD_0018710,medium
ORD_0018711,low
ORD_0018712,high
ORD_0018713,medium
ORD_0018714,low
ORD_0018715,low
ORD_0018716,medium
ORD_0018717,high
ORD_0018718,high
ORD_0018719,low
ORD_0018720,medium
ORD_0018721,low
ORD_0018722,high
ORD_0018723,medium
ORD_0018724,low
ORD_0018725,low
ORD_0018726,low
ORD_0018727,low
ORD_0018728,low
ORD_0018729,low
ORD_0018730,high
ORD_0018731,low
ORD_0018732,low
ORD_0018733,medium
ORD_0018734,low
ORD_0018735,medium
ORD_0018736,low
ORD_0018737,high
ORD_0018738,low
ORD_0018739,medium
ORD_0018740,low
ORD_0018741,medium
ORD_0018742,low
ORD_0018743,low
ORD_0018744,medium
ORD_0018745,low
ORD_0018746,high
ORD_0018747,low
ORD_0018748,low
ORD_0018749,low
ORD_0018750,medium
ORD_0018751,high
ORD_0018752,low
ORD_0018753,low
ORD_0018754,medium
ORD_0018755,medium
ORD_0018756,low
ORD_0018757,medium
ORD_0018758,medium
ORD_0018759,low
ORD_0018760,low
ORD_0018761,medium
ORD_0018762,medium
ORD_0018763,low
ORD_0018764,medium
ORD_0018765,low
ORD_0018766,low
ORD_0018767,low
ORD_0018768,high
ORD_0018769,low
ORD_0018770,medium
ORD_0018771,high
ORD_0018772,low
ORD_0018773,medium
ORD_0018774,low
ORD_0018775,low
ORD_0018776,medium
ORD_0018777,low
ORD_0018778,high
ORD_0018779,low
ORD_0018780,medium
ORD_0018781,low
ORD_0018782,low
ORD_0018783,high
ORD_0018784,low
ORD_0018785,high
ORD_0018786,low
ORD_0018787,medium
ORD_0018788,high
ORD_0018789,high
ORD_0018790,low
ORD_0018791,low
ORD_0018792,high
ORD_0018793,medium
ORD_0018794,medium
ORD_0018795,medium
ORD_0018796,low
ORD_0018797,medium
ORD_0018798,low
ORD_0018799,medium
ORD_0018800,low
ORD_0018801,high
ORD_0018802,high
ORD_0018803,medium
ORD_0018804,low
ORD_0018805,medium
ORD_0018806,low
ORD_0018807,medium
ORD_0018808,low
ORD_0018809,medium
ORD_0018810,medium
ORD_0018811,high
ORD_0018812,low
ORD_0018813,high
ORD_0018814,medium
ORD_0018815,high
ORD_0018816,low
ORD_0018817,medium
ORD_0018818,high
ORD_0018819,low
ORD_0018820,low
ORD_0018821,medium
ORD_0018822,low
ORD_0018823,low
ORD_0018824,low
ORD_0018825,high
ORD_0018826,medium
ORD_0018827,high
ORD_0018828,low
ORD_0018829,low
ORD_0018830,medium
ORD_0018831,medium
ORD_0018832,high
ORD_0018833,high
ORD_0018834,low
ORD_0018835,low
ORD_0018836,low
ORD_0018837,high
ORD_0018838,high
ORD_0018839,medium
ORD_0018840,low
ORD_0018841,high
ORD_0018842,high
ORD_0018843,low
ORD_0018844,high
ORD_0018845,high
ORD_0018846,medium
ORD_0018847,low
ORD_0018848,low
ORD_0018849,high
ORD_0018850,high
ORD_0018851,high
ORD_0018852,medium
ORD_0018853,medium
ORD_0018854,medium
ORD_0018855,low
ORD_0018856,low
ORD_0018857,low
ORD_0018858,low
ORD_0018859,low
ORD_0018860,low
ORD_0018861,medium
ORD_0018862,low
ORD_0018863,low
ORD_0018864,medium
ORD_0018865,low
ORD_0018866,medium
ORD_0018867,medium
ORD_0018868,high
ORD_0018869,low
ORD_0018870,medium
ORD_0018871,low
ORD_0018872,low
ORD_0018873,high
ORD_0018874,medium
ORD_0018875,medium
ORD_0018876,low
ORD_0018877,medium
ORD_0018878,low
ORD_0018879,low
ORD_0018880,high
ORD_0018881,low
ORD_0018882,high
ORD_0018883,low
ORD_0018884,low
ORD_0018885,low
ORD_0018886,high
ORD_0018887,low
ORD_0018888,high
ORD_0018889,low
ORD_0018890,high
ORD_0018891,medium
ORD_0018892,medium
ORD_0018893,low
ORD_0018894,low
ORD_0018895,low
ORD_0018896,medium
ORD_0018897,low
ORD_0018898,low
ORD_0018899,high
ORD_0018900,low
ORD_0018901,low
ORD_0018902,medium
ORD_0018903,medium
ORD_0018904,high
ORD_0018905,low
ORD_0018906,low
ORD_0018907,medium
ORD_0018908,low
ORD_0018909,medium
ORD_0018910,low
ORD_0018911,low
ORD_0018912,high
ORD_0018913,medium
ORD_0018914,high
ORD_0018915,low
ORD_0018916,low
ORD_0018917,high
ORD_0018918,low
ORD_0018919,high
ORD_0018920,high
ORD_0018921,medium
ORD_0018922,low
ORD_0018923,low
ORD_0018924,low
ORD_0018925,low
ORD_0018926,medium
ORD_0018927,low
ORD_0018928,low
ORD_0018929,high
ORD_0018930,low
ORD_0018931,medium
ORD_0018932,low
ORD_0018933,high
ORD_0018934,high
ORD_0018935,medium
ORD_0018936,high
ORD_0018937,high
ORD_0018938,low
ORD_0018939,low
ORD_0018940,low
ORD_0018941,low
ORD_0018942,low
ORD_0018943,low
ORD_0018944,high
ORD_0018945,high
ORD_0018946,low
ORD_0018947,high
ORD_0018948,low
ORD_0018949,low
ORD_0018950,medium
ORD_0018951,medium
ORD_0018952,low
ORD_0018953,low
ORD_0018954,high
ORD_0018955,high
ORD_0018956,low
ORD_0018957,high
ORD_0018958,medium
ORD_0018959,low
ORD_0018960,low
ORD_0018961,high
ORD_0018962,high
ORD_0018963,low
ORD_0018964,medium
ORD_0018965,medium
ORD_0018966,high
ORD_0018967,low
ORD_0018968,low
ORD_0018969,medium
ORD_0018970,medium
ORD_0018971,low
ORD_0018972,low
ORD_0018973,medium
ORD_0018974,medium
ORD_0018975,low
ORD_0018976,low
ORD_0018977,high
ORD_0018978,medium
ORD_0018979,low
ORD_0018980,low
ORD_0018981,low
ORD_0018982,low
ORD_0018983,medium
ORD_0018984,medium
ORD_0018985,medium
ORD_0018986,low
ORD_0018987,medium
ORD_0018988,low
ORD_0018989,medium
ORD_0018990,low
ORD_0018991,high
ORD_0018992,low
ORD_0018993,low
ORD_0018994,low
ORD_0018995,high
ORD_0018996,low
ORD_0018997,low
ORD_0018998,low
ORD_0018999,low
ORD_0019000,medium
ORD_0019001,high
ORD_0019002,high
ORD_0019003,low
ORD_0019004,medium
ORD_0019005,low
ORD_0019006,low
ORD_0019007,low
ORD_0019008,low
ORD_0019009,low
ORD_0019010,medium
ORD_0019011,high
ORD_0019012,low
ORD_0019013,low
ORD_0019014,low
ORD_0019015,low
ORD_0019016,high
ORD_0019017,low
ORD_0019018,low
ORD_0019019,low
ORD_0019020,high
ORD_0019021,medium
ORD_0019022,high
ORD_0019023,low
ORD_0019024,low
ORD_0019025,low
ORD_0019026,low
ORD_0019027,low
ORD_0019028,low
ORD_0019029,low
ORD_0019030,high
ORD_0019031,medium
ORD_0019032,low
ORD_0019033,medium
ORD_0019034,low
ORD_0019035,low
ORD_0019036,high
ORD_0019037,low
ORD_0019038,medium
ORD_0019039,low
ORD_0019040,low
ORD_0019041,medium
ORD_0019042,medium
ORD_0019043,low
ORD_0019044,medium
ORD_0019045,medium
ORD_0019046,low
ORD_0019047,low
ORD_0019048,medium
ORD_0019049,medium
ORD_0019050,low
ORD_0019051,low
ORD_0019052,high
ORD_0019053,high
ORD_0019054,medium
ORD_0019055,high
ORD_0019056,low
ORD_0019057,high
ORD_0019058,low
ORD_0019059,high
ORD_0019060,high
ORD_0019061,medium
ORD_0019062,medium
ORD_0019063,high
ORD_0019064,low
ORD_0019065,low
ORD_0019066,low
ORD_0019067,low
ORD_0019068,high
ORD_0019069,medium
ORD_0019070,low
ORD_0019071,medium
ORD_0019072,low
ORD_0019073,low
ORD_0019074,low
ORD_0019075,low
ORD_0019076,low
ORD_0019077,low
ORD_0019078,high
ORD_0019079,medium
ORD_0019080,low
ORD_0019081,medium
ORD_0019082,medium
ORD_0019083,high
ORD_0019084,high
ORD_0019085,low
ORD_0019086,high
ORD_0019087,low
ORD_0019088,medium
ORD_0019089,low
ORD_0019090,medium
ORD_0019091,high
ORD_0019092,low
ORD_0019093,low
ORD_0019094,low
ORD_0019095,low
ORD_0019096,low
ORD_0019097,high
ORD_0019098,low
ORD_0019099,high
ORD_0019100,low
ORD_0019101,medium
ORD_0019102,low
ORD_0019103,low
ORD_0019104,low
ORD_0019105,medium
ORD_0019106,low
ORD_0019107,low
ORD_0019108,medium
ORD_0019109,medium
ORD_0019110,medium
ORD_0019111,high
ORD_0019112,low
ORD_0019113,high
ORD_0019114,low
ORD_0019115,high
ORD_0019116,medium
ORD_0019117,medium
ORD_0019118,high
ORD_0019119,high
ORD_0019120,low
ORD_0019121,high
ORD_0019122,low
ORD_0019123,medium
ORD_0019124,low
ORD_0019125,low
ORD_0019126,medium
ORD_0019127,medium
ORD_0019128,low
ORD_0019129,low
ORD_0019130,low
ORD_0019131,high
ORD_0019132,low
ORD_0019133,low
ORD_0019134,medium
ORD_0019135,low
ORD_0019136,high
ORD_0019137,medium
ORD_0019138,high
ORD_0019139,low
ORD_0019140,high
ORD_0019141,low
ORD_0019142,low
ORD_0019143,medium
ORD_0019144,medium
ORD_0019145,medium
ORD_0019146,high
ORD_0019147,low
ORD_0019148,low
ORD_0019149,low
ORD_0019150,low
ORD_0019151,low
ORD_0019152,low
ORD_0019153,high
ORD_0019154,medium
ORD_0019155,low
ORD_0019156,high
ORD_0019157,low
ORD_0019158,low
ORD_0019159,high
ORD_0019160,medium
ORD_0019161,medium
ORD_0019162,high
ORD_0019163,low
ORD_0019164,low
ORD_0019165,high
ORD_0019166,low
ORD_0019167,low
ORD_0019168,low
ORD_0019169,high
ORD_0019170,low
ORD_0019171,low
ORD_0019172,low
ORD_0019173,low
ORD_0019174,low
ORD_0019175,low
ORD_0019176,low
ORD_0019177,low
ORD_0019178,high
ORD_0019179,high
ORD_0019180,low
ORD_0019181,low
ORD_0019182,low
ORD_0019183,low
ORD_0019184,medium
ORD_0019185,medium
ORD_0019186,low
ORD_0019187,low
ORD_0019188,low
ORD_0019189,low
ORD_0019190,medium
ORD_0019191,medium
ORD_0019192,low
ORD_0019193,low
ORD_0019194,low
ORD_0019195,medium
ORD_0019196,medium
ORD_0019197,high
ORD_0019198,low
ORD_0019199,low
ORD_0019200,high
ORD_0019201,low
ORD_0019202,high
ORD_0019203,low
ORD_0019204,medium
ORD_0019205,low
ORD_0019206,low
ORD_0019207,low
ORD_0019208,high
ORD_0019209,medium
ORD_0019210,low
ORD_0019211,low
ORD_0019212,low
ORD_0019213,low
ORD_0019214,low
ORD_0019215,medium
ORD_0019216,medium
ORD_0019217,medium
ORD_0019218,medium
ORD_0019219,medium
ORD_0019220,high
ORD_0019221,low
ORD_0019222,medium
ORD_0019223,low
ORD_0019224,medium
ORD_0019225,low
ORD_0019226,low
ORD_0019227,high
ORD_0019228,high
ORD_0019229,high
ORD_0019230,low
ORD_0019231,medium
ORD_0019232,medium
ORD_0019233,medium
ORD_0019234,low
ORD_0019235,high
ORD_0019236,medium
ORD_0019237,low
ORD_0019238,medium
ORD_0019239,medium
ORD_0019240,low
ORD_0019241,low
ORD_0019242,medium
ORD_0019243,low
ORD_0019244,low
ORD_0019245,low
ORD_0019246,high
ORD_0019247,medium
ORD_0019248,low
ORD_0019249,high
ORD_0019250,low
ORD_0019251,medium
ORD_0019252,low
ORD_0019253,low
ORD_0019254,low
ORD_0019255,low
ORD_0019256,medium
ORD_0019257,low
ORD_0019258,medium
ORD_0019259,high
ORD_0019260,low
ORD_0019261,high
ORD_0019262,medium
ORD_0019263,medium
ORD_0019264,low
ORD_0019265,low
ORD_0019266,low
ORD_0019267,low
ORD_0019268,low
ORD_0019269,low
ORD_0019270,low
ORD_0019271,medium
ORD_0019272,low
ORD_0019273,high
ORD_0019274,low
ORD_0019275,low
ORD_0019276,low
ORD_0019277,medium
ORD_0019278,medium
ORD_0019279,low
ORD_0019280,high
ORD_0019281,low
ORD_0019282,low
ORD_0019283,low
ORD_0019284,low
ORD_0019285,low
ORD_0019286,low
ORD_0019287,medium
ORD_0019288,high
ORD_0019289,low
ORD_0019290,high
ORD_0019291,high
ORD_0019292,low
ORD_0019293,low
ORD_0019294,medium
ORD_0019295,medium
ORD_0019296,low
ORD_0019297,low
ORD_0019298,medium
ORD_0019299,low
ORD_0019300,low
ORD_0019301,medium
ORD_0019302,high
ORD_0019303,low
ORD_0019304,high
ORD_0019305,high
ORD_0019306,medium
ORD_0019307,medium
ORD_0019308,low
ORD_0019309,low
ORD_0019310,low
ORD_0019311,high
ORD_0019312,medium
ORD_0019313,low
ORD_0019314,low
ORD_0019315,low
ORD_0019316,high
ORD_0019317,high
ORD_0019318,low
ORD_0019319,low
ORD_0019320,low
ORD_0019321,medium
ORD_0019322,high
ORD_0019323,low
ORD_0019324,low
ORD_0019325,low
ORD_0019326,low
ORD_0019327,low
ORD_0019328,low
ORD_0019329,low
ORD_0019330,high
ORD_0019331,medium
ORD_0019332,low
ORD_0019333,low
ORD_0019334,low
ORD_0019335,low
ORD_0019336,low
ORD_0019337,low
ORD_0019338,medium
ORD_0019339,high
ORD_0019340,high
ORD_0019341,medium
ORD_0019342,medium
ORD_0019343,medium
ORD_0019344,high
ORD_0019345,medium
ORD_0019346,medium
ORD_0019347,high
ORD_0019348,high
ORD_0019349,medium
ORD_0019350,low
ORD_0019351,low
ORD_0019352,medium
ORD_0019353,low
ORD_0019354,low
ORD_0019355,high
ORD_0019356,medium
ORD_0019357,low
ORD_0019358,low
ORD_0019359,low
ORD_0019360,medium
ORD_0019361,low
ORD_0019362,high
ORD_0019363,medium
ORD_0019364,low
ORD_0019365,high
ORD_0019366,low
ORD_0019367,medium
ORD_0019368,medium
ORD_0019369,low
ORD_0019370,medium
ORD_0019371,medium
ORD_0019372,high
ORD_0019373,high
ORD_0019374,medium
ORD_0019375,medium
ORD_0019376,medium
ORD_0019377,low
ORD_0019378,low
ORD_0019379,low
ORD_0019380,low
ORD_0019381,low
ORD_0019382,low
ORD_0019383,low
ORD_0019384,high
ORD_0019385,low
ORD_0019386,low
ORD_0019387,low
ORD_0019388,medium
ORD_0019389,low
ORD_0019390,low
ORD_0019391,high
ORD_0019392,high
ORD_0019393,low
ORD_0019394,medium
ORD_0019395,high
ORD_0019396,medium
ORD_0019397,medium
ORD_0019398,low
ORD_0019399,high
ORD_0019400,high
ORD_0019401,low
ORD_0019402,low
ORD_0019403,medium
ORD_0019404,low
ORD_0019405,medium
ORD_0019406,low
ORD_0019407,medium
ORD_0019408,low
ORD_0019409,low
ORD_0019410,low
ORD_0019411,medium
ORD_0019412,low
ORD_0019413,low
ORD_0019414,low
ORD_0019415,low
ORD_0019416,low
ORD_0019417,low
ORD_0019418,low
ORD_0019419,low
ORD_0019420,low
ORD_0019421,high
ORD_0019422,medium
ORD_0019423,low
ORD_0019424,medium
ORD_0019425,medium
ORD_0019426,low
ORD_0019427,high
ORD_0019428,low
ORD_0019429,low
ORD_0019430,high
ORD_0019431,medium
ORD_0019432,high
ORD_0019433,medium
ORD_0019434,low
ORD_0019435,low
ORD_0019436,low
ORD_0019437,low
ORD_0019438,high
ORD_0019439,low
ORD_0019440,high
ORD_0019441,low
ORD_0019442,medium
ORD_0019443,medium
ORD_0019444,low
ORD_0019445,low
ORD_0019446,low
ORD_0019447,high
ORD_0019448,low
ORD_0019449,medium
ORD_0019450,low
ORD_0019451,high
ORD_0019452,low
ORD_0019453,medium
ORD_0019454,low
ORD_0019455,low
ORD_0019456,low
ORD_0019457,low
ORD_0019458,medium
ORD_0019459,medium
ORD_0019460,high
ORD_0019461,low
ORD_0019462,high
ORD_0019463,low
ORD_0019464,low
ORD_0019465,low
ORD_0019466,low
ORD_0019467,medium
ORD_0019468,low
ORD_0019469,low
ORD_0019470,high
ORD_0019471,low
ORD_0019472,medium
ORD_0019473,low
ORD_0019474,low
ORD_0019475,medium
ORD_0019476,low
ORD_0019477,low
ORD_0019478,high
ORD_0019479,low
ORD_0019480,medium
ORD_0019481,medium
ORD_0019482,low
ORD_0019483,low
ORD_0019484,low
ORD_0019485,high
ORD_0019486,high
ORD_0019487,low
ORD_0019488,medium
ORD_0019489,low
ORD_0019490,medium
ORD_0019491,low
ORD_0019492,medium
ORD_0019493,low
ORD_0019494,medium
ORD_0019495,medium
ORD_0019496,high
ORD_0019497,low
ORD_0019498,low
ORD_0019499,low
ORD_0019500,medium
ORD_0019501,medium
ORD_0019502,medium
ORD_0019503,medium
ORD_0019504,low
ORD_0019505,medium
ORD_0019506,low
ORD_0019507,low
ORD_0019508,medium
ORD_0019509,high
ORD_0019510,low
ORD_0019511,low
ORD_0019512,low
ORD_0019513,low
ORD_0019514,medium
ORD_0019515,low
ORD_0019516,medium
ORD_0019517,low
ORD_0019518,medium
ORD_0019519,low
ORD_0019520,low
ORD_0019521,low
ORD_0019522,high
ORD_0019523,low
ORD_0019524,low
ORD_0019525,medium
ORD_0019526,high
ORD_0019527,medium
ORD_0019528,low
ORD_0019529,low
ORD_0019530,high
ORD_0019531,low
ORD_0019532,low
ORD_0019533,medium
ORD_0019534,medium
ORD_0019535,medium
ORD_0019536,low
ORD_0019537,medium
ORD_0019538,high
ORD_0019539,low
ORD_0019540,low
ORD_0019541,low
ORD_0019542,low
ORD_0019543,high
ORD_0019544,high
ORD_0019545,low
ORD_0019546,high
ORD_0019547,medium
ORD_0019548,low
ORD_0019549,high
ORD_0019550,medium
ORD_0019551,high
ORD_0019552,medium
ORD_0019553,medium
ORD_0019554,low
ORD_0019555,high
ORD_0019556,low
ORD_0019557,low
ORD_0019558,high
ORD_0019559,medium
ORD_0019560,medium
ORD_0019561,low
ORD_0019562,low
ORD_0019563,low
ORD_0019564,high
ORD_0019565,low
ORD_0019566,low
ORD_0019567,low
ORD_0019568,medium
ORD_0019569,low
ORD_0019570,low
ORD_0019571,medium
ORD_0019572,medium
ORD_0019573,low
ORD_0019574,high
ORD_0019575,medium
ORD_0019576,high
ORD_0019577,low
ORD_0019578,low
ORD_0019579,high
ORD_0019580,medium
ORD_0019581,medium
ORD_0019582,high
ORD_0019583,low
ORD_0019584,medium
ORD_0019585,medium
ORD_0019586,low
ORD_0019587,low
ORD_0019588,low
ORD_0019589,medium
ORD_0019590,high
ORD_0019591,low
ORD_0019592,low
ORD_0019593,high
ORD_0019594,low
ORD_0019595,low
ORD_0019596,low
ORD_0019597,low
ORD_0019598,low
ORD_0019599,high
ORD_0019600,low
ORD_0019601,high
ORD_0019602,low
ORD_0019603,medium
ORD_0019604,low
ORD_0019605,high
ORD_0019606,low
ORD_0019607,medium
ORD_0019608,high
ORD_0019609,low
ORD_0019610,low
ORD_0019611,low
ORD_0019612,low
ORD_0019613,low
ORD_0019614,high
ORD_0019615,low
ORD_0019616,high
ORD_0019617,low
ORD_0019618,high
ORD_0019619,high
ORD_0019620,medium
ORD_0019621,high
ORD_0019622,medium
ORD_0019623,medium
ORD_0019624,high
ORD_0019625,low
ORD_0019626,low
ORD_0019627,low
ORD_0019628,high
ORD_0019629,low
ORD_0019630,low
ORD_0019631,low
ORD_0019632,low
ORD_0019633,low
ORD_0019634,low
ORD_0019635,high
ORD_0019636,low
ORD_0019637,low
ORD_0019638,high
ORD_0019639,high
ORD_0019640,low
ORD_0019641,low
ORD_0019642,low
ORD_0019643,low
ORD_0019644,low
ORD_0019645,low
ORD_0019646,low
ORD_0019647,medium
ORD_0019648,low
ORD_0019649,medium
ORD_0019650,medium
ORD_0019651,low
ORD_0019652,medium
ORD_0019653,medium
ORD_0019654,medium
ORD_0019655,high
ORD_0019656,low
ORD_0019657,low
ORD_0019658,high
ORD_0019659,low
ORD_0019660,low
ORD_0019661,medium
ORD_0019662,low
ORD_0019663,low
ORD_0019664,medium
ORD_0019665,low
ORD_0019666,low
ORD_0019667,medium
ORD_0019668,medium
ORD_0019669,medium
ORD_0019670,medium
ORD_0019671,low
ORD_0019672,medium
ORD_0019673,low
ORD_0019674,medium
ORD_0019675,medium
ORD_0019676,medium
ORD_0019677,low
ORD_0019678,high
ORD_0019679,low
ORD_0019680,low
ORD_0019681,low
ORD_0019682,high
ORD_0019683,high
ORD_0019684,low
ORD_0019685,medium
ORD_0019686,low
ORD_0019687,low
ORD_0019688,low
ORD_0019689,low
ORD_0019690,high
ORD_0019691,low
ORD_0019692,low
ORD_0019693,medium
ORD_0019694,medium
ORD_0019695,low
ORD_0019696,low
ORD_0019697,low
ORD_0019698,medium
ORD_0019699,low
ORD_0019700,low
ORD_0019701,low
ORD_0019702,high
ORD_0019703,low
ORD_0019704,medium
ORD_0019705,medium
ORD_0019706,low
ORD_0019707,medium
ORD_0019708,medium
ORD_0019709,medium
ORD_0019710,low
ORD_0019711,low
ORD_0019712,low
ORD_0019713,low
ORD_0019714,low
ORD_0019715,low
ORD_0019716,low
ORD_0019717,medium
ORD_0019718,medium
ORD_0019719,medium
ORD_0019720,low
ORD_0019721,low
ORD_0019722,high
ORD_0019723,medium
ORD_0019724,low
ORD_0019725,low
ORD_0019726,high
ORD_0019727,low
ORD_0019728,medium
ORD_0019729,medium
ORD_0019730,low
ORD_0019731,medium
ORD_0019732,low
ORD_0019733,low
ORD_0019734,low
ORD_0019735,low
ORD_0019736,medium
ORD_0019737,low
ORD_0019738,high
ORD_0019739,high
ORD_0019740,low
ORD_0019741,low
ORD_0019742,medium
ORD_0019743,low
ORD_0019744,high
ORD_0019745,low
ORD_0019746,medium
ORD_0019747,high
ORD_0019748,medium
ORD_0019749,high
ORD_0019750,medium
ORD_0019751,low
ORD_0019752,medium
ORD_0019753,medium
ORD_0019754,low
ORD_0019755,medium
ORD_0019756,medium
ORD_0019757,low
ORD_0019758,medium
ORD_0019759,low
ORD_0019760,low
ORD_0019761,low
ORD_0019762,low
ORD_0019763,medium
ORD_0019764,low
ORD_0019765,low
ORD_0019766,low
ORD_0019767,high
ORD_0019768,medium
ORD_0019769,high
ORD_0019770,low
ORD_0019771,low
ORD_0019772,medium
ORD_0019773,low
ORD_0019774,medium
ORD_0019775,low
ORD_0019776,low
ORD_0019777,low
ORD_0019778,high
ORD_0019779,high
ORD_0019780,low
ORD_0019781,medium
ORD_0019782,medium
ORD_0019783,high
ORD_0019784,low
ORD_0019785,low
ORD_0019786,medium
ORD_0019787,low
ORD_0019788,medium
ORD_0019789,low
ORD_0019790,low
ORD_0019791,low
ORD_0019792,low
ORD_0019793,medium
ORD_0019794,medium
ORD_0019795,low
ORD_0019796,medium
ORD_0019797,high
ORD_0019798,low
ORD_0019799,low
ORD_0019800,high
ORD_0019801,medium
ORD_0019802,low
ORD_0019803,low
ORD_0019804,medium
ORD_0019805,low
ORD_0019806,medium
ORD_0019807,medium
ORD_0019808,low
ORD_0019809,low
ORD_0019810,low
ORD_0019811,low
ORD_0019812,low
ORD_0019813,high
ORD_0019814,low
ORD_0019815,medium
ORD_0019816,high
ORD_0019817,medium
ORD_0019818,low
ORD_0019819,medium
ORD_0019820,medium
ORD_0019821,low
ORD_0019822,low
ORD_0019823,high
ORD_0019824,high
ORD_0019825,low
ORD_0019826,high
ORD_0019827,high
ORD_0019828,medium
ORD_0019829,high
ORD_0019830,low
ORD_0019831,medium
ORD_0019832,low
ORD_0019833,low
ORD_0019834,medium
ORD_0019835,high
ORD_0019836,low
ORD_0019837,high
ORD_0019838,medium
ORD_0019839,low
ORD_0019840,medium
ORD_0019841,medium
ORD_0019842,low
ORD_0019843,medium
ORD_0019844,low
ORD_0019845,low
ORD_0019846,low
ORD_0019847,low
ORD_0019848,low
ORD_0019849,low
ORD_0019850,medium
ORD_0019851,low
ORD_0019852,medium
ORD_0019853,high
ORD_0019854,medium
ORD_0019855,medium
ORD_0019856,medium
ORD_0019857,medium
ORD_0019858,low
ORD_0019859,medium
ORD_0019860,low
ORD_0019861,high
ORD_0019862,low
ORD_0019863,low
ORD_0019864,high
ORD_0019865,medium
ORD_0019866,high
ORD_0019867,high
ORD_0019868,high
ORD_0019869,high
ORD_0019870,medium
ORD_0019871,low
ORD_0019872,low
ORD_0019873,high
ORD_0019874,high
ORD_0019875,medium
ORD_0019876,low
ORD_0019877,low
ORD_0019878,low
ORD_0019879,high
ORD_0019880,low
ORD_0019881,medium
ORD_0019882,low
ORD_0019883,low
ORD_0019884,low
ORD_0019885,high
ORD_0019886,low
ORD_0019887,low
ORD_0019888,high
ORD_0019889,high
ORD_0019890,low
ORD_0019891,low
ORD_0019892,medium
ORD_0019893,high
ORD_0019894,medium
ORD_0019895,high
ORD_0019896,low
ORD_0019897,low
ORD_0019898,low
ORD_0019899,low
ORD_0019900,low
ORD_0019901,medium
ORD_0019902,low
ORD_0019903,low
ORD_0019904,low
ORD_0019905,medium
ORD_0019906,low
ORD_0019907,low
ORD_0019908,medium
ORD_0019909,medium
ORD_0019910,medium
ORD_0019911,medium
ORD_0019912,low
ORD_0019913,low
ORD_0019914,high
ORD_0019915,medium
ORD_0019916,low
ORD_0019917,medium
ORD_0019918,high
ORD_0019919,high
ORD_0019920,low
ORD_0019921,medium
ORD_0019922,high
ORD_0019923,high
ORD_0019924,low
ORD_0019925,high
ORD_0019926,low
ORD_0019927,medium
ORD_0019928,low
ORD_0019929,low
ORD_0019930,low
ORD_0019931,high
ORD_0019932,medium
ORD_0019933,high
ORD_0019934,low
ORD_0019935,low
ORD_0019936,medium
ORD_0019937,low
ORD_0019938,low
ORD_0019939,high
ORD_0019940,high
ORD_0019941,high
ORD_0019942,low
ORD_0019943,low
ORD_0019944,low
ORD_0019945,low
ORD_0019946,medium
ORD_0019947,low
ORD_0019948,low
ORD_0019949,medium
ORD_0019950,high
ORD_0019951,low
ORD_0019952,low
ORD_0019953,medium
ORD_0019954,low
ORD_0019955,medium
ORD_0019956,high
ORD_0019957,low
ORD_0019958,low
ORD_0019959,high
ORD_0019960,low
ORD_0019961,medium
ORD_0019962,low
ORD_0019963,medium
ORD_0019964,high
ORD_0019965,medium
ORD_0019966,low
ORD_0019967,low
ORD_0019968,high
ORD_0019969,high
ORD_0019970,high
ORD_0019971,medium
ORD_0019972,low
ORD_0019973,high
ORD_0019974,medium
ORD_0019975,low
ORD_0019976,medium
ORD_0019977,low
ORD_0019978,low
ORD_0019979,low
ORD_0019980,high
ORD_0019981,low
ORD_0019982,medium
ORD_0019983,medium
ORD_0019984,medium
ORD_0019985,low
ORD_0019986,low
ORD_0019987,high
ORD_0019988,low
ORD_0019989,medium
ORD_0019990,high
ORD_0019991,medium
ORD_0019992,medium
ORD_0019993,high
ORD_0019994,high
ORD_0019995,high
ORD_0019996,high
ORD_0019997,medium
ORD_0019998,low
ORD_0019999,low
ORD_0020000,medium
ORD_0020001,low
ORD_0020002,low
ORD_0020003,low
ORD_0020004,low
ORD_0020005,low
ORD_0020006,low
ORD_0020007,low
ORD_0020008,low
ORD_0020009,high
ORD_0020010,medium
ORD_0020011,high
ORD_0020012,high
ORD_0020013,medium
ORD_0020014,low
ORD_0020015,medium
ORD_0020016,low
ORD_0020017,low
ORD_0020018,medium
ORD_0020019,medium
ORD_0020020,low
ORD_0020021,medium
ORD_0020022,medium
ORD_0020023,low
ORD_0020024,low
ORD_0020025,low
ORD_0020026,high
ORD_0020027,low
ORD_0020028,low
ORD_0020029,low
ORD_0020030,medium
ORD_0020031,high
ORD_0020032,low
ORD_0020033,medium
ORD_0020034,medium
ORD_0020035,low
ORD_0020036,low
ORD_0020037,low
ORD_0020038,low
ORD_0020039,medium
ORD_0020040,low
ORD_0020041,low
ORD_0020042,low
ORD_0020043,low
ORD_0020044,low
ORD_0020045,medium
ORD_0020046,high
ORD_0020047,medium
ORD_0020048,low
ORD_0020049,low
ORD_0020050,low
ORD_0020051,medium
ORD_0020052,low
ORD_0020053,high
ORD_0020054,low
ORD_0020055,high
ORD_0020056,low
ORD_0020057,medium
ORD_0020058,medium
ORD_0020059,low
ORD_0020060,medium
ORD_0020061,low
ORD_0020062,medium
ORD_0020063,high
ORD_0020064,low
ORD_0020065,medium
ORD_0020066,low
ORD_0020067,medium
ORD_0020068,medium
ORD_0020069,medium
ORD_0020070,medium
ORD_0020071,low
ORD_0020072,low
ORD_0020073,medium
ORD_0020074,medium
ORD_0020075,medium
ORD_0020076,low
ORD_0020077,low
ORD_0020078,low
ORD_0020079,low
ORD_0020080,low
ORD_0020081,low
ORD_0020082,medium
ORD_0020083,low
ORD_0020084,low
ORD_0020085,low
ORD_0020086,high
ORD_0020087,low
ORD_0020088,low
ORD_0020089,low
ORD_0020090,low
ORD_0020091,low
ORD_0020092,high
ORD_0020093,low
ORD_0020094,low
ORD_0020095,high
ORD_0020096,low
ORD_0020097,high
ORD_0020098,low
ORD_0020099,medium
ORD_0020100,high
ORD_0020101,high
ORD_0020102,low
ORD_0020103,low
ORD_0020104,medium
ORD_0020105,medium
ORD_0020106,medium
ORD_0020107,low
ORD_0020108,high
ORD_0020109,low
ORD_0020110,low
ORD_0020111,high
ORD_0020112,low
ORD_0020113,medium
ORD_0020114,medium
ORD_0020115,low
ORD_0020116,low
ORD_0020117,high
ORD_0020118,medium
ORD_0020119,low
ORD_0020120,low
ORD_0020121,low
ORD_0020122,low
ORD_0020123,low
ORD_0020124,medium
ORD_0020125,high
ORD_0020126,low
ORD_0020127,low
ORD_0020128,low
ORD_0020129,medium
ORD_0020130,low
ORD_0020131,low
ORD_0020132,low
ORD_0020133,medium
ORD_0020134,low
ORD_0020135,low
ORD_0020136,high
ORD_0020137,low
ORD_0020138,low
ORD_0020139,medium
ORD_0020140,low
ORD_0020141,low
ORD_0020142,low
ORD_0020143,high
ORD_0020144,medium
ORD_0020145,low
ORD_0020146,low
ORD_0020147,low
ORD_0020148,medium
ORD_0020149,medium
ORD_0020150,medium
ORD_0020151,low
ORD_0020152,low
ORD_0020153,medium
ORD_0020154,low
ORD_0020155,low
ORD_0020156,medium
ORD_0020157,high
ORD_0020158,medium
ORD_0020159,high
ORD_0020160,high
ORD_0020161,low
ORD_0020162,high
ORD_0020163,high
ORD_0020164,low
ORD_0020165,medium
ORD_0020166,medium
ORD_0020167,high
ORD_0020168,medium
ORD_0020169,low
ORD_0020170,low
ORD_0020171,high
ORD_0020172,low
ORD_0020173,medium
ORD_0020174,medium
ORD_0020175,low
ORD_0020176,high
ORD_0020177,low
ORD_0020178,low
ORD_0020179,low
ORD_0020180,low
ORD_0020181,low
ORD_0020182,low
ORD_0020183,high
ORD_0020184,high
ORD_0020185,low
ORD_0020186,low
ORD_0020187,low
ORD_0020188,high
ORD_0020189,low
ORD_0020190,medium
ORD_0020191,medium
ORD_0020192,low
ORD_0020193,low
ORD_0020194,medium
ORD_0020195,low
ORD_0020196,low
ORD_0020197,low
ORD_0020198,medium
ORD_0020199,low
ORD_0020200,medium
ORD_0020201,low
ORD_0020202,low
ORD_0020203,low
ORD_0020204,high
ORD_0020205,medium
ORD_0020206,low
ORD_0020207,low
ORD_0020208,medium
ORD_0020209,high
ORD_0020210,low
ORD_0020211,medium
ORD_0020212,low
ORD_0020213,low
ORD_0020214,low
ORD_0020215,high
ORD_0020216,medium
ORD_0020217,high
ORD_0020218,low
ORD_0020219,low
ORD_0020220,low
ORD_0020221,low
ORD_0020222,low
ORD_0020223,low
ORD_0020224,medium
ORD_0020225,low
ORD_0020226,low
ORD_0020227,high
ORD_0020228,low
ORD_0020229,medium
ORD_0020230,low
ORD_0020231,high
ORD_0020232,low
ORD_0020233,medium
ORD_0020234,medium
ORD_0020235,low
ORD_0020236,low
ORD_0020237,low
ORD_0020238,high
ORD_0020239,high
ORD_0020240,high
ORD_0020241,medium
ORD_0020242,low
ORD_0020243,low
ORD_0020244,low
ORD_0020245,medium
ORD_0020246,low
ORD_0020247,high
ORD_0020248,high
ORD_0020249,high
ORD_0020250,low
ORD_0020251,low
ORD_0020252,low
ORD_0020253,medium
ORD_0020254,low
ORD_0020255,high
ORD_0020256,medium
ORD_0020257,high
ORD_0020258,medium
ORD_0020259,low
ORD_0020260,low
ORD_0020261,low
ORD_0020262,low
ORD_0020263,low
ORD_0020264,medium
ORD_0020265,low
ORD_0020266,low
ORD_0020267,high
ORD_0020268,medium
ORD_0020269,medium
ORD_0020270,low
ORD_0020271,medium
ORD_0020272,medium
ORD_0020273,low
ORD_0020274,low
ORD_0020275,medium
ORD_0020276,medium
ORD_0020277,medium
ORD_0020278,medium
ORD_0020279,low
ORD_0020280,high
ORD_0020281,medium
ORD_0020282,high
ORD_0020283,medium
ORD_0020284,high
ORD_0020285,low
ORD_0020286,medium
ORD_0020287,low
ORD_0020288,low
ORD_0020289,medium
ORD_0020290,low
ORD_0020291,low
ORD_0020292,low
ORD_0020293,low
ORD_0020294,medium
ORD_0020295,low
ORD_0020296,medium
ORD_0020297,low
ORD_0020298,low
ORD_0020299,low
ORD_0020300,low
ORD_0020301,medium
ORD_0020302,high
ORD_0020303,low
ORD_0020304,medium
ORD_0020305,medium
ORD_0020306,medium
ORD_0020307,low
ORD_0020308,medium
ORD_0020309,medium
ORD_0020310,high
ORD_0020311,high
ORD_0020312,low
ORD_0020313,high
ORD_0020314,medium
ORD_0020315,medium
ORD_0020316,low
ORD_0020317,medium
ORD_0020318,medium
ORD_0020319,low
ORD_0020320,high
ORD_0020321,low
ORD_0020322,low
ORD_0020323,low
ORD_0020324,high
ORD_0020325,low
ORD_0020326,low
ORD_0020327,low
ORD_0020328,high
ORD_0020329,low
ORD_0020330,medium
ORD_0020331,low
ORD_0020332,low
ORD_0020333,high
ORD_0020334,low
ORD_0020335,low
ORD_0020336,medium
ORD_0020337,high
ORD_0020338,low
ORD_0020339,low
ORD_0020340,medium
ORD_0020341,medium
ORD_0020342,low
ORD_0020343,medium
ORD_0020344,medium
ORD_0020345,medium
ORD_0020346,low
ORD_0020347,low
ORD_0020348,high
ORD_0020349,high
ORD_0020350,high
ORD_0020351,low
ORD_0020352,high
ORD_0020353,high
ORD_0020354,low
ORD_0020355,medium
ORD_0020356,high
ORD_0020357,low
ORD_0020358,low
ORD_0020359,high
ORD_0020360,low
ORD_0020361,low
ORD_0020362,low
ORD_0020363,high
ORD_0020364,low
ORD_0020365,low
ORD_0020366,low
ORD_0020367,medium
ORD_0020368,high
ORD_0020369,medium
ORD_0020370,low
ORD_0020371,low
ORD_0020372,low
ORD_0020373,medium
ORD_0020374,medium
ORD_0020375,medium
ORD_0020376,medium
ORD_0020377,low
ORD_0020378,medium
ORD_0020379,low
ORD_0020380,high
ORD_0020381,low
ORD_0020382,high
ORD_0020383,low
ORD_0020384,low
ORD_0020385,high
ORD_0020386,low
ORD_0020387,medium
ORD_0020388,low
ORD_0020389,low
ORD_0020390,medium
ORD_0020391,medium
ORD_0020392,medium
ORD_0020393,medium
ORD_0020394,medium
ORD_0020395,medium
ORD_0020396,high
ORD_0020397,low
ORD_0020398,low
ORD_0020399,low
ORD_0020400,high
ORD_0020401,low
ORD_0020402,medium
ORD_0020403,high
ORD_0020404,high
ORD_0020405,high
ORD_0020406,low
ORD_0020407,low
ORD_0020408,low
ORD_0020409,low
ORD_0020410,high
ORD_0020411,low
ORD_0020412,low
ORD_0020413,high
ORD_0020414,medium
ORD_0020415,medium
ORD_0020416,low
ORD_0020417,low
ORD_0020418,medium
ORD_0020419,low
ORD_0020420,medium
ORD_0020421,low
ORD_0020422,low
ORD_0020423,low
ORD_0020424,medium
ORD_0020425,high
ORD_0020426,medium
ORD_0020427,low
ORD_0020428,medium
ORD_0020429,low
ORD_0020430,low
ORD_0020431,high
ORD_0020432,low
ORD_0020433,low
ORD_0020434,low
ORD_0020435,low
ORD_0020436,medium
ORD_0020437,low
ORD_0020438,medium
ORD_0020439,low
ORD_0020440,low
ORD_0020441,medium
ORD_0020442,medium
ORD_0020443,medium
ORD_0020444,low
ORD_0020445,low
ORD_0020446,low
ORD_0020447,medium
ORD_0020448,low
ORD_0020449,low
ORD_0020450,low
ORD_0020451,low
ORD_0020452,high
ORD_0020453,low
ORD_0020454,medium
ORD_0020455,low
ORD_0020456,high
ORD_0020457,low
ORD_0020458,medium
ORD_0020459,high
ORD_0020460,low
ORD_0020461,low
ORD_0020462,high
ORD_0020463,low
ORD_0020464,low
ORD_0020465,low
ORD_0020466,low
ORD_0020467,low
ORD_0020468,high
ORD_0020469,low
ORD_0020470,medium
ORD_0020471,low
ORD_0020472,high
ORD_0020473,low
ORD_0020474,low
ORD_0020475,medium
ORD_0020476,medium
ORD_0020477,medium
ORD_0020478,low
ORD_0020479,medium
ORD_0020480,low
ORD_0020481,low
ORD_0020482,medium
ORD_0020483,medium
ORD_0020484,low
ORD_0020485,low
ORD_0020486,low
ORD_0020487,high
ORD_0020488,high
ORD_0020489,low
ORD_0020490,low
ORD_0020491,medium
ORD_0020492,high
ORD_0020493,low
ORD_0020494,medium
ORD_0020495,low
ORD_0020496,low
ORD_0020497,low
ORD_0020498,high
ORD_0020499,low
ORD_0020500,high
ORD_0020501,medium
ORD_0020502,low
ORD_0020503,low
ORD_0020504,low
ORD_0020505,medium
ORD_0020506,medium
ORD_0020507,low
ORD_0020508,low
ORD_0020509,low
ORD_0020510,low
ORD_0020511,medium
ORD_0020512,low
ORD_0020513,low
ORD_0020514,low
ORD_0020515,low
ORD_0020516,low
ORD_0020517,medium
ORD_0020518,low
ORD_0020519,low
ORD_0020520,high
ORD_0020521,medium
ORD_0020522,medium
ORD_0020523,low
ORD_0020524,medium
ORD_0020525,medium
ORD_0020526,low
ORD_0020527,medium
ORD_0020528,medium
ORD_0020529,high
ORD_0020530,medium
ORD_0020531,high
ORD_0020532,low
ORD_0020533,medium
ORD_0020534,low
ORD_0020535,low
ORD_0020536,low
ORD_0020537,low
ORD_0020538,low
ORD_0020539,medium
ORD_0020540,low
ORD_0020541,high
ORD_0020542,medium
ORD_0020543,medium
ORD_0020544,high
ORD_0020545,low
ORD_0020546,low
ORD_0020547,low
ORD_0020548,low
ORD_0020549,medium
ORD_0020550,low
ORD_0020551,medium
ORD_0020552,medium
ORD_0020553,medium
ORD_0020554,medium
ORD_0020555,low
ORD_0020556,low
ORD_0020557,low
ORD_0020558,low
ORD_0020559,low
ORD_0020560,low
ORD_0020561,high
ORD_0020562,medium
ORD_0020563,medium
ORD_0020564,high
ORD_0020565,medium
ORD_0020566,medium
ORD_0020567,low
ORD_0020568,high
ORD_0020569,high
ORD_0020570,medium
ORD_0020571,low
ORD_0020572,low
ORD_0020573,low
ORD_0020574,low
ORD_0020575,low
ORD_0020576,low
ORD_0020577,high
ORD_0020578,low
ORD_0020579,medium
ORD_0020580,low
ORD_0020581,high
ORD_0020582,high
ORD_0020583,high
ORD_0020584,low
ORD_0020585,medium
ORD_0020586,low
ORD_0020587,medium
ORD_0020588,low
ORD_0020589,high
ORD_0020590,medium
ORD_0020591,medium
ORD_0020592,low
ORD_0020593,low
ORD_0020594,low
ORD_0020595,low
ORD_0020596,low
ORD_0020597,medium
ORD_0020598,low
ORD_0020599,high
ORD_0020600,low
ORD_0020601,low
ORD_0020602,low
ORD_0020603,high
ORD_0020604,low
ORD_0020605,high
ORD_0020606,medium
ORD_0020607,low
ORD_0020608,high
ORD_0020609,low
ORD_0020610,low
ORD_0020611,medium
ORD_0020612,low
ORD_0020613,high
ORD_0020614,low
ORD_0020615,low
ORD_0020616,low
ORD_0020617,low
ORD_0020618,low
ORD_0020619,low
ORD_0020620,high
ORD_0020621,high
ORD_0020622,medium
ORD_0020623,low
ORD_0020624,low
ORD_0020625,low
ORD_0020626,low
ORD_0020627,medium
ORD_0020628,low
ORD_0020629,low
ORD_0020630,medium
ORD_0020631,low
ORD_0020632,high
ORD_0020633,medium
ORD_0020634,high
ORD_0020635,low
ORD_0020636,high
ORD_0020637,medium
ORD_0020638,low
ORD_0020639,high
ORD_0020640,high
ORD_0020641,high
ORD_0020642,medium
ORD_0020643,high
ORD_0020644,low
ORD_0020645,low
ORD_0020646,medium
ORD_0020647,low
ORD_0020648,low
ORD_0020649,medium
ORD_0020650,medium
ORD_0020651,low
ORD_0020652,medium
ORD_0020653,medium
ORD_0020654,high
ORD_0020655,low
ORD_0020656,medium
ORD_0020657,low
ORD_0020658,low
ORD_0020659,medium
ORD_0020660,low
ORD_0020661,low
ORD_0020662,low
ORD_0020663,low
ORD_0020664,low
ORD_0020665,low
ORD_0020666,low
ORD_0020667,high
ORD_0020668,medium
ORD_0020669,low
ORD_0020670,medium
ORD_0020671,medium
ORD_0020672,high
ORD_0020673,high
ORD_0020674,low
ORD_0020675,low
ORD_0020676,medium
ORD_0020677,high
ORD_0020678,medium
ORD_0020679,high
ORD_0020680,medium
ORD_0020681,medium
ORD_0020682,low
ORD_0020683,medium
ORD_0020684,medium
ORD_0020685,high
ORD_0020686,high
ORD_0020687,medium
ORD_0020688,medium
ORD_0020689,low
ORD_0020690,low
ORD_0020691,medium
ORD_0020692,medium
ORD_0020693,medium
ORD_0020694,low
ORD_0020695,low
ORD_0020696,high
ORD_0020697,low
ORD_0020698,medium
ORD_0020699,medium
ORD_0020700,low
ORD_0020701,medium
ORD_0020702,medium
ORD_0020703,low
ORD_0020704,medium
ORD_0020705,low
ORD_0020706,medium
ORD_0020707,medium
ORD_0020708,low
ORD_0020709,low
ORD_0020710,medium
ORD_0020711,high
ORD_0020712,low
ORD_0020713,medium
ORD_0020714,medium
ORD_0020715,medium
ORD_0020716,low
ORD_0020717,medium
ORD_0020718,low
ORD_0020719,low
ORD_0020720,low
ORD_0020721,high
ORD_0020722,low
ORD_0020723,medium
ORD_0020724,low
ORD_0020725,low
ORD_0020726,low
ORD_0020727,low
ORD_0020728,high
ORD_0020729,medium
ORD_0020730,high
ORD_0020731,medium
ORD_0020732,medium
ORD_0020733,medium
ORD_0020734,low
ORD_0020735,low
ORD_0020736,low
ORD_0020737,medium
ORD_0020738,medium
ORD_0020739,low
ORD_0020740,high
ORD_0020741,low
ORD_0020742,high
ORD_0020743,low
ORD_0020744,low
ORD_0020745,low
ORD_0020746,high
ORD_0020747,medium
ORD_0020748,low
ORD_0020749,low
ORD_0020750,medium
ORD_0020751,medium
ORD_0020752,medium
ORD_0020753,low
ORD_0020754,high
ORD_0020755,high
ORD_0020756,low
ORD_0020757,medium
ORD_0020758,low
ORD_0020759,high
ORD_0020760,high
ORD_0020761,medium
ORD_0020762,low
ORD_0020763,low
ORD_0020764,medium
ORD_0020765,low
ORD_0020766,low
ORD_0020767,low
ORD_0020768,medium
ORD_0020769,high
ORD_0020770,medium
ORD_0020771,medium
ORD_0020772,low
ORD_0020773,medium
ORD_0020774,low
ORD_0020775,high
ORD_0020776,low
ORD_0020777,high
ORD_0020778,medium
ORD_0020779,medium
ORD_0020780,low
ORD_0020781,low
ORD_0020782,medium
ORD_0020783,low
ORD_0020784,low
ORD_0020785,low
ORD_0020786,low
ORD_0020787,low
ORD_0020788,high
ORD_0020789,low
ORD_0020790,high
ORD_0020791,high
ORD_0020792,low
ORD_0020793,high
ORD_0020794,medium
ORD_0020795,medium
ORD_0020796,low
ORD_0020797,high
ORD_0020798,medium
ORD_0020799,medium
ORD_0020800,low
ORD_0020801,low
ORD_0020802,medium
ORD_0020803,medium
ORD_0020804,low
ORD_0020805,medium
ORD_0020806,low
ORD_0020807,low
ORD_0020808,medium
ORD_0020809,low
ORD_0020810,low
ORD_0020811,low
ORD_0020812,medium
ORD_0020813,low
ORD_0020814,low
ORD_0020815,low
ORD_0020816,low
ORD_0020817,low
ORD_0020818,high
ORD_0020819,medium
ORD_0020820,low
ORD_0020821,high
ORD_0020822,high
ORD_0020823,low
ORD_0020824,medium
ORD_0020825,low
ORD_0020826,low
ORD_0020827,low
ORD_0020828,low
ORD_0020829,low
ORD_0020830,medium
ORD_0020831,low
ORD_0020832,low
ORD_0020833,low
ORD_0020834,medium
ORD_0020835,high
ORD_0020836,low
ORD_0020837,low
ORD_0020838,low
ORD_0020839,medium
ORD_0020840,low
ORD_0020841,medium
ORD_0020842,low
ORD_0020843,low
ORD_0020844,low
ORD_0020845,high
ORD_0020846,low
ORD_0020847,medium
ORD_0020848,low
ORD_0020849,low
ORD_0020850,medium
ORD_0020851,low
ORD_0020852,medium
ORD_0020853,low
ORD_0020854,medium
ORD_0020855,medium
ORD_0020856,high
ORD_0020857,medium
ORD_0020858,low
ORD_0020859,medium
ORD_0020860,high
ORD_0020861,medium
ORD_0020862,high
ORD_0020863,medium
ORD_0020864,medium
ORD_0020865,low
ORD_0020866,low
ORD_0020867,medium
ORD_0020868,low
ORD_0020869,medium
ORD_0020870,medium
ORD_0020871,low
ORD_0020872,medium
ORD_0020873,medium
ORD_0020874,medium
ORD_0020875,medium
ORD_0020876,high
ORD_0020877,low
ORD_0020878,high
ORD_0020879,medium
ORD_0020880,high
ORD_0020881,medium
ORD_0020882,medium
ORD_0020883,low
ORD_0020884,low
ORD_0020885,medium
ORD_0020886,high
ORD_0020887,low
ORD_0020888,medium
ORD_0020889,medium
ORD_0020890,low
ORD_0020891,low
ORD_0020892,high
ORD_0020893,high
ORD_0020894,low
ORD_0020895,low
ORD_0020896,low
ORD_0020897,high
ORD_0020898,low
ORD_0020899,low
ORD_0020900,medium
ORD_0020901,low
ORD_0020902,low
ORD_0020903,low
ORD_0020904,low
ORD_0020905,medium
ORD_0020906,medium
ORD_0020907,medium
ORD_0020908,low
ORD_0020909,medium
ORD_0020910,medium
ORD_0020911,medium
ORD_0020912,low
ORD_0020913,medium
ORD_0020914,medium
ORD_0020915,low
ORD_0020916,low
ORD_0020917,low
ORD_0020918,high
ORD_0020919,high
ORD_0020920,low
ORD_0020921,high
ORD_0020922,high
ORD_0020923,high
ORD_0020924,medium
ORD_0020925,low
ORD_0020926,low
ORD_0020927,medium
ORD_0020928,medium
ORD_0020929,low
ORD_0020930,high
ORD_0020931,medium
ORD_0020932,low
ORD_0020933,medium
ORD_0020934,low
ORD_0020935,low
ORD_0020936,low
ORD_0020937,low
ORD_0020938,medium
ORD_0020939,medium
ORD_0020940,medium
ORD_0020941,high
ORD_0020942,high
ORD_0020943,low
ORD_0020944,low
ORD_0020945,high
ORD_0020946,low
ORD_0020947,low
ORD_0020948,high
ORD_0020949,medium
ORD_0020950,low
ORD_0020951,low
ORD_0020952,low
ORD_0020953,medium
ORD_0020954,medium
ORD_0020955,medium
ORD_0020956,low
ORD_0020957,medium
ORD_0020958,medium
ORD_0020959,high
ORD_0020960,low
ORD_0020961,medium
ORD_0020962,medium
ORD_0020963,low
ORD_0020964,high
ORD_0020965,low
ORD_0020966,low
ORD_0020967,low
ORD_0020968,medium
ORD_0020969,low
ORD_0020970,high
ORD_0020971,high
ORD_0020972,low
ORD_0020973,low
ORD_0020974,low
ORD_0020975,low
ORD_0020976,high
ORD_0020977,low
ORD_0020978,low
ORD_0020979,low
ORD_0020980,low
ORD_0020981,low
ORD_0020982,high
ORD_0020983,low
ORD_0020984,low
ORD_0020985,medium
ORD_0020986,medium
ORD_0020987,low
ORD_0020988,medium
ORD_0020989,low
ORD_0020990,high
ORD_0020991,medium
ORD_0020992,medium
ORD_0020993,low
ORD_0020994,high
ORD_0020995,medium
ORD_0020996,low
ORD_0020997,low
ORD_0020998,medium
ORD_0020999,low
ORD_0021000,low
ORD_0021001,medium
ORD_0021002,low
ORD_0021003,medium
ORD_0021004,low
ORD_0021005,low
ORD_0021006,high
ORD_0021007,medium
ORD_0021008,high
ORD_0021009,low
ORD_0021010,medium
ORD_0021011,low
ORD_0021012,low
ORD_0021013,low
ORD_0021014,medium
ORD_0021015,low
ORD_0021016,medium
ORD_0021017,low
ORD_0021018,low
ORD_0021019,medium
ORD_0021020,high
ORD_0021021,low
ORD_0021022,high
ORD_0021023,low
ORD_0021024,medium
ORD_0021025,low
ORD_0021026,high
ORD_0021027,low
ORD_0021028,low
ORD_0021029,medium
ORD_0021030,low
ORD_0021031,low
ORD_0021032,medium
ORD_0021033,medium
ORD_0021034,low
ORD_0021035,medium
ORD_0021036,low
ORD_0021037,medium
ORD_0021038,high
ORD_0021039,medium
ORD_0021040,low
ORD_0021041,low
ORD_0021042,low
ORD_0021043,medium
ORD_0021044,low
ORD_0021045,low
ORD_0021046,low
ORD_0021047,low
ORD_0021048,low
ORD_0021049,high
ORD_0021050,low
ORD_0021051,high
ORD_0021052,high
ORD_0021053,medium
ORD_0021054,low
ORD_0021055,medium
ORD_0021056,medium
ORD_0021057,low
ORD_0021058,low
ORD_0021059,medium
ORD_0021060,medium
ORD_0021061,low
ORD_0021062,low
ORD_0021063,medium
ORD_0021064,high
ORD_0021065,low
ORD_0021066,low
ORD_0021067,low
ORD_0021068,high
ORD_0021069,medium
ORD_0021070,low
ORD_0021071,low
ORD_0021072,low
ORD_0021073,low
ORD_0021074,medium
ORD_0021075,low
ORD_0021076,low
ORD_0021077,medium
ORD_0021078,high
ORD_0021079,medium
ORD_0021080,low
ORD_0021081,medium
ORD_0021082,medium
ORD_0021083,medium
ORD_0021084,medium
ORD_0021085,low
ORD_0021086,low
ORD_0021087,medium
ORD_0021088,medium
ORD_0021089,low
ORD_0021090,low
ORD_0021091,low
ORD_0021092,high
ORD_0021093,high
ORD_0021094,medium
ORD_0021095,low
ORD_0021096,low
ORD_0021097,low
ORD_0021098,medium
ORD_0021099,high
ORD_0021100,low
ORD_0021101,low
ORD_0021102,high
ORD_0021103,medium
ORD_0021104,low
ORD_0021105,high
ORD_0021106,medium
ORD_0021107,high
ORD_0021108,medium
ORD_0021109,medium
ORD_0021110,medium
ORD_0021111,low
ORD_0021112,high
ORD_0021113,medium
ORD_0021114,low
ORD_0021115,medium
ORD_0021116,low
ORD_0021117,low
ORD_0021118,medium
ORD_0021119,medium
ORD_0021120,low
ORD_0021121,medium
ORD_0021122,medium
ORD_0021123,low
ORD_0021124,low
ORD_0021125,high
ORD_0021126,medium
ORD_0021127,low
ORD_0021128,medium
ORD_0021129,medium
ORD_0021130,low
ORD_0021131,medium
ORD_0021132,low
ORD_0021133,low
ORD_0021134,low
ORD_0021135,low
ORD_0021136,low
ORD_0021137,low
ORD_0021138,low
ORD_0021139,low
ORD_0021140,low
ORD_0021141,low
ORD_0021142,medium
ORD_0021143,medium
ORD_0021144,low
ORD_0021145,low
ORD_0021146,medium
ORD_0021147,low
ORD_0021148,low
ORD_0021149,low
ORD_0021150,medium
ORD_0021151,high
ORD_0021152,low
ORD_0021153,low
ORD_0021154,medium
ORD_0021155,low
ORD_0021156,medium
ORD_0021157,low
ORD_0021158,medium
ORD_0021159,high
ORD_0021160,low
ORD_0021161,medium
ORD_0021162,low
ORD_0021163,low
ORD_0021164,low
ORD_0021165,low
ORD_0021166,high
ORD_0021167,medium
ORD_0021168,low
ORD_0021169,low
ORD_0021170,medium
ORD_0021171,low
ORD_0021172,medium
ORD_0021173,low
ORD_0021174,high
ORD_0021175,medium
ORD_0021176,high
ORD_0021177,low
ORD_0021178,medium
ORD_0021179,low
ORD_0021180,medium
ORD_0021181,low
ORD_0021182,low
ORD_0021183,low
ORD_0021184,medium
ORD_0021185,high
ORD_0021186,low
ORD_0021187,medium
ORD_0021188,low
ORD_0021189,low
ORD_0021190,low
ORD_0021191,medium
ORD_0021192,medium
ORD_0021193,medium
ORD_0021194,medium
ORD_0021195,low
ORD_0021196,medium
ORD_0021197,medium
ORD_0021198,medium
ORD_0021199,high
ORD_0021200,low
ORD_0021201,high
ORD_0021202,low
ORD_0021203,high
ORD_0021204,low
ORD_0021205,low
ORD_0021206,low
ORD_0021207,low
ORD_0021208,high
ORD_0021209,low
ORD_0021210,low
ORD_0021211,low
ORD_0021212,low
ORD_0021213,low
ORD_0021214,medium
ORD_0021215,low
ORD_0021216,high
ORD_0021217,medium
ORD_0021218,high
ORD_0021219,low
ORD_0021220,medium
ORD_0021221,low
ORD_0021222,medium
ORD_0021223,high
ORD_0021224,low
ORD_0021225,low
ORD_0021226,low
ORD_0021227,low
ORD_0021228,medium
ORD_0021229,low
ORD_0021230,low
ORD_0021231,medium
ORD_0021232,low
ORD_0021233,low
ORD_0021234,medium
ORD_0021235,high
ORD_0021236,medium
ORD_0021237,low
ORD_0021238,low
ORD_0021239,medium
ORD_0021240,low
ORD_0021241,high
ORD_0021242,low
ORD_0021243,low
ORD_0021244,high
ORD_0021245,low
ORD_0021246,medium
ORD_0021247,medium
ORD_0021248,low
ORD_0021249,medium
ORD_0021250,low
ORD_0021251,low
ORD_0021252,low
ORD_0021253,medium
ORD_0021254,high
ORD_0021255,low
ORD_0021256,medium
ORD_0021257,low
ORD_0021258,medium
ORD_0021259,high
ORD_0021260,low
ORD_0021261,low
ORD_0021262,medium
ORD_0021263,low
ORD_0021264,low
ORD_0021265,low
ORD_0021266,medium
ORD_0021267,medium
ORD_0021268,low
ORD_0021269,low
ORD_0021270,medium
ORD_0021271,high
ORD_0021272,low
ORD_0021273,low
ORD_0021274,low
ORD_0021275,low
ORD_0021276,medium
ORD_0021277,high
ORD_0021278,medium
ORD_0021279,low
ORD_0021280,medium
ORD_0021281,low
ORD_0021282,medium
ORD_0021283,low
ORD_0021284,low
ORD_0021285,medium
ORD_0021286,medium
ORD_0021287,high
ORD_0021288,medium
ORD_0021289,medium
ORD_0021290,high
ORD_0021291,high
ORD_0021292,high
ORD_0021293,low
ORD_0021294,low
ORD_0021295,low
ORD_0021296,high
ORD_0021297,high
ORD_0021298,high
ORD_0021299,low
ORD_0021300,low
ORD_0021301,high
ORD_0021302,medium
ORD_0021303,medium
ORD_0021304,medium
ORD_0021305,medium
ORD_0021306,high
ORD_0021307,low
ORD_0021308,high
ORD_0021309,low
ORD_0021310,high
ORD_0021311,high
ORD_0021312,low
ORD_0021313,medium
ORD_0021314,medium
ORD_0021315,medium
ORD_0021316,low
ORD_0021317,low
ORD_0021318,low
ORD_0021319,medium
ORD_0021320,medium
ORD_0021321,low
ORD_0021322,high
ORD_0021323,medium
ORD_0021324,medium
ORD_0021325,high
ORD_0021326,low
ORD_0021327,low
ORD_0021328,low
ORD_0021329,low
ORD_0021330,low
ORD_0021331,low
ORD_0021332,low
ORD_0021333,medium
ORD_0021334,low
ORD_0021335,medium
ORD_0021336,medium
ORD_0021337,medium
ORD_0021338,medium
ORD_0021339,low
ORD_0021340,high
ORD_0021341,high
ORD_0021342,high
ORD_0021343,low
ORD_0021344,low
ORD_0021345,medium
ORD_0021346,low
ORD_0021347,low
ORD_0021348,medium
ORD_0021349,low
ORD_0021350,low
ORD_0021351,high
ORD_0021352,low
ORD_0021353,high
ORD_0021354,low
ORD_0021355,medium
ORD_0021356,medium
ORD_0021357,medium
ORD_0021358,low
ORD_0021359,low
ORD_0021360,high
ORD_0021361,medium
ORD_0021362,low
ORD_0021363,low
ORD_0021364,high
ORD_0021365,low
ORD_0021366,low
ORD_0021367,medium
ORD_0021368,low
ORD_0021369,medium
ORD_0021370,high
ORD_0021371,high
ORD_0021372,medium
ORD_0021373,low
ORD_0021374,high
ORD_0021375,medium
ORD_0021376,low
ORD_0021377,low
ORD_0021378,medium
ORD_0021379,high
ORD_0021380,low
ORD_0021381,high
ORD_0021382,low
ORD_0021383,high
ORD_0021384,high
ORD_0021385,medium
ORD_0021386,low
ORD_0021387,medium
ORD_0021388,low
ORD_0021389,high
ORD_0021390,high
ORD_0021391,low
ORD_0021392,low
ORD_0021393,low
ORD_0021394,low
ORD_0021395,high
ORD_0021396,low
ORD_0021397,medium
ORD_0021398,low
ORD_0021399,low
ORD_0021400,medium
ORD_0021401,medium
ORD_0021402,low
ORD_0021403,high
ORD_0021404,low
ORD_0021405,medium
ORD_0021406,medium
ORD_0021407,low
ORD_0021408,medium
ORD_0021409,low
ORD_0021410,low
ORD_0021411,low
ORD_0021412,low
ORD_0021413,medium
ORD_0021414,low
ORD_0021415,low
ORD_0021416,medium
ORD_0021417,low
ORD_0021418,low
ORD_0021419,low
ORD_0021420,low
ORD_0021421,low
ORD_0021422,high
ORD_0021423,medium
ORD_0021424,low
ORD_0021425,low
ORD_0021426,low
ORD_0021427,low
ORD_0021428,high
ORD_0021429,low
ORD_0021430,low
ORD_0021431,high
ORD_0021432,low
ORD_0021433,low
ORD_0021434,medium
ORD_0021435,low
ORD_0021436,high
ORD_0021437,low
ORD_0021438,medium
ORD_0021439,medium
ORD_0021440,medium
ORD_0021441,low
ORD_0021442,medium
ORD_0021443,low
ORD_0021444,medium
ORD_0021445,high
ORD_0021446,low
ORD_0021447,low
ORD_0021448,low
ORD_0021449,medium
ORD_0021450,medium
ORD_0021451,low
ORD_0021452,low
ORD_0021453,low
ORD_0021454,low
ORD_0021455,medium
ORD_0021456,low
ORD_0021457,medium
ORD_0021458,low
ORD_0021459,low
ORD_0021460,low
ORD_0021461,high
ORD_0021462,medium
ORD_0021463,low
ORD_0021464,low
ORD_0021465,low
ORD_0021466,medium
ORD_0021467,low
ORD_0021468,medium
ORD_0021469,high
ORD_0021470,medium
ORD_0021471,low
ORD_0021472,high
ORD_0021473,low
ORD_0021474,low
ORD_0021475,high
ORD_0021476,high
ORD_0021477,high
ORD_0021478,high
ORD_0021479,low
ORD_0021480,medium
ORD_0021481,low
ORD_0021482,medium
ORD_0021483,medium
ORD_0021484,medium
ORD_0021485,low
ORD_0021486,medium
ORD_0021487,low
ORD_0021488,low
ORD_0021489,high
ORD_0021490,low
ORD_0021491,medium
ORD_0021492,medium
ORD_0021493,low
ORD_0021494,low
ORD_0021495,high
ORD_0021496,low
ORD_0021497,high
ORD_0021498,low
ORD_0021499,medium
ORD_0021500,low
ORD_0021501,low
ORD_0021502,low
ORD_0021503,low
ORD_0021504,low
ORD_0021505,low
ORD_0021506,high
ORD_0021507,high
ORD_0021508,low
ORD_0021509,low
ORD_0021510,low
ORD_0021511,low
ORD_0021512,low
ORD_0021513,medium
ORD_0021514,high
ORD_0021515,medium
ORD_0021516,high
ORD_0021517,low
ORD_0021518,high
ORD_0021519,medium
ORD_0021520,low
ORD_0021521,high
ORD_0021522,low
ORD_0021523,low
ORD_0021524,low
ORD_0021525,low
ORD_0021526,low
ORD_0021527,medium
ORD_0021528,medium
ORD_0021529,low
ORD_0021530,medium
ORD_0021531,low
ORD_0021532,high
ORD_0021533,low
ORD_0021534,high
ORD_0021535,low
ORD_0021536,low
ORD_0021537,medium
ORD_0021538,low
ORD_0021539,medium
ORD_0021540,low
ORD_0021541,low
ORD_0021542,medium
ORD_0021543,medium
ORD_0021544,medium
ORD_0021545,high
ORD_0021546,medium
ORD_0021547,medium
ORD_0021548,low
ORD_0021549,low
ORD_0021550,low
ORD_0021551,high
ORD_0021552,low
ORD_0021553,high
ORD_0021554,high
ORD_0021555,high
ORD_0021556,low
ORD_0021557,low
ORD_0021558,medium
ORD_0021559,low
ORD_0021560,medium
ORD_0021561,low
ORD_0021562,medium
ORD_0021563,high
ORD_0021564,high
ORD_0021565,low
ORD_0021566,medium
ORD_0021567,high
ORD_0021568,low
ORD_0021569,low
ORD_0021570,high
ORD_0021571,medium
ORD_0021572,low
ORD_0021573,medium
ORD_0021574,high
ORD_0021575,medium
ORD_0021576,low
ORD_0021577,low
ORD_0021578,high
ORD_0021579,low
ORD_0021580,medium
ORD_0021581,medium
ORD_0021582,medium
ORD_0021583,low
ORD_0021584,high
ORD_0021585,low
ORD_0021586,medium
ORD_0021587,high
ORD_0021588,low
ORD_0021589,medium
ORD_0021590,high
ORD_0021591,medium
ORD_0021592,low
ORD_0021593,low
ORD_0021594,medium
ORD_0021595,low
ORD_0021596,low
ORD_0021597,low
ORD_0021598,low
ORD_0021599,high
ORD_0021600,high
ORD_0021601,high
ORD_0021602,low
ORD_0021603,low
ORD_0021604,medium
ORD_0021605,low
ORD_0021606,medium
ORD_0021607,low
ORD_0021608,low
ORD_0021609,medium
ORD_0021610,low
ORD_0021611,low
ORD_0021612,low
ORD_0021613,low
ORD_0021614,medium
ORD_0021615,low
ORD_0021616,high
ORD_0021617,low
ORD_0021618,medium
ORD_0021619,medium
ORD_0021620,low
ORD_0021621,medium
ORD_0021622,low
ORD_0021623,high
ORD_0021624,low
ORD_0021625,medium
ORD_0021626,low
ORD_0021627,low
ORD_0021628,medium
ORD_0021629,medium
ORD_0021630,medium
ORD_0021631,low
ORD_0021632,low
ORD_0021633,low
ORD_0021634,high
ORD_0021635,low
ORD_0021636,low
ORD_0021637,low
ORD_0021638,high
ORD_0021639,medium
ORD_0021640,low
ORD_0021641,medium
ORD_0021642,low
ORD_0021643,low
ORD_0021644,low
ORD_0021645,low
ORD_0021646,medium
ORD_0021647,low
ORD_0021648,low
ORD_0021649,medium
ORD_0021650,medium
ORD_0021651,low
ORD_0021652,low
ORD_0021653,medium
ORD_0021654,low
ORD_0021655,medium
ORD_0021656,high
ORD_0021657,high
ORD_0021658,medium
ORD_0021659,high
ORD_0021660,medium
ORD_0021661,low
ORD_0021662,low
ORD_0021663,medium
ORD_0021664,low
ORD_0021665,low
ORD_0021666,low
ORD_0021667,low
ORD_0021668,high
ORD_0021669,low
ORD_0021670,medium
ORD_0021671,medium
ORD_0021672,low
ORD_0021673,low
ORD_0021674,low
ORD_0021675,high
ORD_0021676,medium
ORD_0021677,low
ORD_0021678,low
ORD_0021679,low
ORD_0021680,low
ORD_0021681,low
ORD_0021682,medium
ORD_0021683,low
ORD_0021684,medium
ORD_0021685,low
ORD_0021686,low
ORD_0021687,low
ORD_0021688,low
ORD_0021689,medium
ORD_0021690,medium
ORD_0021691,high
ORD_0021692,medium
ORD_0021693,medium
ORD_0021694,low
ORD_0021695,high
ORD_0021696,low
ORD_0021697,low
ORD_0021698,low
ORD_0021699,high
ORD_0021700,medium
ORD_0021701,low
ORD_0021702,low
ORD_0021703,low
ORD_0021704,low
ORD_0021705,medium
ORD_0021706,medium
ORD_0021707,high
ORD_0021708,high
ORD_0021709,medium
ORD_0021710,low
ORD_0021711,medium
ORD_0021712,low
ORD_0021713,low
ORD_0021714,low
ORD_0021715,low
ORD_0021716,medium
ORD_0021717,medium
ORD_0021718,high
ORD_0021719,low
ORD_0021720,low
ORD_0021721,medium
ORD_0021722,high
ORD_0021723,low
ORD_0021724,low
ORD_0021725,low
ORD_0021726,low
ORD_0021727,high
ORD_0021728,low
ORD_0021729,low
ORD_0021730,low
ORD_0021731,high
ORD_0021732,high
ORD_0021733,low
ORD_0021734,medium
ORD_0021735,high
ORD_0021736,high
ORD_0021737,low
ORD_0021738,high
ORD_0021739,medium
ORD_0021740,high
ORD_0021741,medium
ORD_0021742,medium
ORD_0021743,low
ORD_0021744,medium
ORD_0021745,low
ORD_0021746,low
ORD_0021747,low
ORD_0021748,low
ORD_0021749,medium
ORD_0021750,low
ORD_0021751,low
ORD_0021752,medium
ORD_0021753,high
ORD_0021754,medium
ORD_0021755,medium
ORD_0021756,low
ORD_0021757,high
ORD_0021758,medium
ORD_0021759,low
ORD_0021760,medium
ORD_0021761,low
ORD_0021762,low
ORD_0021763,medium
ORD_0021764,low
ORD_0021765,low
ORD_0021766,low
ORD_0021767,medium
ORD_0021768,high
ORD_0021769,high
ORD_0021770,high
ORD_0021771,medium
ORD_0021772,low
ORD_0021773,low
ORD_0021774,low
ORD_0021775,medium
ORD_0021776,low
ORD_0021777,high
ORD_0021778,medium
ORD_0021779,high
ORD_0021780,low
ORD_0021781,medium
ORD_0021782,low
ORD_0021783,high
ORD_0021784,high
ORD_0021785,low
ORD_0021786,low
ORD_0021787,high
ORD_0021788,low
ORD_0021789,low
ORD_0021790,medium
ORD_0021791,low
ORD_0021792,low
ORD_0021793,high
ORD_0021794,high
ORD_0021795,low
ORD_0021796,low
ORD_0021797,medium
ORD_0021798,low
ORD_0021799,low
ORD_0021800,low
ORD_0021801,low
ORD_0021802,medium
ORD_0021803,high
ORD_0021804,low
ORD_0021805,high
ORD_0021806,high
ORD_0021807,low
ORD_0021808,low
ORD_0021809,low
ORD_0021810,low
ORD_0021811,low
ORD_0021812,high
ORD_0021813,high
ORD_0021814,low
ORD_0021815,medium
ORD_0021816,medium
ORD_0021817,high
ORD_0021818,low
ORD_0021819,low
ORD_0021820,medium
ORD_0021821,low
ORD_0021822,medium
ORD_0021823,low
ORD_0021824,medium
ORD_0021825,low
ORD_0021826,high
ORD_0021827,low
ORD_0021828,low
ORD_0021829,medium
ORD_0021830,medium
ORD_0021831,medium
ORD_0021832,high
ORD_0021833,low
ORD_0021834,low
ORD_0021835,low
ORD_0021836,low
ORD_0021837,low
ORD_0021838,low
ORD_0021839,low
ORD_0021840,medium
ORD_0021841,medium
ORD_0021842,medium
ORD_0021843,low
ORD_0021844,low
ORD_0021845,low
ORD_0021846,high
ORD_0021847,medium
ORD_0021848,medium
ORD_0021849,low
ORD_0021850,high
ORD_0021851,medium
ORD_0021852,high
ORD_0021853,low
ORD_0021854,low
ORD_0021855,low
ORD_0021856,low
ORD_0021857,low
ORD_0021858,low
ORD_0021859,low
ORD_0021860,low
ORD_0021861,low
ORD_0021862,medium
ORD_0021863,high
ORD_0021864,medium
ORD_0021865,low
ORD_0021866,high
ORD_0021867,medium
ORD_0021868,medium
ORD_0021869,high
ORD_0021870,medium
ORD_0021871,medium
ORD_0021872,low
ORD_0021873,medium
ORD_0021874,high
ORD_0021875,high
ORD_0021876,medium
ORD_0021877,low
ORD_0021878,high
ORD_0021879,low
ORD_0021880,low
ORD_0021881,low
ORD_0021882,high
ORD_0021883,medium
ORD_0021884,low
ORD_0021885,low
ORD_0021886,low
ORD_0021887,medium
ORD_0021888,low
ORD_0021889,medium
ORD_0021890,low
ORD_0021891,medium
ORD_0021892,low
ORD_0021893,low
ORD_0021894,low
ORD_0021895,low
ORD_0021896,low
ORD_0021897,medium
ORD_0021898,medium
ORD_0021899,low
ORD_0021900,low
ORD_0021901,high
ORD_0021902,low
ORD_0021903,high
ORD_0021904,medium
ORD_0021905,low
ORD_0021906,low
ORD_0021907,low
ORD_0021908,low
ORD_0021909,low
ORD_0021910,low
ORD_0021911,low
ORD_0021912,medium
ORD_0021913,low
ORD_0021914,low
ORD_0021915,medium
ORD_0021916,low
ORD_0021917,low
ORD_0021918,low
ORD_0021919,high
ORD_0021920,medium
ORD_0021921,low
ORD_0021922,high
ORD_0021923,high
ORD_0021924,medium
ORD_0021925,medium
ORD_0021926,low
ORD_0021927,low
ORD_0021928,low
ORD_0021929,medium
ORD_0021930,medium
ORD_0021931,medium
ORD_0021932,low
ORD_0021933,low
ORD_0021934,medium
ORD_0021935,high
ORD_0021936,medium
ORD_0021937,medium
ORD_0021938,low
ORD_0021939,medium
ORD_0021940,high
ORD_0021941,medium
ORD_0021942,low
ORD_0021943,low
ORD_0021944,low
ORD_0021945,low
ORD_0021946,low
ORD_0021947,medium
ORD_0021948,low
ORD_0021949,low
ORD_0021950,medium
ORD_0021951,medium
ORD_0021952,low
ORD_0021953,low
ORD_0021954,low
ORD_0021955,low
ORD_0021956,medium
ORD_0021957,low
ORD_0021958,low
ORD_0021959,high
ORD_0021960,low
ORD_0021961,medium
ORD_0021962,low
ORD_0021963,low
ORD_0021964,high
ORD_0021965,low
ORD_0021966,low
ORD_0021967,low
ORD_0021968,low
ORD_0021969,high
ORD_0021970,medium
ORD_0021971,low
ORD_0021972,medium
ORD_0021973,high
ORD_0021974,high
ORD_0021975,medium
ORD_0021976,high
ORD_0021977,medium
ORD_0021978,medium
ORD_0021979,medium
ORD_0021980,high
ORD_0021981,low
ORD_0021982,high
ORD_0021983,low
ORD_0021984,low
ORD_0021985,low
ORD_0021986,high
ORD_0021987,low
ORD_0021988,low
ORD_0021989,medium
ORD_0021990,high
ORD_0021991,low
ORD_0021992,low
ORD_0021993,medium
ORD_0021994,low
ORD_0021995,low
ORD_0021996,medium
ORD_0021997,high
ORD_0021998,high
ORD_0021999,low
ORD_0022000,low
ORD_0022001,medium
ORD_0022002,low
ORD_0022003,low
ORD_0022004,low
ORD_0022005,low
ORD_0022006,medium
ORD_0022007,low
ORD_0022008,medium
ORD_0022009,high
ORD_0022010,low
ORD_0022011,medium
ORD_0022012,medium
ORD_0022013,medium
ORD_0022014,high
ORD_0022015,low
ORD_0022016,low
ORD_0022017,low
ORD_0022018,low
ORD_0022019,low
ORD_0022020,low
ORD_0022021,high
ORD_0022022,low
ORD_0022023,low
ORD_0022024,high
ORD_0022025,medium
ORD_0022026,medium
ORD_0022027,high
ORD_0022028,medium
ORD_0022029,low
ORD_0022030,low
ORD_0022031,medium
ORD_0022032,low
ORD_0022033,low
ORD_0022034,medium
ORD_0022035,medium
ORD_0022036,high
ORD_0022037,low
ORD_0022038,high
ORD_0022039,low
ORD_0022040,medium
ORD_0022041,low
ORD_0022042,high
ORD_0022043,medium
ORD_0022044,medium
ORD_0022045,high
ORD_0022046,low
ORD_0022047,medium
ORD_0022048,medium
ORD_0022049,low
ORD_0022050,low
ORD_0022051,low
ORD_0022052,low
ORD_0022053,low
ORD_0022054,high
ORD_0022055,low
ORD_0022056,high
ORD_0022057,medium
ORD_0022058,low
ORD_0022059,low
ORD_0022060,low
ORD_0022061,low
ORD_0022062,low
ORD_0022063,low
ORD_0022064,low
ORD_0022065,high
ORD_0022066,low
ORD_0022067,high
ORD_0022068,low
ORD_0022069,low
ORD_0022070,low
ORD_0022071,high
ORD_0022072,low
ORD_0022073,low
ORD_0022074,medium
ORD_0022075,high
ORD_0022076,low
ORD_0022077,low
ORD_0022078,medium
ORD_0022079,medium
ORD_0022080,low
ORD_0022081,low
ORD_0022082,low
ORD_0022083,low
ORD_0022084,low
ORD_0022085,low
ORD_0022086,low
ORD_0022087,medium
ORD_0022088,high
ORD_0022089,medium
ORD_0022090,low
ORD_0022091,high
ORD_0022092,medium
ORD_0022093,high
ORD_0022094,low
ORD_0022095,low
ORD_0022096,medium
ORD_0022097,medium
ORD_0022098,medium
ORD_0022099,low
ORD_0022100,low
ORD_0022101,low
ORD_0022102,low
ORD_0022103,medium
ORD_0022104,low
ORD_0022105,high
ORD_0022106,medium
ORD_0022107,high
ORD_0022108,medium
ORD_0022109,low
ORD_0022110,medium
ORD_0022111,low
ORD_0022112,medium
ORD_0022113,high
ORD_0022114,low
ORD_0022115,high
ORD_0022116,low
ORD_0022117,low
ORD_0022118,medium
ORD_0022119,medium
ORD_0022120,low
ORD_0022121,medium
ORD_0022122,medium
ORD_0022123,low
ORD_0022124,low
ORD_0022125,medium
ORD_0022126,high
ORD_0022127,medium
ORD_0022128,high
ORD_0022129,medium
ORD_0022130,medium
ORD_0022131,medium
ORD_0022132,low
ORD_0022133,high
ORD_0022134,low
ORD_0022135,high
ORD_0022136,medium
ORD_0022137,low
ORD_0022138,low
ORD_0022139,low
ORD_0022140,high
ORD_0022141,low
ORD_0022142,low
ORD_0022143,medium
ORD_0022144,low
ORD_0022145,medium
ORD_0022146,high
ORD_0022147,medium
ORD_0022148,low
ORD_0022149,low
ORD_0022150,high
ORD_0022151,low
ORD_0022152,low
ORD_0022153,low
ORD_0022154,low
ORD_0022155,medium
ORD_0022156,medium
ORD_0022157,medium
ORD_0022158,low
ORD_0022159,medium
ORD_0022160,high
ORD_0022161,low
ORD_0022162,low
ORD_0022163,high
ORD_0022164,low
ORD_0022165,high
ORD_0022166,low
ORD_0022167,low
ORD_0022168,low
ORD_0022169,high
ORD_0022170,low
ORD_0022171,medium
ORD_0022172,medium
ORD_0022173,medium
ORD_0022174,high
ORD_0022175,low
ORD_0022176,low
ORD_0022177,low
ORD_0022178,low
ORD_0022179,low
ORD_0022180,low
ORD_0022181,medium
ORD_0022182,high
ORD_0022183,high
ORD_0022184,low
ORD_0022185,low
ORD_0022186,low
ORD_0022187,high
ORD_0022188,medium
ORD_0022189,medium
ORD_0022190,high
ORD_0022191,low
ORD_0022192,medium
ORD_0022193,low
ORD_0022194,medium
ORD_0022195,medium
ORD_0022196,medium
ORD_0022197,high
ORD_0022198,low
ORD_0022199,medium
ORD_0022200,high
ORD_0022201,medium
ORD_0022202,low
ORD_0022203,high
ORD_0022204,high
ORD_0022205,medium
ORD_0022206,medium
ORD_0022207,high
ORD_0022208,low
ORD_0022209,medium
ORD_0022210,high
ORD_0022211,low
ORD_0022212,low
ORD_0022213,low
ORD_0022214,low
ORD_0022215,high
ORD_0022216,low
ORD_0022217,high
ORD_0022218,low
ORD_0022219,high
ORD_0022220,low
ORD_0022221,medium
ORD_0022222,medium
ORD_0022223,high
ORD_0022224,low
ORD_0022225,low
ORD_0022226,high
ORD_0022227,low
ORD_0022228,low
ORD_0022229,medium
ORD_0022230,high
ORD_0022231,low
ORD_0022232,high
ORD_0022233,low
ORD_0022234,high
ORD_0022235,high
ORD_0022236,low
ORD_0022237,low
ORD_0022238,low
ORD_0022239,medium
ORD_0022240,low
ORD_0022241,low
ORD_0022242,high
ORD_0022243,low
ORD_0022244,low
ORD_0022245,medium
ORD_0022246,high
ORD_0022247,low
ORD_0022248,low
ORD_0022249,medium
ORD_0022250,high
ORD_0022251,high
ORD_0022252,low
ORD_0022253,low
ORD_0022254,low
ORD_0022255,low
ORD_0022256,high
ORD_0022257,low
ORD_0022258,low
ORD_0022259,low
ORD_0022260,low
ORD_0022261,low
ORD_0022262,medium
ORD_0022263,low
ORD_0022264,low
ORD_0022265,high
ORD_0022266,low
ORD_0022267,medium
ORD_0022268,medium
ORD_0022269,high
ORD_0022270,medium
ORD_0022271,medium
ORD_0022272,low
ORD_0022273,high
ORD_0022274,high
ORD_0022275,medium
ORD_0022276,medium
ORD_0022277,medium
ORD_0022278,high
ORD_0022279,medium
ORD_0022280,high
ORD_0022281,low
ORD_0022282,high
ORD_0022283,low
ORD_0022284,low
ORD_0022285,medium
ORD_0022286,low
ORD_0022287,medium
ORD_0022288,medium
ORD_0022289,low
ORD_0022290,low
ORD_0022291,high
ORD_0022292,low
ORD_0022293,high
ORD_0022294,low
ORD_0022295,low
ORD_0022296,medium
ORD_0022297,high
ORD_0022298,low
ORD_0022299,low
ORD_0022300,medium
ORD_0022301,medium
ORD_0022302,low
ORD_0022303,low
ORD_0022304,high
ORD_0022305,low
ORD_0022306,medium
ORD_0022307,low
ORD_0022308,high
ORD_0022309,medium
ORD_0022310,medium
ORD_0022311,medium
ORD_0022312,low
ORD_0022313,low
ORD_0022314,medium
ORD_0022315,medium
ORD_0022316,high
ORD_0022317,low
ORD_0022318,low
ORD_0022319,high
ORD_0022320,medium
ORD_0022321,low
ORD_0022322,medium
ORD_0022323,low
ORD_0022324,low
ORD_0022325,high
ORD_0022326,low
ORD_0022327,low
ORD_0022328,low
ORD_0022329,low
ORD_0022330,high
ORD_0022331,medium
ORD_0022332,low
ORD_0022333,medium
ORD_0022334,low
ORD_0022335,medium
ORD_0022336,low
ORD_0022337,low
ORD_0022338,high
ORD_0022339,low
ORD_0022340,low
ORD_0022341,low
ORD_0022342,medium
ORD_0022343,medium
ORD_0022344,low
ORD_0022345,medium
ORD_0022346,low
ORD_0022347,high
ORD_0022348,high
ORD_0022349,low
ORD_0022350,medium
ORD_0022351,medium
ORD_0022352,low
ORD_0022353,medium
ORD_0022354,low
ORD_0022355,low
ORD_0022356,low
ORD_0022357,medium
ORD_0022358,medium
ORD_0022359,medium
ORD_0022360,low
ORD_0022361,low
ORD_0022362,low
ORD_0022363,low
ORD_0022364,low
ORD_0022365,medium
ORD_0022366,low
ORD_0022367,high
ORD_0022368,low
ORD_0022369,medium
ORD_0022370,low
ORD_0022371,medium
ORD_0022372,low
ORD_0022373,low
ORD_0022374,high
ORD_0022375,low
ORD_0022376,low
ORD_0022377,low
ORD_0022378,medium
ORD_0022379,medium
ORD_0022380,low
ORD_0022381,low
ORD_0022382,low
ORD_0022383,medium
ORD_0022384,low
ORD_0022385,low
ORD_0022386,low
ORD_0022387,low
ORD_0022388,low
ORD_0022389,medium
ORD_0022390,low
ORD_0022391,low
ORD_0022392,medium
ORD_0022393,low
ORD_0022394,medium
ORD_0022395,high
ORD_0022396,low
ORD_0022397,low
ORD_0022398,low
ORD_0022399,low
ORD_0022400,medium
ORD_0022401,low
ORD_0022402,medium
ORD_0022403,low
ORD_0022404,medium
ORD_0022405,medium
ORD_0022406,high
ORD_0022407,low
ORD_0022408,low
ORD_0022409,low
ORD_0022410,low
ORD_0022411,low
ORD_0022412,medium
ORD_0022413,medium
ORD_0022414,medium
ORD_0022415,medium
ORD_0022416,high
ORD_0022417,low
ORD_0022418,low
ORD_0022419,low
ORD_0022420,low
ORD_0022421,high
ORD_0022422,medium
ORD_0022423,low
ORD_0022424,medium
ORD_0022425,low
ORD_0022426,low
ORD_0022427,low
ORD_0022428,low
ORD_0022429,medium
ORD_0022430,high
ORD_0022431,low
ORD_0022432,low
ORD_0022433,low
ORD_0022434,low
ORD_0022435,medium
ORD_0022436,low
ORD_0022437,low
ORD_0022438,low
ORD_0022439,medium
ORD_0022440,low
ORD_0022441,high
ORD_0022442,high
ORD_0022443,low
ORD_0022444,low
ORD_0022445,medium
ORD_0022446,low
ORD_0022447,low
ORD_0022448,low
ORD_0022449,high
ORD_0022450,low
ORD_0022451,low
ORD_0022452,low
ORD_0022453,low
ORD_0022454,low
ORD_0022455,low
ORD_0022456,medium
ORD_0022457,low
ORD_0022458,high
ORD_0022459,low
ORD_0022460,medium
ORD_0022461,medium
ORD_0022462,medium
ORD_0022463,high
ORD_0022464,high
ORD_0022465,medium
ORD_0022466,low
ORD_0022467,medium
ORD_0022468,low
ORD_0022469,low
ORD_0022470,medium
ORD_0022471,high
ORD_0022472,high
ORD_0022473,high
ORD_0022474,low
ORD_0022475,low
ORD_0022476,low
ORD_0022477,medium
ORD_0022478,low
ORD_0022479,low
ORD_0022480,medium
ORD_0022481,high
ORD_0022482,low
ORD_0022483,low
ORD_0022484,high
ORD_0022485,high
ORD_0022486,medium
ORD_0022487,medium
ORD_0022488,high
ORD_0022489,high
ORD_0022490,low
ORD_0022491,high
ORD_0022492,medium
ORD_0022493,high
ORD_0022494,high
ORD_0022495,low
ORD_0022496,low
ORD_0022497,high
ORD_0022498,low
ORD_0022499,high
ORD_0022500,high
ORD_0022501,low
ORD_0022502,medium
ORD_0022503,medium
ORD_0022504,high
ORD_0022505,high
ORD_0022506,medium
ORD_0022507,medium
ORD_0022508,low
ORD_0022509,high
ORD_0022510,low
ORD_0022511,medium
ORD_0022512,low
ORD_0022513,medium
ORD_0022514,low
ORD_0022515,low
ORD_0022516,low
ORD_0022517,low
ORD_0022518,high
ORD_0022519,medium
ORD_0022520,low
ORD_0022521,low
ORD_0022522,low
ORD_0022523,high
ORD_0022524,low
ORD_0022525,low
ORD_0022526,medium
ORD_0022527,low
ORD_0022528,high
ORD_0022529,high
ORD_0022530,low
ORD_0022531,low
ORD_0022532,low
ORD_0022533,high
ORD_0022534,high
ORD_0022535,medium
ORD_0022536,low
ORD_0022537,low
ORD_0022538,low
ORD_0022539,low
ORD_0022540,low
ORD_0022541,low
ORD_0022542,low
ORD_0022543,medium
ORD_0022544,low
ORD_0022545,high
ORD_0022546,low
ORD_0022547,medium
ORD_0022548,low
ORD_0022549,medium
ORD_0022550,low
ORD_0022551,low
ORD_0022552,medium
ORD_0022553,high
ORD_0022554,medium
ORD_0022555,low
ORD_0022556,medium
ORD_0022557,high
ORD_0022558,medium
ORD_0022559,low
ORD_0022560,low
ORD_0022561,medium
ORD_0022562,low
ORD_0022563,low
ORD_0022564,low
ORD_0022565,low
ORD_0022566,low
ORD_0022567,low
ORD_0022568,high
ORD_0022569,low
ORD_0022570,low
ORD_0022571,low
ORD_0022572,medium
ORD_0022573,medium
ORD_0022574,medium
ORD_0022575,medium
ORD_0022576,low
ORD_0022577,low
ORD_0022578,high
ORD_0022579,low
ORD_0022580,low
ORD_0022581,high
ORD_0022582,low
ORD_0022583,high
ORD_0022584,high
ORD_0022585,low
ORD_0022586,medium
ORD_0022587,medium
ORD_0022588,high
ORD_0022589,medium
ORD_0022590,low
ORD_0022591,medium
ORD_0022592,medium
ORD_0022593,low
ORD_0022594,high
ORD_0022595,medium
ORD_0022596,low
ORD_0022597,high
ORD_0022598,low
ORD_0022599,low
ORD_0022600,medium
ORD_0022601,medium
ORD_0022602,medium
ORD_0022603,medium
ORD_0022604,high
ORD_0022605,low
ORD_0022606,low
ORD_0022607,low
ORD_0022608,low
ORD_0022609,medium
ORD_0022610,high
ORD_0022611,low
ORD_0022612,low
ORD_0022613,medium
ORD_0022614,medium
ORD_0022615,medium
ORD_0022616,medium
ORD_0022617,low
ORD_0022618,medium
ORD_0022619,medium
ORD_0022620,low
ORD_0022621,high
ORD_0022622,medium
ORD_0022623,medium
ORD_0022624,medium
ORD_0022625,medium
ORD_0022626,low
ORD_0022627,high
ORD_0022628,high
ORD_0022629,low
ORD_0022630,low
ORD_0022631,low
ORD_0022632,medium
ORD_0022633,low
ORD_0022634,high
ORD_0022635,low
ORD_0022636,low
ORD_0022637,high
ORD_0022638,high
ORD_0022639,medium
ORD_0022640,medium
ORD_0022641,low
ORD_0022642,low
ORD_0022643,high
ORD_0022644,medium
ORD_0022645,low
ORD_0022646,medium
ORD_0022647,high
ORD_0022648,low
ORD_0022649,medium
ORD_0022650,low
ORD_0022651,medium
ORD_0022652,medium
ORD_0022653,medium
ORD_0022654,medium
ORD_0022655,low
ORD_0022656,medium
ORD_0022657,medium
ORD_0022658,medium
ORD_0022659,low
ORD_0022660,low
ORD_0022661,high
ORD_0022662,low
ORD_0022663,low
ORD_0022664,medium
ORD_0022665,low
ORD_0022666,low
ORD_0022667,low
ORD_0022668,high
ORD_0022669,medium
ORD_0022670,high
ORD_0022671,low
ORD_0022672,low
ORD_0022673,low
ORD_0022674,high
ORD_0022675,medium
ORD_0022676,high
ORD_0022677,medium
ORD_0022678,low
ORD_0022679,low
ORD_0022680,medium
ORD_0022681,medium
ORD_0022682,low
ORD_0022683,low
ORD_0022684,low
ORD_0022685,medium
ORD_0022686,medium
ORD_0022687,low
ORD_0022688,medium
ORD_0022689,low
ORD_0022690,low
ORD_0022691,low
ORD_0022692,medium
ORD_0022693,high
ORD_0022694,low
ORD_0022695,low
ORD_0022696,low
ORD_0022697,medium
ORD_0022698,low
ORD_0022699,low
ORD_0022700,high
ORD_0022701,low
ORD_0022702,high
ORD_0022703,medium
ORD_0022704,low
ORD_0022705,high
ORD_0022706,low
ORD_0022707,low
ORD_0022708,medium
ORD_0022709,medium
ORD_0022710,high
ORD_0022711,low
ORD_0022712,medium
ORD_0022713,high
ORD_0022714,low
ORD_0022715,low
ORD_0022716,medium
ORD_0022717,medium
ORD_0022718,medium
ORD_0022719,high
ORD_0022720,medium
ORD_0022721,low
ORD_0022722,medium
ORD_0022723,low
ORD_0022724,high
ORD_0022725,low
ORD_0022726,low
ORD_0022727,medium
ORD_0022728,medium
ORD_0022729,medium
ORD_0022730,low
ORD_0022731,medium
ORD_0022732,medium
ORD_0022733,low
ORD_0022734,medium
ORD_0022735,low
ORD_0022736,low
ORD_0022737,high
ORD_0022738,medium
ORD_0022739,low
ORD_0022740,low
ORD_0022741,medium
ORD_0022742,medium
ORD_0022743,high
ORD_0022744,low
ORD_0022745,low
ORD_0022746,high
ORD_0022747,medium
ORD_0022748,low
ORD_0022749,low
ORD_0022750,low
ORD_0022751,medium
ORD_0022752,low
ORD_0022753,low
ORD_0022754,medium
ORD_0022755,low
ORD_0022756,low
ORD_0022757,low
ORD_0022758,low
ORD_0022759,low
ORD_0022760,low
ORD_0022761,medium
ORD_0022762,low
ORD_0022763,medium
ORD_0022764,medium
ORD_0022765,high
ORD_0022766,medium
ORD_0022767,low
ORD_0022768,low
ORD_0022769,low
ORD_0022770,low
ORD_0022771,high
ORD_0022772,high
ORD_0022773,low
ORD_0022774,medium
ORD_0022775,medium
ORD_0022776,low
ORD_0022777,medium
ORD_0022778,low
ORD_0022779,medium
ORD_0022780,medium
ORD_0022781,low
ORD_0022782,low
ORD_0022783,medium
ORD_0022784,low
ORD_0022785,medium
ORD_0022786,low
ORD_0022787,medium
ORD_0022788,low
ORD_0022789,low
ORD_0022790,low
ORD_0022791,medium
ORD_0022792,low
ORD_0022793,medium
ORD_0022794,medium
ORD_0022795,low
ORD_0022796,high
ORD_0022797,medium
ORD_0022798,low
ORD_0022799,low
ORD_0022800,low
ORD_0022801,low
ORD_0022802,medium
ORD_0022803,high
ORD_0022804,low
ORD_0022805,low
ORD_0022806,medium
ORD_0022807,high
ORD_0022808,low
ORD_0022809,high
ORD_0022810,medium
ORD_0022811,high
ORD_0022812,low
ORD_0022813,low
ORD_0022814,medium
ORD_0022815,high
ORD_0022816,medium
ORD_0022817,medium
ORD_0022818,medium
ORD_0022819,low
ORD_0022820,low
ORD_0022821,low
ORD_0022822,low
ORD_0022823,medium
ORD_0022824,medium
ORD_0022825,high
ORD_0022826,high
ORD_0022827,medium
ORD_0022828,low
ORD_0022829,low
ORD_0022830,medium
ORD_0022831,low
ORD_0022832,medium
ORD_0022833,high
ORD_0022834,low
ORD_0022835,medium
ORD_0022836,low
ORD_0022837,high
ORD_0022838,high
ORD_0022839,high
ORD_0022840,low
ORD_0022841,medium
ORD_0022842,medium
ORD_0022843,low
ORD_0022844,high
ORD_0022845,high
ORD_0022846,low
ORD_0022847,low
ORD_0022848,high
ORD_0022849,low
ORD_0022850,low
ORD_0022851,medium
ORD_0022852,high
ORD_0022853,medium
ORD_0022854,low
ORD_0022855,high
ORD_0022856,medium
ORD_0022857,low
ORD_0022858,low
ORD_0022859,low
ORD_0022860,low
ORD_0022861,high
ORD_0022862,low
ORD_0022863,low
ORD_0022864,low
ORD_0022865,medium
ORD_0022866,low
ORD_0022867,low
ORD_0022868,high
ORD_0022869,high
ORD_0022870,medium
ORD_0022871,low
ORD_0022872,medium
ORD_0022873,medium
ORD_0022874,medium
ORD_0022875,medium
ORD_0022876,low
ORD_0022877,high
ORD_0022878,low
ORD_0022879,low
ORD_0022880,medium
ORD_0022881,medium
ORD_0022882,medium
ORD_0022883,low
ORD_0022884,low
ORD_0022885,high
ORD_0022886,low
ORD_0022887,low
ORD_0022888,low
ORD_0022889,low
ORD_0022890,medium
ORD_0022891,high
ORD_0022892,medium
ORD_0022893,low
ORD_0022894,medium
ORD_0022895,low
ORD_0022896,low
ORD_0022897,low
ORD_0022898,low
ORD_0022899,low
ORD_0022900,medium
ORD_0022901,medium
ORD_0022902,low
ORD_0022903,low
ORD_0022904,low
ORD_0022905,high
ORD_0022906,low
ORD_0022907,low
ORD_0022908,low
ORD_0022909,low
ORD_0022910,low
ORD_0022911,low
ORD_0022912,high
ORD_0022913,low
ORD_0022914,low
ORD_0022915,low
ORD_0022916,medium
ORD_0022917,medium
ORD_0022918,low
ORD_0022919,low
ORD_0022920,low
ORD_0022921,medium
ORD_0022922,low
ORD_0022923,low
ORD_0022924,high
ORD_0022925,low
ORD_0022926,medium
ORD_0022927,low
ORD_0022928,low
ORD_0022929,high
ORD_0022930,medium
ORD_0022931,medium
ORD_0022932,low
ORD_0022933,medium
ORD_0022934,low
ORD_0022935,medium
ORD_0022936,medium
ORD_0022937,medium
ORD_0022938,medium
ORD_0022939,medium
ORD_0022940,low
ORD_0022941,low
ORD_0022942,low
ORD_0022943,medium
ORD_0022944,low
ORD_0022945,low
ORD_0022946,medium
ORD_0022947,low
ORD_0022948,high
ORD_0022949,low
ORD_0022950,high
ORD_0022951,low
ORD_0022952,low
ORD_0022953,low
ORD_0022954,high
ORD_0022955,medium
ORD_0022956,low
ORD_0022957,high
ORD_0022958,medium
ORD_0022959,low
ORD_0022960,high
ORD_0022961,high
ORD_0022962,low
ORD_0022963,low
ORD_0022964,medium
ORD_0022965,medium
ORD_0022966,high
ORD_0022967,high
ORD_0022968,low
ORD_0022969,low
ORD_0022970,low
ORD_0022971,low
ORD_0022972,low
ORD_0022973,low
ORD_0022974,high
ORD_0022975,high
ORD_0022976,low
ORD_0022977,low
ORD_0022978,low
ORD_0022979,low
ORD_0022980,low
ORD_0022981,high
ORD_0022982,high
ORD_0022983,low
ORD_0022984,medium
ORD_0022985,low
ORD_0022986,low
ORD_0022987,high
ORD_0022988,low
ORD_0022989,low
ORD_0022990,medium
ORD_0022991,high
ORD_0022992,low
ORD_0022993,low
ORD_0022994,low
ORD_0022995,medium
ORD_0022996,high
ORD_0022997,low
ORD_0022998,low
ORD_0022999,high
ORD_0023000,medium
ORD_0023001,medium
ORD_0023002,high
ORD_0023003,medium
ORD_0023004,low
ORD_0023005,low
ORD_0023006,low
ORD_0023007,high
ORD_0023008,medium
ORD_0023009,low
ORD_0023010,low
ORD_0023011,medium
ORD_0023012,low
ORD_0023013,high
ORD_0023014,low
ORD_0023015,low
ORD_0023016,low
ORD_0023017,medium
ORD_0023018,low
ORD_0023019,high
ORD_0023020,low
ORD_0023021,medium
ORD_0023022,low
ORD_0023023,medium
ORD_0023024,high
ORD_0023025,medium
ORD_0023026,medium
ORD_0023027,low
ORD_0023028,low
ORD_0023029,low
ORD_0023030,low
ORD_0023031,low
ORD_0023032,medium
ORD_0023033,medium
ORD_0023034,medium
ORD_0023035,high
ORD_0023036,high
ORD_0023037,low
ORD_0023038,low
ORD_0023039,medium
ORD_0023040,medium
ORD_0023041,medium
ORD_0023042,low
ORD_0023043,high
ORD_0023044,medium
ORD_0023045,low
ORD_0023046,low
ORD_0023047,low
ORD_0023048,medium
ORD_0023049,high
ORD_0023050,low
ORD_0023051,low
ORD_0023052,low
ORD_0023053,low
ORD_0023054,low
ORD_0023055,low
ORD_0023056,medium
ORD_0023057,low
ORD_0023058,low
ORD_0023059,high
ORD_0023060,low
ORD_0023061,low
ORD_0023062,low
ORD_0023063,low
ORD_0023064,high
ORD_0023065,low
ORD_0023066,medium
ORD_0023067,low
ORD_0023068,medium
ORD_0023069,high
ORD_0023070,high
ORD_0023071,medium
ORD_0023072,medium
ORD_0023073,medium
ORD_0023074,medium
ORD_0023075,medium
ORD_0023076,low
ORD_0023077,high
ORD_0023078,medium
ORD_0023079,low
ORD_0023080,low
ORD_0023081,medium
ORD_0023082,medium
ORD_0023083,low
ORD_0023084,medium
ORD_0023085,high
ORD_0023086,high
ORD_0023087,high
ORD_0023088,low
ORD_0023089,high
ORD_0023090,high
ORD_0023091,medium
ORD_0023092,high
ORD_0023093,low
ORD_0023094,low
ORD_0023095,high
ORD_0023096,low
ORD_0023097,medium
ORD_0023098,medium
ORD_0023099,low
ORD_0023100,medium
ORD_0023101,medium
ORD_0023102,high
ORD_0023103,low
ORD_0023104,medium
ORD_0023105,medium
ORD_0023106,high
ORD_0023107,medium
ORD_0023108,high
ORD_0023109,low
ORD_0023110,low
ORD_0023111,medium
ORD_0023112,low
ORD_0023113,low
ORD_0023114,low
ORD_0023115,high
ORD_0023116,high
ORD_0023117,medium
ORD_0023118,high
ORD_0023119,medium
ORD_0023120,high
ORD_0023121,low
ORD_0023122,high
ORD_0023123,medium
ORD_0023124,high
ORD_0023125,high
ORD_0023126,high
ORD_0023127,medium
ORD_0023128,medium
ORD_0023129,high
ORD_0023130,low
ORD_0023131,low
ORD_0023132,low
ORD_0023133,medium
ORD_0023134,medium
ORD_0023135,high
ORD_0023136,low
ORD_0023137,low
ORD_0023138,low
ORD_0023139,medium
ORD_0023140,low
ORD_0023141,medium
ORD_0023142,low
ORD_0023143,high
ORD_0023144,medium
ORD_0023145,low
ORD_0023146,medium
ORD_0023147,low
ORD_0023148,low
ORD_0023149,low
ORD_0023150,low
ORD_0023151,high
ORD_0023152,high
ORD_0023153,high
ORD_0023154,low
ORD_0023155,low
ORD_0023156,low
ORD_0023157,high
ORD_0023158,low
ORD_0023159,low
ORD_0023160,low
ORD_0023161,medium
ORD_0023162,low
ORD_0023163,medium
ORD_0023164,low
ORD_0023165,low
ORD_0023166,medium
ORD_0023167,low
ORD_0023168,low
ORD_0023169,low
ORD_0023170,low
ORD_0023171,low
ORD_0023172,low
ORD_0023173,low
ORD_0023174,low
ORD_0023175,low
ORD_0023176,low
ORD_0023177,low
ORD_0023178,medium
ORD_0023179,high
ORD_0023180,low
ORD_0023181,medium
ORD_0023182,low
ORD_0023183,high
ORD_0023184,low
ORD_0023185,low
ORD_0023186,low
ORD_0023187,high
ORD_0023188,low
ORD_0023189,low
ORD_0023190,medium
ORD_0023191,medium
ORD_0023192,low
ORD_0023193,medium
ORD_0023194,low
ORD_0023195,medium
ORD_0023196,medium
ORD_0023197,medium
ORD_0023198,low
ORD_0023199,low
ORD_0023200,high
ORD_0023201,high
ORD_0023202,medium
ORD_0023203,low
ORD_0023204,medium
ORD_0023205,low
ORD_0023206,low
ORD_0023207,medium
ORD_0023208,low
ORD_0023209,medium
ORD_0023210,low
ORD_0023211,low
ORD_0023212,medium
ORD_0023213,high
ORD_0023214,low
ORD_0023215,high
ORD_0023216,low
ORD_0023217,medium
ORD_0023218,low
ORD_0023219,low
ORD_0023220,medium
ORD_0023221,high
ORD_0023222,low
ORD_0023223,medium
ORD_0023224,medium
ORD_0023225,medium
ORD_0023226,low
ORD_0023227,low
ORD_0023228,low
ORD_0023229,low
ORD_0023230,high
ORD_0023231,medium
ORD_0023232,medium
ORD_0023233,medium
ORD_0023234,low
ORD_0023235,low
ORD_0023236,low
ORD_0023237,low
ORD_0023238,high
ORD_0023239,low
ORD_0023240,low
ORD_0023241,low
ORD_0023242,medium
ORD_0023243,high
ORD_0023244,medium
ORD_0023245,low
ORD_0023246,medium
ORD_0023247,high
ORD_0023248,medium
ORD_0023249,high
ORD_0023250,high
ORD_0023251,low
ORD_0023252,medium
ORD_0023253,medium
ORD_0023254,low
ORD_0023255,low
ORD_0023256,low
ORD_0023257,high
ORD_0023258,medium
ORD_0023259,low
ORD_0023260,medium
ORD_0023261,medium
ORD_0023262,high
ORD_0023263,high
ORD_0023264,medium
ORD_0023265,high
ORD_0023266,medium
ORD_0023267,high
ORD_0023268,medium
ORD_0023269,medium
ORD_0023270,low
ORD_0023271,low
ORD_0023272,low
ORD_0023273,low
ORD_0023274,low
ORD_0023275,high
ORD_0023276,low
ORD_0023277,low
ORD_0023278,low
ORD_0023279,medium
ORD_0023280,low
ORD_0023281,high
ORD_0023282,high
ORD_0023283,low
ORD_0023284,low
ORD_0023285,medium
ORD_0023286,low
ORD_0023287,medium
ORD_0023288,low
ORD_0023289,medium
ORD_0023290,low
ORD_0023291,low
ORD_0023292,medium
ORD_0023293,medium
ORD_0023294,low
ORD_0023295,medium
ORD_0023296,medium
ORD_0023297,low
ORD_0023298,low
ORD_0023299,low
ORD_0023300,low
ORD_0023301,low
ORD_0023302,medium
ORD_0023303,low
ORD_0023304,high
ORD_0023305,medium
ORD_0023306,high
ORD_0023307,high
ORD_0023308,medium
ORD_0023309,high
ORD_0023310,high
ORD_0023311,low
ORD_0023312,high
ORD_0023313,medium
ORD_0023314,low
ORD_0023315,medium
ORD_0023316,high
ORD_0023317,low
ORD_0023318,low
ORD_0023319,low
ORD_0023320,high
ORD_0023321,low
ORD_0023322,low
ORD_0023323,low
ORD_0023324,medium
ORD_0023325,low
ORD_0023326,low
ORD_0023327,high
ORD_0023328,medium
ORD_0023329,low
ORD_0023330,low
ORD_0023331,low
ORD_0023332,low
ORD_0023333,medium
ORD_0023334,low
ORD_0023335,low
ORD_0023336,high
ORD_0023337,low
ORD_0023338,medium
ORD_0023339,low
ORD_0023340,high
ORD_0023341,medium
ORD_0023342,medium
ORD_0023343,low
ORD_0023344,low
ORD_0023345,medium
ORD_0023346,low
ORD_0023347,low
ORD_0023348,medium
ORD_0023349,medium
ORD_0023350,medium
ORD_0023351,low
ORD_0023352,medium
ORD_0023353,high
ORD_0023354,low
ORD_0023355,low
ORD_0023356,medium
ORD_0023357,medium
ORD_0023358,low
ORD_0023359,low
ORD_0023360,low
ORD_0023361,high
ORD_0023362,medium
ORD_0023363,medium
ORD_0023364,high
ORD_0023365,medium
ORD_0023366,low
ORD_0023367,medium
ORD_0023368,medium
ORD_0023369,medium
ORD_0023370,low
ORD_0023371,high
ORD_0023372,low
ORD_0023373,low
ORD_0023374,low
ORD_0023375,medium
ORD_0023376,low
ORD_0023377,medium
ORD_0023378,high
ORD_0023379,low
ORD_0023380,medium
ORD_0023381,low
ORD_0023382,low
ORD_0023383,low
ORD_0023384,medium
ORD_0023385,low
ORD_0023386,high
ORD_0023387,low
ORD_0023388,low
ORD_0023389,low
ORD_0023390,high
ORD_0023391,low
ORD_0023392,low
ORD_0023393,low
ORD_0023394,medium
ORD_0023395,high
ORD_0023396,medium
ORD_0023397,low
ORD_0023398,medium
ORD_0023399,low
ORD_0023400,low
ORD_0023401,medium
ORD_0023402,low
ORD_0023403,medium
ORD_0023404,low
ORD_0023405,high
ORD_0023406,medium
ORD_0023407,high
ORD_0023408,medium
ORD_0023409,low
ORD_0023410,medium
ORD_0023411,medium
ORD_0023412,high
ORD_0023413,low
ORD_0023414,medium
ORD_0023415,high
ORD_0023416,medium
ORD_0023417,low
ORD_0023418,low
ORD_0023419,medium
ORD_0023420,medium
ORD_0023421,high
ORD_0023422,medium
ORD_0023423,medium
ORD_0023424,medium
ORD_0023425,low
ORD_0023426,high
ORD_0023427,high
ORD_0023428,low
ORD_0023429,low
ORD_0023430,low
ORD_0023431,low
ORD_0023432,medium
ORD_0023433,low
ORD_0023434,medium
ORD_0023435,high
ORD_0023436,medium
ORD_0023437,low
ORD_0023438,low
ORD_0023439,high
ORD_0023440,low
ORD_0023441,medium
ORD_0023442,medium
ORD_0023443,low
ORD_0023444,low
ORD_0023445,low
ORD_0023446,medium
ORD_0023447,low
ORD_0023448,low
ORD_0023449,low
ORD_0023450,medium
ORD_0023451,low
ORD_0023452,low
ORD_0023453,medium
ORD_0023454,high
ORD_0023455,medium
ORD_0023456,low
ORD_0023457,low
ORD_0023458,high
ORD_0023459,high
ORD_0023460,low
ORD_0023461,medium
ORD_0023462,medium
ORD_0023463,high
ORD_0023464,high
ORD_0023465,low
ORD_0023466,high
ORD_0023467,low
ORD_0023468,medium
ORD_0023469,medium
ORD_0023470,low
ORD_0023471,high
ORD_0023472,low
ORD_0023473,high
ORD_0023474,medium
ORD_0023475,low
ORD_0023476,low
ORD_0023477,low
ORD_0023478,medium
ORD_0023479,low
ORD_0023480,medium
ORD_0023481,medium
ORD_0023482,medium
ORD_0023483,medium
ORD_0023484,low
ORD_0023485,low
ORD_0023486,low
ORD_0023487,low
ORD_0023488,low
ORD_0023489,low
ORD_0023490,low
ORD_0023491,low
ORD_0023492,medium
ORD_0023493,high
ORD_0023494,low
ORD_0023495,medium
ORD_0023496,low
ORD_0023497,low
ORD_0023498,medium
ORD_0023499,high
ORD_0023500,high
ORD_0023501,medium
ORD_0023502,high
ORD_0023503,medium
ORD_0023504,low
ORD_0023505,medium
ORD_0023506,medium
ORD_0023507,low
ORD_0023508,medium
ORD_0023509,high
ORD_0023510,high
ORD_0023511,high
ORD_0023512,high
ORD_0023513,medium
ORD_0023514,low
ORD_0023515,low
ORD_0023516,low
ORD_0023517,medium
ORD_0023518,low
ORD_0023519,low
ORD_0023520,low
ORD_0023521,low
ORD_0023522,low
ORD_0023523,medium
ORD_0023524,low
ORD_0023525,medium
ORD_0023526,low
ORD_0023527,high
ORD_0023528,medium
ORD_0023529,low
ORD_0023530,low
ORD_0023531,low
ORD_0023532,low
ORD_0023533,medium
ORD_0023534,low
ORD_0023535,low
ORD_0023536,low
ORD_0023537,low
ORD_0023538,high
ORD_0023539,low
ORD_0023540,medium
ORD_0023541,low
ORD_0023542,low
ORD_0023543,medium
ORD_0023544,low
ORD_0023545,high
ORD_0023546,high
ORD_0023547,medium
ORD_0023548,high
ORD_0023549,low
ORD_0023550,medium
ORD_0023551,low
ORD_0023552,medium
ORD_0023553,high
ORD_0023554,medium
ORD_0023555,low
ORD_0023556,medium
ORD_0023557,medium
ORD_0023558,medium
ORD_0023559,low
ORD_0023560,medium
ORD_0023561,low
ORD_0023562,low
ORD_0023563,high
ORD_0023564,low
ORD_0023565,low
ORD_0023566,medium
ORD_0023567,medium
ORD_0023568,low
ORD_0023569,medium
ORD_0023570,high
ORD_0023571,low
ORD_0023572,low
ORD_0023573,low
ORD_0023574,low
ORD_0023575,medium
ORD_0023576,low
ORD_0023577,high
ORD_0023578,low
ORD_0023579,low
ORD_0023580,medium
ORD_0023581,high
ORD_0023582,medium
ORD_0023583,medium
ORD_0023584,medium
ORD_0023585,medium
ORD_0023586,medium
ORD_0023587,low
ORD_0023588,low
ORD_0023589,low
ORD_0023590,medium
ORD_0023591,medium
ORD_0023592,high
ORD_0023593,high
ORD_0023594,medium
ORD_0023595,low
ORD_0023596,low
ORD_0023597,low
ORD_0023598,medium
ORD_0023599,low
ORD_0023600,low
ORD_0023601,low
ORD_0023602,low
ORD_0023603,low
ORD_0023604,low
ORD_0023605,low
ORD_0023606,medium
ORD_0023607,high
ORD_0023608,high
ORD_0023609,low
ORD_0023610,medium
ORD_0023611,low
ORD_0023612,low
ORD_0023613,medium
ORD_0023614,medium
ORD_0023615,medium
ORD_0023616,medium
ORD_0023617,medium
ORD_0023618,low
ORD_0023619,medium
ORD_0023620,low
ORD_0023621,high
ORD_0023622,low
ORD_0023623,high
ORD_0023624,low
ORD_0023625,low
ORD_0023626,low
ORD_0023627,low
ORD_0023628,low
ORD_0023629,low
ORD_0023630,high
ORD_0023631,low
ORD_0023632,low
ORD_0023633,high
ORD_0023634,high
ORD_0023635,low
ORD_0023636,low
ORD_0023637,medium
ORD_0023638,low
ORD_0023639,high
ORD_0023640,low
ORD_0023641,low
ORD_0023642,low
ORD_0023643,low
ORD_0023644,low
ORD_0023645,medium
ORD_0023646,low
ORD_0023647,medium
ORD_0023648,high
ORD_0023649,low
ORD_0023650,medium
ORD_0023651,medium
ORD_0023652,medium
ORD_0023653,high
ORD_0023654,low
ORD_0023655,high
ORD_0023656,medium
ORD_0023657,medium
ORD_0023658,low
ORD_0023659,medium
ORD_0023660,high
ORD_0023661,low
ORD_0023662,medium
ORD_0023663,medium
ORD_0023664,low
ORD_0023665,medium
ORD_0023666,medium
ORD_0023667,medium
ORD_0023668,low
ORD_0023669,medium
ORD_0023670,medium
ORD_0023671,medium
ORD_0023672,low
ORD_0023673,low
ORD_0023674,low
ORD_0023675,low
ORD_0023676,low
ORD_0023677,medium
ORD_0023678,medium
ORD_0023679,low
ORD_0023680,high
ORD_0023681,low
ORD_0023682,low
ORD_0023683,medium
ORD_0023684,low
ORD_0023685,medium
ORD_0023686,medium
ORD_0023687,high
ORD_0023688,low
ORD_0023689,high
ORD_0023690,high
ORD_0023691,low
ORD_0023692,medium
ORD_0023693,medium
ORD_0023694,low
ORD_0023695,medium
ORD_0023696,low
ORD_0023697,high
ORD_0023698,low
ORD_0023699,medium
ORD_0023700,low
ORD_0023701,low
ORD_0023702,medium
ORD_0023703,low
ORD_0023704,low
ORD_0023705,high
ORD_0023706,medium
ORD_0023707,low
ORD_0023708,low
ORD_0023709,low
ORD_0023710,medium
ORD_0023711,low
ORD_0023712,medium
ORD_0023713,medium
ORD_0023714,high
ORD_0023715,medium
ORD_0023716,high
ORD_0023717,medium
ORD_0023718,high
ORD_0023719,low
ORD_0023720,medium
ORD_0023721,medium
ORD_0023722,high
ORD_0023723,medium
ORD_0023724,high
ORD_0023725,medium
ORD_0023726,low
ORD_0023727,low
ORD_0023728,medium
ORD_0023729,medium
ORD_0023730,medium
ORD_0023731,medium
ORD_0023732,medium
ORD_0023733,low
ORD_0023734,medium
ORD_0023735,low
ORD_0023736,high
ORD_0023737,medium
ORD_0023738,low
ORD_0023739,low
ORD_0023740,low
ORD_0023741,low
ORD_0023742,medium
ORD_0023743,low
ORD_0023744,high
ORD_0023745,low
ORD_0023746,low
ORD_0023747,low
ORD_0023748,medium
ORD_0023749,low
ORD_0023750,high
ORD_0023751,low
ORD_0023752,medium
ORD_0023753,medium
ORD_0023754,medium
ORD_0023755,high
ORD_0023756,high
ORD_0023757,low
ORD_0023758,medium
ORD_0023759,low
ORD_0023760,high
ORD_0023761,medium
ORD_0023762,medium
ORD_0023763,low
ORD_0023764,low
ORD_0023765,medium
ORD_0023766,medium
ORD_0023767,low
ORD_0023768,low
ORD_0023769,low
ORD_0023770,low
ORD_0023771,low
ORD_0023772,low
ORD_0023773,medium
ORD_0023774,low
ORD_0023775,low
ORD_0023776,low
ORD_0023777,low
ORD_0023778,high
ORD_0023779,low
ORD_0023780,high
ORD_0023781,high
ORD_0023782,low
ORD_0023783,low
ORD_0023784,low
ORD_0023785,low
ORD_0023786,low
ORD_0023787,medium
ORD_0023788,medium
ORD_0023789,medium
ORD_0023790,low
ORD_0023791,high
ORD_0023792,high
ORD_0023793,high
ORD_0023794,low
ORD_0023795,medium
ORD_0023796,medium
ORD_0023797,high
ORD_0023798,low
ORD_0023799,low
ORD_0023800,high
ORD_0023801,medium
ORD_0023802,medium
ORD_0023803,high
ORD_0023804,low
ORD_0023805,low
ORD_0023806,high
ORD_0023807,low
ORD_0023808,medium
ORD_0023809,low
ORD_0023810,low
ORD_0023811,medium
ORD_0023812,high
ORD_0023813,high
ORD_0023814,high
ORD_0023815,low
ORD_0023816,medium
ORD_0023817,low
ORD_0023818,medium
ORD_0023819,high
ORD_0023820,medium
ORD_0023821,high
ORD_0023822,high
ORD_0023823,low
ORD_0023824,low
ORD_0023825,low
ORD_0023826,medium
ORD_0023827,medium
ORD_0023828,low
ORD_0023829,medium
ORD_0023830,low
ORD_0023831,high
ORD_0023832,high
ORD_0023833,low
ORD_0023834,low
ORD_0023835,high
ORD_0023836,low
ORD_0023837,low
ORD_0023838,medium
ORD_0023839,low
ORD_0023840,low
ORD_0023841,medium
ORD_0023842,medium
ORD_0023843,low
ORD_0023844,low
ORD_0023845,high
ORD_0023846,low
ORD_0023847,low
ORD_0023848,low
ORD_0023849,low
ORD_0023850,medium
ORD_0023851,medium
ORD_0023852,medium
ORD_0023853,low
ORD_0023854,medium
ORD_0023855,medium
ORD_0023856,low
ORD_0023857,low
ORD_0023858,low
ORD_0023859,low
ORD_0023860,medium
ORD_0023861,low
ORD_0023862,low
ORD_0023863,low
ORD_0023864,high
ORD_0023865,low
ORD_0023866,low
ORD_0023867,medium
ORD_0023868,medium
ORD_0023869,medium
ORD_0023870,low
ORD_0023871,low
ORD_0023872,medium
ORD_0023873,low
ORD_0023874,low
ORD_0023875,medium
ORD_0023876,medium
ORD_0023877,medium
ORD_0023878,low
ORD_0023879,low
ORD_0023880,high
ORD_0023881,low
ORD_0023882,low
ORD_0023883,low
ORD_0023884,medium
ORD_0023885,medium
ORD_0023886,medium
ORD_0023887,low
ORD_0023888,low
ORD_0023889,low
ORD_0023890,medium
ORD_0023891,medium
ORD_0023892,low
ORD_0023893,high
ORD_0023894,low
ORD_0023895,low
ORD_0023896,low
ORD_0023897,low
ORD_0023898,medium
ORD_0023899,low
ORD_0023900,medium
ORD_0023901,low
ORD_0023902,medium
ORD_0023903,low
ORD_0023904,low
ORD_0023905,high
ORD_0023906,high
ORD_0023907,high
ORD_0023908,low
ORD_0023909,low
ORD_0023910,high
ORD_0023911,medium
ORD_0023912,low
ORD_0023913,low
ORD_0023914,low
ORD_0023915,medium
ORD_0023916,medium
ORD_0023917,medium
ORD_0023918,medium
ORD_0023919,medium
ORD_0023920,high
ORD_0023921,low
ORD_0023922,medium
ORD_0023923,low
ORD_0023924,low
ORD_0023925,medium
ORD_0023926,high
ORD_0023927,high
ORD_0023928,low
ORD_0023929,medium
ORD_0023930,low
ORD_0023931,medium
ORD_0023932,low
ORD_0023933,medium
ORD_0023934,low
ORD_0023935,low
ORD_0023936,medium
ORD_0023937,medium
ORD_0023938,low
ORD_0023939,high
ORD_0023940,medium
ORD_0023941,high
ORD_0023942,low
ORD_0023943,high
ORD_0023944,high
ORD_0023945,low
ORD_0023946,medium
ORD_0023947,high
ORD_0023948,low
ORD_0023949,low
ORD_0023950,high
ORD_0023951,medium
ORD_0023952,high
ORD_0023953,medium
ORD_0023954,low
ORD_0023955,low
ORD_0023956,low
ORD_0023957,low
ORD_0023958,high
ORD_0023959,high
ORD_0023960,low
ORD_0023961,low
ORD_0023962,low
ORD_0023963,low
ORD_0023964,medium
ORD_0023965,medium
ORD_0023966,low
ORD_0023967,medium
ORD_0023968,low
ORD_0023969,medium
ORD_0023970,low
ORD_0023971,low
ORD_0023972,medium
ORD_0023973,low
ORD_0023974,low
ORD_0023975,high
ORD_0023976,low
ORD_0023977,low
ORD_0023978,high
ORD_0023979,low
ORD_0023980,low
ORD_0023981,high
ORD_0023982,low
ORD_0023983,high
ORD_0023984,medium
ORD_0023985,low
ORD_0023986,low
ORD_0023987,medium
ORD_0023988,high
ORD_0023989,medium
ORD_0023990,low
ORD_0023991,high
ORD_0023992,high
ORD_0023993,medium
ORD_0023994,medium
ORD_0023995,medium
ORD_0023996,low
ORD_0023997,low
ORD_0023998,low
ORD_0023999,medium
ORD_0024000,low
ORD_0024001,low
ORD_0024002,medium
ORD_0024003,high
ORD_0024004,medium
ORD_0024005,medium
ORD_0024006,medium
ORD_0024007,low
ORD_0024008,medium
ORD_0024009,low
ORD_0024010,medium
ORD_0024011,low
ORD_0024012,medium
ORD_0024013,high
ORD_0024014,low
ORD_0024015,low
ORD_0024016,low
ORD_0024017,high
ORD_0024018,low
ORD_0024019,high
ORD_0024020,low
ORD_0024021,medium
ORD_0024022,low
ORD_0024023,medium
ORD_0024024,medium
ORD_0024025,high
ORD_0024026,medium
ORD_0024027,high
ORD_0024028,low
ORD_0024029,low
ORD_0024030,high
ORD_0024031,high
ORD_0024032,low
ORD_0024033,low
ORD_0024034,low
ORD_0024035,low
ORD_0024036,low
ORD_0024037,medium
ORD_0024038,low
ORD_0024039,high
ORD_0024040,low
ORD_0024041,medium
ORD_0024042,low
ORD_0024043,medium
ORD_0024044,low
ORD_0024045,low
ORD_0024046,low
ORD_0024047,low
ORD_0024048,medium
ORD_0024049,low
ORD_0024050,high
ORD_0024051,low
ORD_0024052,high
ORD_0024053,medium
ORD_0024054,low
ORD_0024055,low
ORD_0024056,medium
ORD_0024057,low
ORD_0024058,low
ORD_0024059,low
ORD_0024060,low
ORD_0024061,low
ORD_0024062,low
ORD_0024063,low
ORD_0024064,high
ORD_0024065,high
ORD_0024066,low
ORD_0024067,medium
ORD_0024068,low
ORD_0024069,low
ORD_0024070,low
ORD_0024071,low
ORD_0024072,medium
ORD_0024073,low
ORD_0024074,medium
ORD_0024075,low
ORD_0024076,high
ORD_0024077,high
ORD_0024078,high
ORD_0024079,high
ORD_0024080,low
ORD_0024081,low
ORD_0024082,low
ORD_0024083,low
ORD_0024084,low
ORD_0024085,low
ORD_0024086,low
ORD_0024087,low
ORD_0024088,low
ORD_0024089,high
ORD_0024090,low
ORD_0024091,low
ORD_0024092,medium
ORD_0024093,medium
ORD_0024094,low
ORD_0024095,medium
ORD_0024096,medium
ORD_0024097,medium
ORD_0024098,low
ORD_0024099,high
ORD_0024100,low
ORD_0024101,low
ORD_0024102,low
ORD_0024103,low
ORD_0024104,high
ORD_0024105,medium
ORD_0024106,low
ORD_0024107,medium
ORD_0024108,low
ORD_0024109,low
ORD_0024110,medium
ORD_0024111,low
ORD_0024112,low
ORD_0024113,high
ORD_0024114,low
ORD_0024115,medium
ORD_0024116,medium
ORD_0024117,medium
ORD_0024118,low
ORD_0024119,low
ORD_0024120,low
ORD_0024121,medium
ORD_0024122,high
ORD_0024123,high
ORD_0024124,low
ORD_0024125,low
ORD_0024126,high
ORD_0024127,low
ORD_0024128,low
ORD_0024129,medium
ORD_0024130,low
ORD_0024131,medium
ORD_0024132,low
ORD_0024133,low
ORD_0024134,medium
ORD_0024135,low
ORD_0024136,high
ORD_0024137,low
ORD_0024138,medium
ORD_0024139,high
ORD_0024140,medium
ORD_0024141,medium
ORD_0024142,low
ORD_0024143,low
ORD_0024144,medium
ORD_0024145,medium
ORD_0024146,medium
ORD_0024147,medium
ORD_0024148,low
ORD_0024149,medium
ORD_0024150,low
ORD_0024151,high
ORD_0024152,high
ORD_0024153,low
ORD_0024154,high
ORD_0024155,low
ORD_0024156,low
ORD_0024157,high
ORD_0024158,medium
ORD_0024159,low
ORD_0024160,low
ORD_0024161,low
ORD_0024162,medium
ORD_0024163,medium
ORD_0024164,low
ORD_0024165,low
ORD_0024166,low
ORD_0024167,low
ORD_0024168,high
ORD_0024169,high
ORD_0024170,low
ORD_0024171,medium
ORD_0024172,low
ORD_0024173,low
ORD_0024174,low
ORD_0024175,low
ORD_0024176,low
ORD_0024177,low
ORD_0024178,medium
ORD_0024179,low
ORD_0024180,medium
ORD_0024181,low
ORD_0024182,low
ORD_0024183,high
ORD_0024184,low
ORD_0024185,high
ORD_0024186,low
ORD_0024187,medium
ORD_0024188,medium
ORD_0024189,low
ORD_0024190,low
ORD_0024191,high
ORD_0024192,low
ORD_0024193,medium
ORD_0024194,high
ORD_0024195,medium
ORD_0024196,medium
ORD_0024197,medium
ORD_0024198,medium
ORD_0024199,low
ORD_0024200,low
ORD_0024201,low
ORD_0024202,medium
ORD_0024203,medium
ORD_0024204,low
ORD_0024205,medium
ORD_0024206,low
ORD_0024207,low
ORD_0024208,low
ORD_0024209,low
ORD_0024210,high
ORD_0024211,high
ORD_0024212,medium
ORD_0024213,low
ORD_0024214,high
ORD_0024215,low
ORD_0024216,medium
ORD_0024217,high
ORD_0024218,low
ORD_0024219,low
ORD_0024220,low
ORD_0024221,low
ORD_0024222,low
ORD_0024223,low
ORD_0024224,low
ORD_0024225,high
ORD_0024226,medium
ORD_0024227,medium
ORD_0024228,low
ORD_0024229,low
ORD_0024230,low
ORD_0024231,high
ORD_0024232,medium
ORD_0024233,low
ORD_0024234,medium
ORD_0024235,medium
ORD_0024236,low
ORD_0024237,low
ORD_0024238,medium
ORD_0024239,low
ORD_0024240,low
ORD_0024241,low
ORD_0024242,medium
ORD_0024243,low
ORD_0024244,medium
ORD_0024245,medium
ORD_0024246,low
ORD_0024247,medium
ORD_0024248,medium
ORD_0024249,high
ORD_0024250,low
ORD_0024251,low
ORD_0024252,low
ORD_0024253,high
ORD_0024254,low
ORD_0024255,low
ORD_0024256,low
ORD_0024257,low
ORD_0024258,low
ORD_0024259,medium
ORD_0024260,medium
ORD_0024261,low
ORD_0024262,high
ORD_0024263,low
ORD_0024264,low
ORD_0024265,medium
ORD_0024266,low
ORD_0024267,low
ORD_0024268,low
ORD_0024269,high
ORD_0024270,high
ORD_0024271,low
ORD_0024272,low
ORD_0024273,low
ORD_0024274,high
ORD_0024275,medium
ORD_0024276,high
ORD_0024277,medium
ORD_0024278,low
ORD_0024279,low
ORD_0024280,low
ORD_0024281,low
ORD_0024282,low
ORD_0024283,low
ORD_0024284,low
ORD_0024285,low
ORD_0024286,low
ORD_0024287,medium
ORD_0024288,low
ORD_0024289,low
ORD_0024290,low
ORD_0024291,medium
ORD_0024292,high
ORD_0024293,medium
ORD_0024294,high
ORD_0024295,low
ORD_0024296,low
ORD_0024297,high
ORD_0024298,low
ORD_0024299,medium
ORD_0024300,medium
ORD_0024301,low
ORD_0024302,low
ORD_0024303,medium
ORD_0024304,low
ORD_0024305,low
ORD_0024306,medium
ORD_0024307,low
ORD_0024308,low
ORD_0024309,high
ORD_0024310,medium
ORD_0024311,high
ORD_0024312,high
ORD_0024313,medium
ORD_0024314,low
ORD_0024315,high
ORD_0024316,low
ORD_0024317,high
ORD_0024318,high
ORD_0024319,high
ORD_0024320,medium
ORD_0024321,low
ORD_0024322,low
ORD_0024323,medium
ORD_0024324,low
ORD_0024325,medium
ORD_0024326,low
ORD_0024327,medium
ORD_0024328,high
ORD_0024329,medium
ORD_0024330,medium
ORD_0024331,medium
ORD_0024332,medium
ORD_0024333,low
ORD_0024334,low
ORD_0024335,high
ORD_0024336,low
ORD_0024337,low
ORD_0024338,low
ORD_0024339,low
ORD_0024340,low
ORD_0024341,medium
ORD_0024342,medium
ORD_0024343,low
ORD_0024344,medium
ORD_0024345,medium
ORD_0024346,high
ORD_0024347,high
ORD_0024348,low
ORD_0024349,high
ORD_0024350,medium
ORD_0024351,high
ORD_0024352,low
ORD_0024353,low
ORD_0024354,high
ORD_0024355,low
ORD_0024356,high
ORD_0024357,medium
ORD_0024358,low
ORD_0024359,medium
ORD_0024360,low
ORD_0024361,low
ORD_0024362,low
ORD_0024363,medium
ORD_0024364,low
ORD_0024365,low
ORD_0024366,medium
ORD_0024367,medium
ORD_0024368,high
ORD_0024369,low
ORD_0024370,high
ORD_0024371,low
ORD_0024372,low
ORD_0024373,low
ORD_0024374,low
ORD_0024375,high
ORD_0024376,medium
ORD_0024377,high
ORD_0024378,medium
ORD_0024379,medium
ORD_0024380,medium
ORD_0024381,low
ORD_0024382,low
ORD_0024383,low
ORD_0024384,low
ORD_0024385,high
ORD_0024386,medium
ORD_0024387,low
ORD_0024388,low
ORD_0024389,low
ORD_0024390,medium
ORD_0024391,medium
ORD_0024392,medium
ORD_0024393,low
ORD_0024394,medium
ORD_0024395,high
ORD_0024396,high
ORD_0024397,medium
ORD_0024398,medium
ORD_0024399,low
ORD_0024400,low
ORD_0024401,low
ORD_0024402,low
ORD_0024403,medium
ORD_0024404,medium
ORD_0024405,medium
ORD_0024406,low
ORD_0024407,high
ORD_0024408,low
ORD_0024409,high
ORD_0024410,medium
ORD_0024411,low
ORD_0024412,high
ORD_0024413,low
ORD_0024414,low
ORD_0024415,medium
ORD_0024416,medium
ORD_0024417,low
ORD_0024418,medium
ORD_0024419,low
ORD_0024420,medium
ORD_0024421,low
ORD_0024422,low
ORD_0024423,low
ORD_0024424,low
ORD_0024425,medium
ORD_0024426,low
ORD_0024427,low
ORD_0024428,medium
ORD_0024429,low
ORD_0024430,low
ORD_0024431,medium
ORD_0024432,medium
ORD_0024433,low
ORD_0024434,low
ORD_0024435,medium
ORD_0024436,medium
ORD_0024437,medium
ORD_0024438,medium
ORD_0024439,high
ORD_0024440,low
ORD_0024441,low
ORD_0024442,low
ORD_0024443,low
ORD_0024444,low
ORD_0024445,high
ORD_0024446,low
ORD_0024447,high
ORD_0024448,low
ORD_0024449,medium
ORD_0024450,medium
ORD_0024451,medium
ORD_0024452,low
ORD_0024453,low
ORD_0024454,medium
ORD_0024455,medium
ORD_0024456,low
ORD_0024457,high
ORD_0024458,low
ORD_0024459,medium
ORD_0024460,medium
ORD_0024461,low
ORD_0024462,low
ORD_0024463,high
ORD_0024464,medium
ORD_0024465,low
ORD_0024466,high
ORD_0024467,medium
ORD_0024468,low
ORD_0024469,medium
ORD_0024470,low
ORD_0024471,medium
ORD_0024472,low
ORD_0024473,medium
ORD_0024474,low
ORD_0024475,medium
ORD_0024476,low
ORD_0024477,low
ORD_0024478,medium
ORD_0024479,high
ORD_0024480,low
ORD_0024481,medium
ORD_0024482,medium
ORD_0024483,low
ORD_0024484,low
ORD_0024485,low
ORD_0024486,high
ORD_0024487,low
ORD_0024488,low
ORD_0024489,low
ORD_0024490,low
ORD_0024491,low
ORD_0024492,medium
ORD_0024493,low
ORD_0024494,low
ORD_0024495,low
ORD_0024496,low
ORD_0024497,high
ORD_0024498,high
ORD_0024499,high
ORD_0024500,low
ORD_0024501,low
ORD_0024502,low
ORD_0024503,high
ORD_0024504,high
ORD_0024505,high
ORD_0024506,low
ORD_0024507,high
ORD_0024508,medium
ORD_0024509,low
ORD_0024510,low
ORD_0024511,high
ORD_0024512,high
ORD_0024513,high
ORD_0024514,low
ORD_0024515,high
ORD_0024516,low
ORD_0024517,high
ORD_0024518,high
ORD_0024519,low
ORD_0024520,low
ORD_0024521,low
ORD_0024522,medium
ORD_0024523,medium
ORD_0024524,high
ORD_0024525,medium
ORD_0024526,low
ORD_0024527,low
ORD_0024528,low
ORD_0024529,low
ORD_0024530,medium
ORD_0024531,low
ORD_0024532,medium
ORD_0024533,low
ORD_0024534,low
ORD_0024535,low
ORD_0024536,high
ORD_0024537,medium
ORD_0024538,medium
ORD_0024539,medium
ORD_0024540,low
ORD_0024541,high
ORD_0024542,low
ORD_0024543,high
ORD_0024544,medium
ORD_0024545,high
ORD_0024546,high
ORD_0024547,low
ORD_0024548,medium
ORD_0024549,low
ORD_0024550,medium
ORD_0024551,low
ORD_0024552,low
ORD_0024553,low
ORD_0024554,high
ORD_0024555,low
ORD_0024556,low
ORD_0024557,low
ORD_0024558,low
ORD_0024559,low
ORD_0024560,high
ORD_0024561,medium
ORD_0024562,low
ORD_0024563,low
ORD_0024564,low
ORD_0024565,high
ORD_0024566,low
ORD_0024567,low
ORD_0024568,medium
ORD_0024569,high
ORD_0024570,low
ORD_0024571,low
ORD_0024572,high
ORD_0024573,low
ORD_0024574,medium
ORD_0024575,high
ORD_0024576,low
ORD_0024577,low
ORD_0024578,low
ORD_0024579,high
ORD_0024580,medium
ORD_0024581,high
ORD_0024582,low
ORD_0024583,low
ORD_0024584,low
ORD_0024585,low
ORD_0024586,high
ORD_0024587,low
ORD_0024588,high
ORD_0024589,low
ORD_0024590,medium
ORD_0024591,low
ORD_0024592,low
ORD_0024593,medium
ORD_0024594,low
ORD_0024595,low
ORD_0024596,low
ORD_0024597,low
ORD_0024598,medium
ORD_0024599,low
ORD_0024600,low
ORD_0024601,low
ORD_0024602,low
ORD_0024603,low
ORD_0024604,high
ORD_0024605,low
ORD_0024606,low
ORD_0024607,low
ORD_0024608,medium
ORD_0024609,high
ORD_0024610,medium
ORD_0024611,low
ORD_0024612,low
ORD_0024613,low
ORD_0024614,high
ORD_0024615,low
ORD_0024616,low
ORD_0024617,medium
ORD_0024618,low
ORD_0024619,low
ORD_0024620,low
ORD_0024621,medium
ORD_0024622,medium
ORD_0024623,low
ORD_0024624,medium
ORD_0024625,medium
ORD_0024626,low
ORD_0024627,low
ORD_0024628,medium
ORD_0024629,low
ORD_0024630,low
ORD_0024631,low
ORD_0024632,medium
ORD_0024633,medium
ORD_0024634,low
ORD_0024635,high
ORD_0024636,medium
ORD_0024637,high
ORD_0024638,low
ORD_0024639,low
ORD_0024640,low
ORD_0024641,low
ORD_0024642,low
ORD_0024643,low
ORD_0024644,medium
ORD_0024645,low
ORD_0024646,high
ORD_0024647,low
ORD_0024648,medium
ORD_0024649,low
ORD_0024650,high
ORD_0024651,low
ORD_0024652,medium
ORD_0024653,high
ORD_0024654,low
ORD_0024655,low
ORD_0024656,low
ORD_0024657,medium
ORD_0024658,medium
ORD_0024659,high
ORD_0024660,low
ORD_0024661,medium
ORD_0024662,medium
ORD_0024663,low
ORD_0024664,low
ORD_0024665,medium
ORD_0024666,high
ORD_0024667,low
ORD_0024668,low
ORD_0024669,high
ORD_0024670,low
ORD_0024671,low
ORD_0024672,medium
ORD_0024673,low
ORD_0024674,high
ORD_0024675,medium
ORD_0024676,low
ORD_0024677,medium
ORD_0024678,medium
ORD_0024679,low
ORD_0024680,medium
ORD_0024681,medium
ORD_0024682,medium
ORD_0024683,low
ORD_0024684,high
ORD_0024685,low
ORD_0024686,low
ORD_0024687,medium
ORD_0024688,low
ORD_0024689,medium
ORD_0024690,medium
ORD_0024691,high
ORD_0024692,low
ORD_0024693,low
ORD_0024694,high
ORD_0024695,medium
ORD_0024696,low
ORD_0024697,high
ORD_0024698,medium
ORD_0024699,low
ORD_0024700,low
ORD_0024701,low
ORD_0024702,high
ORD_0024703,low
ORD_0024704,medium
ORD_0024705,medium
ORD_0024706,low
ORD_0024707,low
ORD_0024708,medium
ORD_0024709,low
ORD_0024710,low
ORD_0024711,high
ORD_0024712,high
ORD_0024713,low
ORD_0024714,low
ORD_0024715,low
ORD_0024716,medium
ORD_0024717,low
ORD_0024718,high
ORD_0024719,high
ORD_0024720,medium
ORD_0024721,high
ORD_0024722,high
ORD_0024723,high
ORD_0024724,low
ORD_0024725,high
ORD_0024726,low
ORD_0024727,low
ORD_0024728,high
ORD_0024729,high
ORD_0024730,high
ORD_0024731,low
ORD_0024732,high
ORD_0024733,high
ORD_0024734,high
ORD_0024735,low
ORD_0024736,medium
ORD_0024737,low
ORD_0024738,low
ORD_0024739,medium
ORD_0024740,low
ORD_0024741,medium
ORD_0024742,medium
ORD_0024743,high
ORD_0024744,low
ORD_0024745,low
ORD_0024746,medium
ORD_0024747,low
ORD_0024748,low
ORD_0024749,medium
ORD_0024750,low
ORD_0024751,low
ORD_0024752,low
ORD_0024753,low
ORD_0024754,low
ORD_0024755,medium
ORD_0024756,low
ORD_0024757,high
ORD_0024758,low
ORD_0024759,low
ORD_0024760,low
ORD_0024761,low
ORD_0024762,low
ORD_0024763,low
ORD_0024764,low
ORD_0024765,medium
ORD_0024766,low
ORD_0024767,high
ORD_0024768,low
ORD_0024769,high
ORD_0024770,low
ORD_0024771,low
ORD_0024772,medium
ORD_0024773,low
ORD_0024774,medium
ORD_0024775,low
ORD_0024776,low
ORD_0024777,high
ORD_0024778,low
ORD_0024779,low
ORD_0024780,medium
ORD_0024781,low
ORD_0024782,high
ORD_0024783,low
ORD_0024784,low
ORD_0024785,low
ORD_0024786,low
ORD_0024787,low
ORD_0024788,low
ORD_0024789,medium
ORD_0024790,low
ORD_0024791,low
ORD_0024792,low
ORD_0024793,high
ORD_0024794,low
ORD_0024795,low
ORD_0024796,low
ORD_0024797,low
ORD_0024798,low
ORD_0024799,medium
ORD_0024800,low
ORD_0024801,medium
ORD_0024802,low
ORD_0024803,low
ORD_0024804,medium
ORD_0024805,medium
ORD_0024806,high
ORD_0024807,high
ORD_0024808,low
ORD_0024809,high
ORD_0024810,medium
ORD_0024811,low
ORD_0024812,low
ORD_0024813,low
ORD_0024814,high
ORD_0024815,low
ORD_0024816,medium
ORD_0024817,medium
ORD_0024818,low
ORD_0024819,medium
ORD_0024820,low
ORD_0024821,medium
ORD_0024822,high
ORD_0024823,high
ORD_0024824,medium
ORD_0024825,medium
ORD_0024826,medium
ORD_0024827,low
ORD_0024828,low
ORD_0024829,low
ORD_0024830,medium
ORD_0024831,high
ORD_0024832,medium
ORD_0024833,medium
ORD_0024834,medium
ORD_0024835,low
ORD_0024836,high
ORD_0024837,medium
ORD_0024838,low
ORD_0024839,low
ORD_0024840,low
ORD_0024841,low
ORD_0024842,low
ORD_0024843,medium
ORD_0024844,medium
ORD_0024845,low
ORD_0024846,medium
ORD_0024847,high
ORD_0024848,medium
ORD_0024849,medium
ORD_0024850,high
ORD_0024851,low
ORD_0024852,low
ORD_0024853,low
ORD_0024854,medium
ORD_0024855,high
ORD_0024856,low
ORD_0024857,high
ORD_0024858,medium
ORD_0024859,low
ORD_0024860,low
ORD_0024861,high
ORD_0024862,low
ORD_0024863,low
ORD_0024864,low
ORD_0024865,high
ORD_0024866,high
ORD_0024867,low
ORD_0024868,high
ORD_0024869,medium
ORD_0024870,high
ORD_0024871,low
ORD_0024872,low
ORD_0024873,low
ORD_0024874,low
ORD_0024875,medium
ORD_0024876,medium
ORD_0024877,medium
ORD_0024878,high
ORD_0024879,low
ORD_0024880,low
ORD_0024881,low
ORD_0024882,low
ORD_0024883,low
ORD_0024884,low
ORD_0024885,medium
ORD_0024886,medium
ORD_0024887,low
ORD_0024888,medium
ORD_0024889,low
ORD_0024890,low
ORD_0024891,low
ORD_0024892,high
ORD_0024893,high
ORD_0024894,high
ORD_0024895,low
ORD_0024896,medium
ORD_0024897,low
ORD_0024898,low
ORD_0024899,medium
ORD_0024900,low
ORD_0024901,high
ORD_0024902,low
ORD_0024903,low
ORD_0024904,medium
ORD_0024905,low
ORD_0024906,medium
ORD_0024907,high
ORD_0024908,low
ORD_0024909,low
ORD_0024910,high
ORD_0024911,high
ORD_0024912,low
ORD_0024913,low
ORD_0024914,medium
ORD_0024915,low
ORD_0024916,medium
ORD_0024917,low
ORD_0024918,low
ORD_0024919,high
ORD_0024920,medium
ORD_0024921,low
ORD_0024922,high
ORD_0024923,low
ORD_0024924,low
ORD_0024925,medium
ORD_0024926,low
ORD_0024927,medium
ORD_0024928,medium
ORD_0024929,low
ORD_0024930,low
ORD_0024931,low
ORD_0024932,high
ORD_0024933,low
ORD_0024934,low
ORD_0024935,high
ORD_0024936,high
ORD_0024937,low
ORD_0024938,medium
ORD_0024939,low
ORD_0024940,medium
ORD_0024941,low
ORD_0024942,low
ORD_0024943,medium
ORD_0024944,high
ORD_0024945,low
ORD_0024946,low
ORD_0024947,high
ORD_0024948,medium
ORD_0024949,low
ORD_0024950,medium
ORD_0024951,high
ORD_0024952,medium
ORD_0024953,high
ORD_0024954,high
ORD_0024955,low
ORD_0024956,medium
ORD_0024957,low
ORD_0024958,high
ORD_0024959,medium
ORD_0024960,low
ORD_0024961,low
ORD_0024962,low
ORD_0024963,low
ORD_0024964,high
ORD_0024965,medium
ORD_0024966,low
ORD_0024967,low
ORD_0024968,medium
ORD_0024969,low
ORD_0024970,low
ORD_0024971,low
ORD_0024972,low
ORD_0024973,high
ORD_0024974,high
ORD_0024975,low
ORD_0024976,low
ORD_0024977,low
ORD_0024978,medium
ORD_0024979,low
ORD_0024980,high
ORD_0024981,medium
ORD_0024982,low
ORD_0024983,low
ORD_0024984,low
ORD_0024985,high
ORD_0024986,medium
ORD_0024987,medium
ORD_0024988,high
ORD_0024989,medium
ORD_0024990,medium
ORD_0024991,low
ORD_0024992,medium
ORD_0024993,high
ORD_0024994,high
ORD_0024995,medium
ORD_0024996,medium
ORD_0024997,low
ORD_0024998,low
ORD_0024999,medium
ORD_0025000,high
ORD_0025001,low
ORD_0025002,low
ORD_0025003,high
ORD_0025004,low
ORD_0025005,low
ORD_0025006,high
ORD_0025007,medium
ORD_0025008,low
ORD_0025009,high
ORD_0025010,high
ORD_0025011,low
ORD_0025012,medium
ORD_0025013,medium
ORD_0025014,high
ORD_0025015,low
ORD_0025016,high
ORD_0025017,low
ORD_0025018,low
ORD_0025019,medium
ORD_0025020,medium
ORD_0025021,high
ORD_0025022,medium
ORD_0025023,high
ORD_0025024,low
ORD_0025025,low
ORD_0025026,high
ORD_0025027,low
ORD_0025028,low
ORD_0025029,high
ORD_0025030,high
ORD_0025031,low
ORD_0025032,low
ORD_0025033,medium
ORD_0025034,low
ORD_0025035,medium
ORD_0025036,medium
ORD_0025037,medium
ORD_0025038,low
ORD_0025039,low
ORD_0025040,low
ORD_0025041,high
ORD_0025042,low
ORD_0025043,medium
ORD_0025044,low
ORD_0025045,low
ORD_0025046,high
ORD_0025047,medium
ORD_0025048,low
ORD_0025049,low
ORD_0025050,low
ORD_0025051,medium
ORD_0025052,low
ORD_0025053,low
ORD_0025054,medium
ORD_0025055,medium
ORD_0025056,high
ORD_0025057,low
ORD_0025058,medium
ORD_0025059,low
ORD_0025060,high
ORD_0025061,low
ORD_0025062,medium
ORD_0025063,high
ORD_0025064,medium
ORD_0025065,medium
ORD_0025066,low
ORD_0025067,medium
ORD_0025068,low
ORD_0025069,low
ORD_0025070,medium
ORD_0025071,low
ORD_0025072,high
ORD_0025073,medium
ORD_0025074,low
ORD_0025075,high
ORD_0025076,medium
ORD_0025077,low
ORD_0025078,medium
ORD_0025079,low
ORD_0025080,low
ORD_0025081,medium
ORD_0025082,high
ORD_0025083,low
ORD_0025084,medium
ORD_0025085,low
ORD_0025086,medium
ORD_0025087,high
ORD_0025088,medium
ORD_0025089,low
ORD_0025090,medium
ORD_0025091,medium
ORD_0025092,low
ORD_0025093,high
ORD_0025094,medium
ORD_0025095,medium
ORD_0025096,low
ORD_0025097,medium
ORD_0025098,medium
ORD_0025099,medium
ORD_0025100,medium
ORD_0025101,medium
ORD_0025102,low
ORD_0025103,low
ORD_0025104,low
ORD_0025105,low
ORD_0025106,low
ORD_0025107,low
ORD_0025108,medium
ORD_0025109,medium
ORD_0025110,high
ORD_0025111,medium
ORD_0025112,low
ORD_0025113,medium
ORD_0025114,low
ORD_0025115,low
ORD_0025116,low
ORD_0025117,low
ORD_0025118,medium
ORD_0025119,low
ORD_0025120,low
ORD_0025121,low
ORD_0025122,low
ORD_0025123,low
ORD_0025124,medium
ORD_0025125,low
ORD_0025126,medium
ORD_0025127,medium
ORD_0025128,low
ORD_0025129,medium
ORD_0025130,low
ORD_0025131,low
ORD_0025132,medium
ORD_0025133,medium
ORD_0025134,low
ORD_0025135,high
ORD_0025136,low
ORD_0025137,medium
ORD_0025138,low
ORD_0025139,medium
ORD_0025140,medium
ORD_0025141,low
ORD_0025142,low
ORD_0025143,medium
ORD_0025144,low
ORD_0025145,medium
ORD_0025146,low
ORD_0025147,medium
ORD_0025148,medium
ORD_0025149,low
ORD_0025150,high
ORD_0025151,medium
ORD_0025152,low
ORD_0025153,low
ORD_0025154,medium
ORD_0025155,low
ORD_0025156,high
ORD_0025157,high
ORD_0025158,medium
ORD_0025159,medium
ORD_0025160,low
ORD_0025161,high
ORD_0025162,low
ORD_0025163,low
ORD_0025164,low
ORD_0025165,medium
ORD_0025166,medium
ORD_0025167,medium
ORD_0025168,medium
ORD_0025169,high
ORD_0025170,high
ORD_0025171,low
ORD_0025172,low
ORD_0025173,medium
ORD_0025174,low
ORD_0025175,low
ORD_0025176,high
ORD_0025177,low
ORD_0025178,medium
ORD_0025179,high
ORD_0025180,high
ORD_0025181,low
ORD_0025182,low
ORD_0025183,low
ORD_0025184,low
ORD_0025185,low
ORD_0025186,high
ORD_0025187,low
ORD_0025188,low
ORD_0025189,low
ORD_0025190,high
ORD_0025191,medium
ORD_0025192,low
ORD_0025193,medium
ORD_0025194,low
ORD_0025195,medium
ORD_0025196,medium
ORD_0025197,low
ORD_0025198,medium
ORD_0025199,medium
ORD_0025200,low
ORD_0025201,medium
ORD_0025202,low
ORD_0025203,low
ORD_0025204,low
ORD_0025205,high
ORD_0025206,medium
ORD_0025207,low
ORD_0025208,low
ORD_0025209,medium
ORD_0025210,medium
ORD_0025211,high
ORD_0025212,high
ORD_0025213,medium
ORD_0025214,low
ORD_0025215,high
ORD_0025216,low
ORD_0025217,low
ORD_0025218,low
ORD_0025219,low
ORD_0025220,medium
ORD_0025221,low
ORD_0025222,low
ORD_0025223,high
ORD_0025224,low
ORD_0025225,low
ORD_0025226,low
ORD_0025227,medium
ORD_0025228,low
ORD_0025229,low
ORD_0025230,high
ORD_0025231,low
ORD_0025232,high
ORD_0025233,low
ORD_0025234,high
ORD_0025235,low
ORD_0025236,medium
ORD_0025237,medium
ORD_0025238,low
ORD_0025239,low
ORD_0025240,low
ORD_0025241,low
ORD_0025242,medium
ORD_0025243,medium
ORD_0025244,medium
ORD_0025245,low
ORD_0025246,high
ORD_0025247,medium
ORD_0025248,low
ORD_0025249,low
ORD_0025250,low
ORD_0025251,low
ORD_0025252,low
ORD_0025253,medium
ORD_0025254,low
ORD_0025255,high
ORD_0025256,medium
ORD_0025257,low
ORD_0025258,low
ORD_0025259,low
ORD_0025260,low
ORD_0025261,low
ORD_0025262,low
ORD_0025263,low
ORD_0025264,high
ORD_0025265,low
ORD_0025266,medium
ORD_0025267,high
ORD_0025268,low
ORD_0025269,high
ORD_0025270,low
ORD_0025271,medium
ORD_0025272,low
ORD_0025273,high
ORD_0025274,medium
ORD_0025275,low
ORD_0025276,medium
ORD_0025277,medium
ORD_0025278,low
ORD_0025279,low
ORD_0025280,low
ORD_0025281,medium
ORD_0025282,low
ORD_0025283,medium
ORD_0025284,low
ORD_0025285,high
ORD_0025286,high
ORD_0025287,low
ORD_0025288,low
ORD_0025289,medium
ORD_0025290,medium
ORD_0025291,high
ORD_0025292,high
ORD_0025293,medium
ORD_0025294,low
ORD_0025295,high
ORD_0025296,low
ORD_0025297,low
ORD_0025298,low
ORD_0025299,high
ORD_0025300,high
ORD_0025301,low
ORD_0025302,low
ORD_0025303,low
ORD_0025304,low
ORD_0025305,medium
ORD_0025306,low
ORD_0025307,low
ORD_0025308,low
ORD_0025309,low
ORD_0025310,low
ORD_0025311,medium
ORD_0025312,low
ORD_0025313,low
ORD_0025314,medium
ORD_0025315,medium
ORD_0025316,low
ORD_0025317,high
ORD_0025318,low
ORD_0025319,medium
ORD_0025320,low
ORD_0025321,high
ORD_0025322,low
ORD_0025323,low
ORD_0025324,low
ORD_0025325,medium
ORD_0025326,low
ORD_0025327,low
ORD_0025328,low
ORD_0025329,medium
ORD_0025330,low
ORD_0025331,medium
ORD_0025332,medium
ORD_0025333,medium
ORD_0025334,low
ORD_0025335,low
ORD_0025336,low
ORD_0025337,medium
ORD_0025338,low
ORD_0025339,medium
ORD_0025340,low
ORD_0025341,low
ORD_0025342,high
ORD_0025343,low
ORD_0025344,medium
ORD_0025345,high
ORD_0025346,medium
ORD_0025347,low
ORD_0025348,low
ORD_0025349,low
ORD_0025350,low
ORD_0025351,low
ORD_0025352,low
ORD_0025353,medium
ORD_0025354,medium
ORD_0025355,medium
ORD_0025356,low
ORD_0025357,medium
ORD_0025358,medium
ORD_0025359,low
ORD_0025360,medium
ORD_0025361,medium
ORD_0025362,high
ORD_0025363,medium
ORD_0025364,high
ORD_0025365,high
ORD_0025366,medium
ORD_0025367,low
ORD_0025368,low
ORD_0025369,medium
ORD_0025370,medium
ORD_0025371,medium
ORD_0025372,low
ORD_0025373,high
ORD_0025374,medium
ORD_0025375,high
ORD_0025376,low
ORD_0025377,low
ORD_0025378,low
ORD_0025379,medium
ORD_0025380,medium
ORD_0025381,medium
ORD_0025382,high
ORD_0025383,low
ORD_0025384,low
ORD_0025385,low
ORD_0025386,low
ORD_0025387,low
ORD_0025388,medium
ORD_0025389,low
ORD_0025390,high
ORD_0025391,medium
ORD_0025392,medium
ORD_0025393,medium
ORD_0025394,low
ORD_0025395,low
ORD_0025396,high
ORD_0025397,low
ORD_0025398,high
ORD_0025399,low
ORD_0025400,medium
ORD_0025401,medium
ORD_0025402,low
ORD_0025403,medium
ORD_0025404,low
ORD_0025405,low
ORD_0025406,low
ORD_0025407,medium
ORD_0025408,high
ORD_0025409,medium
ORD_0025410,high
ORD_0025411,medium
ORD_0025412,low
ORD_0025413,low
ORD_0025414,medium
ORD_0025415,high
ORD_0025416,low
ORD_0025417,low
ORD_0025418,low
ORD_0025419,high
ORD_0025420,medium
ORD_0025421,medium
ORD_0025422,medium
ORD_0025423,medium
ORD_0025424,low
ORD_0025425,low
ORD_0025426,medium
ORD_0025427,low
ORD_0025428,medium
ORD_0025429,low
ORD_0025430,low
ORD_0025431,medium
ORD_0025432,low
ORD_0025433,low
ORD_0025434,low
ORD_0025435,medium
ORD_0025436,low
ORD_0025437,low
ORD_0025438,medium
ORD_0025439,low
ORD_0025440,low
ORD_0025441,medium
ORD_0025442,low
ORD_0025443,medium
ORD_0025444,medium
ORD_0025445,low
ORD_0025446,high
ORD_0025447,low
ORD_0025448,low
ORD_0025449,medium
ORD_0025450,high
ORD_0025451,medium
ORD_0025452,low
ORD_0025453,high
ORD_0025454,low
ORD_0025455,low
ORD_0025456,low
ORD_0025457,low
ORD_0025458,low
ORD_0025459,medium
ORD_0025460,medium
ORD_0025461,low
ORD_0025462,low
ORD_0025463,high
ORD_0025464,low
ORD_0025465,low
ORD_0025466,medium
ORD_0025467,low
ORD_0025468,low
ORD_0025469,low
ORD_0025470,low
ORD_0025471,medium
ORD_0025472,high
ORD_0025473,low
ORD_0025474,medium
ORD_0025475,high
ORD_0025476,low
ORD_0025477,low
ORD_0025478,medium
ORD_0025479,low
ORD_0025480,medium
ORD_0025481,high
ORD_0025482,low
ORD_0025483,high
ORD_0025484,low
ORD_0025485,low
ORD_0025486,low
ORD_0025487,high
ORD_0025488,high
ORD_0025489,high
ORD_0025490,medium
ORD_0025491,low
ORD_0025492,low
ORD_0025493,low
ORD_0025494,low
ORD_0025495,high
ORD_0025496,low
ORD_0025497,low
ORD_0025498,medium
ORD_0025499,high
ORD_0025500,low
ORD_0025501,high
ORD_0025502,high
ORD_0025503,low
ORD_0025504,high
ORD_0025505,low
ORD_0025506,low
ORD_0025507,high
ORD_0025508,low
ORD_0025509,low
ORD_0025510,high
ORD_0025511,medium
ORD_0025512,high
ORD_0025513,medium
ORD_0025514,high
ORD_0025515,low
ORD_0025516,high
ORD_0025517,low
ORD_0025518,low
ORD_0025519,medium
ORD_0025520,medium
ORD_0025521,low
ORD_0025522,medium
ORD_0025523,medium
ORD_0025524,high
ORD_0025525,medium
ORD_0025526,low
ORD_0025527,medium
ORD_0025528,low
ORD_0025529,low
ORD_0025530,medium
ORD_0025531,high
ORD_0025532,medium
ORD_0025533,medium
ORD_0025534,low
ORD_0025535,low
ORD_0025536,low
ORD_0025537,low
ORD_0025538,low
ORD_0025539,low
ORD_0025540,low
ORD_0025541,low
ORD_0025542,low
ORD_0025543,low
ORD_0025544,low
ORD_0025545,medium
ORD_0025546,high
ORD_0025547,high
ORD_0025548,low
ORD_0025549,low
ORD_0025550,medium
ORD_0025551,medium
ORD_0025552,medium
ORD_0025553,medium
ORD_0025554,low
ORD_0025555,medium
ORD_0025556,low
ORD_0025557,low
ORD_0025558,high
ORD_0025559,medium
ORD_0025560,medium
ORD_0025561,medium
ORD_0025562,medium
ORD_0025563,low
ORD_0025564,low
ORD_0025565,high
ORD_0025566,low
ORD_0025567,low
ORD_0025568,low
ORD_0025569,medium
ORD_0025570,medium
ORD_0025571,low
ORD_0025572,medium
ORD_0025573,low
ORD_0025574,low
ORD_0025575,low
ORD_0025576,low
ORD_0025577,medium
ORD_0025578,low
ORD_0025579,medium
ORD_0025580,low
ORD_0025581,medium
ORD_0025582,medium
ORD_0025583,medium
ORD_0025584,medium
ORD_0025585,medium
ORD_0025586,low
ORD_0025587,medium
ORD_0025588,high
ORD_0025589,medium
ORD_0025590,low
ORD_0025591,low
ORD_0025592,medium
ORD_0025593,low
ORD_0025594,low
ORD_0025595,low
ORD_0025596,low
ORD_0025597,high
ORD_0025598,low
ORD_0025599,low
ORD_0025600,low
ORD_0025601,low
ORD_0025602,low
ORD_0025603,low
ORD_0025604,high
ORD_0025605,low
ORD_0025606,medium
ORD_0025607,high
ORD_0025608,high
ORD_0025609,medium
ORD_0025610,low
ORD_0025611,low
ORD_0025612,medium
ORD_0025613,high
ORD_0025614,low
ORD_0025615,low
ORD_0025616,high
ORD_0025617,high
ORD_0025618,low
ORD_0025619,low
ORD_0025620,low
ORD_0025621,high
ORD_0025622,medium
ORD_0025623,low
ORD_0025624,low
ORD_0025625,low
ORD_0025626,low
ORD_0025627,medium
ORD_0025628,medium
ORD_0025629,medium
ORD_0025630,low
ORD_0025631,high
ORD_0025632,high
ORD_0025633,low
ORD_0025634,low
ORD_0025635,low
ORD_0025636,low
ORD_0025637,high
ORD_0025638,low
ORD_0025639,low
ORD_0025640,low
ORD_0025641,low
ORD_0025642,low
ORD_0025643,medium
ORD_0025644,low
ORD_0025645,low
ORD_0025646,low
ORD_0025647,low
ORD_0025648,low
ORD_0025649,medium
ORD_0025650,low
ORD_0025651,low
ORD_0025652,low
ORD_0025653,high
ORD_0025654,high
ORD_0025655,medium
ORD_0025656,low
ORD_0025657,low
ORD_0025658,low
ORD_0025659,low
ORD_0025660,low
ORD_0025661,medium
ORD_0025662,medium
ORD_0025663,medium
ORD_0025664,low
ORD_0025665,low
ORD_0025666,high
ORD_0025667,low
ORD_0025668,low
ORD_0025669,medium
ORD_0025670,low
ORD_0025671,high
ORD_0025672,low
ORD_0025673,low
ORD_0025674,low
ORD_0025675,medium
ORD_0025676,high
ORD_0025677,medium
ORD_0025678,high
ORD_0025679,high
ORD_0025680,high
ORD_0025681,medium
ORD_0025682,low
ORD_0025683,low
ORD_0025684,medium
ORD_0025685,low
ORD_0025686,medium
ORD_0025687,low
ORD_0025688,medium
ORD_0025689,low
ORD_0025690,medium
ORD_0025691,medium
ORD_0025692,high
ORD_0025693,low
ORD_0025694,low
ORD_0025695,low
ORD_0025696,medium
ORD_0025697,low
ORD_0025698,low
ORD_0025699,low
ORD_0025700,low
ORD_0025701,medium
ORD_0025702,low
ORD_0025703,high
ORD_0025704,high
ORD_0025705,high
ORD_0025706,low
ORD_0025707,medium
ORD_0025708,low
ORD_0025709,high
ORD_0025710,low
ORD_0025711,low
ORD_0025712,low
ORD_0025713,high
ORD_0025714,high
ORD_0025715,medium
ORD_0025716,low
ORD_0025717,low
ORD_0025718,low
ORD_0025719,medium
ORD_0025720,low
ORD_0025721,low
ORD_0025722,medium
ORD_0025723,medium
ORD_0025724,medium
ORD_0025725,high
ORD_0025726,low
ORD_0025727,high
ORD_0025728,low
ORD_0025729,high
ORD_0025730,low
ORD_0025731,medium
ORD_0025732,medium
ORD_0025733,low
ORD_0025734,low
ORD_0025735,low
ORD_0025736,high
ORD_0025737,low
ORD_0025738,high
ORD_0025739,medium
ORD_0025740,medium
ORD_0025741,low
ORD_0025742,high
ORD_0025743,high
ORD_0025744,medium
ORD_0025745,low
ORD_0025746,high
ORD_0025747,low
ORD_0025748,low
ORD_0025749,medium
ORD_0025750,medium
ORD_0025751,low
ORD_0025752,low
ORD_0025753,low
ORD_0025754,medium
ORD_0025755,low
ORD_0025756,low
ORD_0025757,medium
ORD_0025758,high
ORD_0025759,low
ORD_0025760,low
ORD_0025761,medium
ORD_0025762,high
ORD_0025763,low
ORD_0025764,high
ORD_0025765,high
ORD_0025766,high
ORD_0025767,medium
ORD_0025768,low
ORD_0025769,medium
ORD_0025770,low
ORD_0025771,low
ORD_0025772,low
ORD_0025773,high
ORD_0025774,high
ORD_0025775,low
ORD_0025776,high
ORD_0025777,high
ORD_0025778,high
ORD_0025779,high
ORD_0025780,medium
ORD_0025781,medium
ORD_0025782,low
ORD_0025783,medium
ORD_0025784,low
ORD_0025785,high
ORD_0025786,low
ORD_0025787,low
ORD_0025788,high
ORD_0025789,low
ORD_0025790,high
ORD_0025791,medium
ORD_0025792,high
ORD_0025793,medium
ORD_0025794,high
ORD_0025795,low
ORD_0025796,medium
ORD_0025797,low
ORD_0025798,low
ORD_0025799,low
ORD_0025800,high
ORD_0025801,medium
ORD_0025802,high
ORD_0025803,low
ORD_0025804,medium
ORD_0025805,low
ORD_0025806,low
ORD_0025807,low
ORD_0025808,low
ORD_0025809,medium
ORD_0025810,low
ORD_0025811,medium
ORD_0025812,low
ORD_0025813,low
ORD_0025814,medium
ORD_0025815,high
ORD_0025816,high
ORD_0025817,medium
ORD_0025818,high
ORD_0025819,medium
ORD_0025820,low
ORD_0025821,medium
ORD_0025822,low
ORD_0025823,low
ORD_0025824,low
ORD_0025825,low
ORD_0025826,high
ORD_0025827,low
ORD_0025828,medium
ORD_0025829,low
ORD_0025830,high
ORD_0025831,low
ORD_0025832,high
ORD_0025833,low
ORD_0025834,high
ORD_0025835,high
ORD_0025836,low
ORD_0025837,low
ORD_0025838,low
ORD_0025839,medium
ORD_0025840,low
ORD_0025841,low
ORD_0025842,low
ORD_0025843,medium
ORD_0025844,low
ORD_0025845,low
ORD_0025846,low
ORD_0025847,low
ORD_0025848,high
ORD_0025849,medium
ORD_0025850,medium
ORD_0025851,low
ORD_0025852,low
ORD_0025853,low
ORD_0025854,low
ORD_0025855,low
ORD_0025856,low
ORD_0025857,low
ORD_0025858,high
ORD_0025859,high
ORD_0025860,low
ORD_0025861,medium
ORD_0025862,low
ORD_0025863,low
ORD_0025864,low
ORD_0025865,low
ORD_0025866,low
ORD_0025867,high
ORD_0025868,low
ORD_0025869,high
ORD_0025870,high
ORD_0025871,medium
ORD_0025872,low
ORD_0025873,low
ORD_0025874,low
ORD_0025875,medium
ORD_0025876,high
ORD_0025877,medium
ORD_0025878,low
ORD_0025879,low
ORD_0025880,low
ORD_0025881,medium
ORD_0025882,medium
ORD_0025883,low
ORD_0025884,low
ORD_0025885,high
ORD_0025886,medium
ORD_0025887,low
ORD_0025888,medium
ORD_0025889,high
ORD_0025890,high
ORD_0025891,low
ORD_0025892,medium
ORD_0025893,high
ORD_0025894,low
ORD_0025895,low
ORD_0025896,medium
ORD_0025897,high
ORD_0025898,low
ORD_0025899,medium
ORD_0025900,medium
ORD_0025901,low
ORD_0025902,low
ORD_0025903,medium
ORD_0025904,low
ORD_0025905,medium
ORD_0025906,low
ORD_0025907,low
ORD_0025908,low
ORD_0025909,low
ORD_0025910,high
ORD_0025911,low
ORD_0025912,medium
ORD_0025913,low
ORD_0025914,low
ORD_0025915,low
ORD_0025916,low
ORD_0025917,medium
ORD_0025918,high
ORD_0025919,low
ORD_0025920,medium
ORD_0025921,low
ORD_0025922,medium
ORD_0025923,low
ORD_0025924,medium
ORD_0025925,high
ORD_0025926,medium
ORD_0025927,medium
ORD_0025928,low
ORD_0025929,low
ORD_0025930,medium
ORD_0025931,low
ORD_0025932,medium
ORD_0025933,low
ORD_0025934,low
ORD_0025935,medium
ORD_0025936,medium
ORD_0025937,medium
ORD_0025938,low
ORD_0025939,medium
ORD_0025940,medium
ORD_0025941,low
ORD_0025942,high
ORD_0025943,medium
ORD_0025944,medium
ORD_0025945,medium
ORD_0025946,medium
ORD_0025947,low
ORD_0025948,medium
ORD_0025949,medium
ORD_0025950,low
ORD_0025951,high
ORD_0025952,low
ORD_0025953,medium
ORD_0025954,low
ORD_0025955,medium
ORD_0025956,low
ORD_0025957,low
ORD_0025958,low
ORD_0025959,low
ORD_0025960,medium
ORD_0025961,low
ORD_0025962,medium
ORD_0025963,low
ORD_0025964,low
ORD_0025965,low
ORD_0025966,low
ORD_0025967,high
ORD_0025968,low
ORD_0025969,high
ORD_0025970,low
ORD_0025971,medium
ORD_0025972,medium
ORD_0025973,low
ORD_0025974,low
ORD_0025975,low
ORD_0025976,low
ORD_0025977,medium
ORD_0025978,medium
ORD_0025979,medium
ORD_0025980,low
ORD_0025981,high
ORD_0025982,low
ORD_0025983,low
ORD_0025984,low
ORD_0025985,medium
ORD_0025986,low
ORD_0025987,low
ORD_0025988,medium
ORD_0025989,medium
ORD_0025990,medium
ORD_0025991,medium
ORD_0025992,low
ORD_0025993,medium
ORD_0025994,high
ORD_0025995,low
ORD_0025996,high
ORD_0025997,medium
ORD_0025998,medium
ORD_0025999,high
ORD_0026000,low
ORD_0026001,high
ORD_0026002,medium
ORD_0026003,low
ORD_0026004,low
ORD_0026005,low
ORD_0026006,high
ORD_0026007,medium
ORD_0026008,high
ORD_0026009,low
ORD_0026010,medium
ORD_0026011,low
ORD_0026012,low
ORD_0026013,high
ORD_0026014,high
ORD_0026015,medium
ORD_0026016,low
ORD_0026017,low
ORD_0026018,high
ORD_0026019,low
ORD_0026020,medium
ORD_0026021,low
ORD_0026022,high
ORD_0026023,low
ORD_0026024,low
ORD_0026025,high
ORD_0026026,low
ORD_0026027,medium
ORD_0026028,low
ORD_0026029,high
ORD_0026030,medium
ORD_0026031,low
ORD_0026032,high
ORD_0026033,low
ORD_0026034,medium
ORD_0026035,high
ORD_0026036,high
ORD_0026037,low
ORD_0026038,low
ORD_0026039,low
ORD_0026040,medium
ORD_0026041,medium
ORD_0026042,low
ORD_0026043,low
ORD_0026044,low
ORD_0026045,high
ORD_0026046,medium
ORD_0026047,low
ORD_0026048,low
ORD_0026049,low
ORD_0026050,low
ORD_0026051,low
ORD_0026052,medium
ORD_0026053,low
ORD_0026054,medium
ORD_0026055,medium
ORD_0026056,low
ORD_0026057,low
ORD_0026058,medium
ORD_0026059,low
ORD_0026060,low
ORD_0026061,high
ORD_0026062,medium
ORD_0026063,medium
ORD_0026064,low
ORD_0026065,low
ORD_0026066,low
ORD_0026067,high
ORD_0026068,medium
ORD_0026069,low
ORD_0026070,high
ORD_0026071,high
ORD_0026072,medium
ORD_0026073,medium
ORD_0026074,low
ORD_0026075,low
ORD_0026076,medium
ORD_0026077,high
ORD_0026078,low
ORD_0026079,low
ORD_0026080,medium
ORD_0026081,high
ORD_0026082,high
ORD_0026083,low
ORD_0026084,low
ORD_0026085,medium
ORD_0026086,high
ORD_0026087,low
ORD_0026088,low
ORD_0026089,high
ORD_0026090,high
ORD_0026091,low
ORD_0026092,low
ORD_0026093,high
ORD_0026094,low
ORD_0026095,medium
ORD_0026096,low
ORD_0026097,medium
ORD_0026098,medium
ORD_0026099,high
ORD_0026100,low
ORD_0026101,low
ORD_0026102,low
ORD_0026103,low
ORD_0026104,medium
ORD_0026105,medium
ORD_0026106,high
ORD_0026107,high
ORD_0026108,medium
ORD_0026109,high
ORD_0026110,low
ORD_0026111,medium
ORD_0026112,medium
ORD_0026113,low
ORD_0026114,high
ORD_0026115,medium
ORD_0026116,low
ORD_0026117,low
ORD_0026118,low
ORD_0026119,medium
ORD_0026120,medium
ORD_0026121,low
ORD_0026122,high
ORD_0026123,low
ORD_0026124,medium
ORD_0026125,medium
ORD_0026126,low
ORD_0026127,low
ORD_0026128,medium
ORD_0026129,low
ORD_0026130,medium
ORD_0026131,low
ORD_0026132,medium
ORD_0026133,high
ORD_0026134,low
ORD_0026135,low
ORD_0026136,low
ORD_0026137,low
ORD_0026138,medium
ORD_0026139,medium
ORD_0026140,low
ORD_0026141,low
ORD_0026142,low
ORD_0026143,medium
ORD_0026144,medium
ORD_0026145,low
ORD_0026146,medium
ORD_0026147,low
ORD_0026148,low
ORD_0026149,low
ORD_0026150,low
ORD_0026151,medium
ORD_0026152,medium
ORD_0026153,low
ORD_0026154,high
ORD_0026155,high
ORD_0026156,low
ORD_0026157,medium
ORD_0026158,medium
ORD_0026159,low
ORD_0026160,high
ORD_0026161,low
ORD_0026162,low
ORD_0026163,low
ORD_0026164,high
ORD_0026165,high
ORD_0026166,low
ORD_0026167,medium
ORD_0026168,low
ORD_0026169,medium
ORD_0026170,medium
ORD_0026171,low
ORD_0026172,low
ORD_0026173,low
ORD_0026174,medium
ORD_0026175,medium
ORD_0026176,high
ORD_0026177,low
ORD_0026178,low
ORD_0026179,low
ORD_0026180,high
ORD_0026181,high
ORD_0026182,medium
ORD_0026183,medium
ORD_0026184,high
ORD_0026185,low
ORD_0026186,low
ORD_0026187,low
ORD_0026188,low
ORD_0026189,high
ORD_0026190,medium
ORD_0026191,medium
ORD_0026192,low
ORD_0026193,high
ORD_0026194,low
ORD_0026195,low
ORD_0026196,medium
ORD_0026197,medium
ORD_0026198,medium
ORD_0026199,low
ORD_0026200,medium
ORD_0026201,high
ORD_0026202,high
ORD_0026203,medium
ORD_0026204,medium
ORD_0026205,low
ORD_0026206,low
ORD_0026207,medium
ORD_0026208,medium
ORD_0026209,medium
ORD_0026210,low
ORD_0026211,low
ORD_0026212,low
ORD_0026213,low
ORD_0026214,high
ORD_0026215,medium
ORD_0026216,high
ORD_0026217,medium
ORD_0026218,medium
ORD_0026219,medium
ORD_0026220,low
ORD_0026221,medium
ORD_0026222,high
ORD_0026223,high
ORD_0026224,low
ORD_0026225,low
ORD_0026226,medium
ORD_0026227,high
ORD_0026228,low
ORD_0026229,low
ORD_0026230,low
ORD_0026231,medium
ORD_0026232,low
ORD_0026233,medium
ORD_0026234,low
ORD_0026235,high
ORD_0026236,low
ORD_0026237,medium
ORD_0026238,medium
ORD_0026239,low
ORD_0026240,low
ORD_0026241,low
ORD_0026242,low
ORD_0026243,high
ORD_0026244,high
ORD_0026245,high
ORD_0026246,medium
ORD_0026247,medium
ORD_0026248,medium
ORD_0026249,medium
ORD_0026250,low
ORD_0026251,medium
ORD_0026252,medium
ORD_0026253,high
ORD_0026254,medium
ORD_0026255,medium
ORD_0026256,medium
ORD_0026257,medium
ORD_0026258,medium
ORD_0026259,low
ORD_0026260,low
ORD_0026261,low
ORD_0026262,low
ORD_0026263,low
ORD_0026264,medium
ORD_0026265,low
ORD_0026266,high
ORD_0026267,medium
ORD_0026268,medium
ORD_0026269,medium
ORD_0026270,low
ORD_0026271,low
ORD_0026272,low
ORD_0026273,medium
ORD_0026274,medium
ORD_0026275,low
ORD_0026276,low
ORD_0026277,medium
ORD_0026278,high
ORD_0026279,low
ORD_0026280,medium
ORD_0026281,low
ORD_0026282,low
ORD_0026283,medium
ORD_0026284,low
ORD_0026285,low
ORD_0026286,low
ORD_0026287,medium
ORD_0026288,low
ORD_0026289,medium
ORD_0026290,low
ORD_0026291,medium
ORD_0026292,medium
ORD_0026293,low
ORD_0026294,medium
ORD_0026295,low
ORD_0026296,medium
ORD_0026297,high
ORD_0026298,high
ORD_0026299,low
ORD_0026300,low
ORD_0026301,low
ORD_0026302,medium
ORD_0026303,low
ORD_0026304,medium
ORD_0026305,high
ORD_0026306,medium
ORD_0026307,low
ORD_0026308,high
ORD_0026309,low
ORD_0026310,low
ORD_0026311,low
ORD_0026312,low
ORD_0026313,low
ORD_0026314,high
ORD_0026315,low
ORD_0026316,high
ORD_0026317,high
ORD_0026318,medium
ORD_0026319,medium
ORD_0026320,high
ORD_0026321,low
ORD_0026322,low
ORD_0026323,low
ORD_0026324,low
ORD_0026325,low
ORD_0026326,low
ORD_0026327,low
ORD_0026328,low
ORD_0026329,low
ORD_0026330,medium
ORD_0026331,low
ORD_0026332,high
ORD_0026333,low
ORD_0026334,medium
ORD_0026335,low
ORD_0026336,medium
ORD_0026337,high
ORD_0026338,low
ORD_0026339,medium
ORD_0026340,medium
ORD_0026341,low
ORD_0026342,low
ORD_0026343,low
ORD_0026344,medium
ORD_0026345,medium
ORD_0026346,low
ORD_0026347,medium
ORD_0026348,low
ORD_0026349,low
ORD_0026350,medium
ORD_0026351,medium
ORD_0026352,medium
ORD_0026353,low
ORD_0026354,low
ORD_0026355,low
ORD_0026356,low
ORD_0026357,high
ORD_0026358,high
ORD_0026359,low
ORD_0026360,low
ORD_0026361,medium
ORD_0026362,low
ORD_0026363,medium
ORD_0026364,low
ORD_0026365,low
ORD_0026366,medium
ORD_0026367,low
ORD_0026368,low
ORD_0026369,medium
ORD_0026370,low
ORD_0026371,low
ORD_0026372,high
ORD_0026373,medium
ORD_0026374,high
ORD_0026375,medium
ORD_0026376,high
ORD_0026377,medium
ORD_0026378,medium
ORD_0026379,low
ORD_0026380,low
ORD_0026381,low
ORD_0026382,medium
ORD_0026383,low
ORD_0026384,medium
ORD_0026385,high
ORD_0026386,medium
ORD_0026387,low
ORD_0026388,medium
ORD_0026389,high
ORD_0026390,low
ORD_0026391,low
ORD_0026392,medium
ORD_0026393,low
ORD_0026394,high
ORD_0026395,low
ORD_0026396,medium
ORD_0026397,medium
ORD_0026398,low
ORD_0026399,medium
ORD_0026400,low
ORD_0026401,low
ORD_0026402,medium
ORD_0026403,low
ORD_0026404,medium
ORD_0026405,medium
ORD_0026406,high
ORD_0026407,low
ORD_0026408,low
ORD_0026409,medium
ORD_0026410,high
ORD_0026411,high
ORD_0026412,high
ORD_0026413,high
ORD_0026414,high
ORD_0026415,medium
ORD_0026416,high
ORD_0026417,low
ORD_0026418,medium
ORD_0026419,low
ORD_0026420,medium
ORD_0026421,high
ORD_0026422,high
ORD_0026423,low
ORD_0026424,medium
ORD_0026425,medium
ORD_0026426,medium
ORD_0026427,low
ORD_0026428,low
ORD_0026429,low
ORD_0026430,low
ORD_0026431,low
ORD_0026432,low
ORD_0026433,medium
ORD_0026434,low
ORD_0026435,high
ORD_0026436,low
ORD_0026437,high
ORD_0026438,high
ORD_0026439,low
ORD_0026440,medium
ORD_0026441,high
ORD_0026442,medium
ORD_0026443,medium
ORD_0026444,medium
ORD_0026445,high
ORD_0026446,low
ORD_0026447,medium
ORD_0026448,medium
ORD_0026449,low
ORD_0026450,low
ORD_0026451,low
ORD_0026452,low
ORD_0026453,low
ORD_0026454,low
ORD_0026455,medium
ORD_0026456,low
ORD_0026457,low
ORD_0026458,high
ORD_0026459,medium
ORD_0026460,high
ORD_0026461,low
ORD_0026462,low
ORD_0026463,low
ORD_0026464,high
ORD_0026465,low
ORD_0026466,low
ORD_0026467,low
ORD_0026468,medium
ORD_0026469,low
ORD_0026470,medium
ORD_0026471,low
ORD_0026472,low
ORD_0026473,low
ORD_0026474,high
ORD_0026475,medium
ORD_0026476,low
ORD_0026477,low
ORD_0026478,medium
ORD_0026479,low
ORD_0026480,low
ORD_0026481,high
ORD_0026482,high
ORD_0026483,low
ORD_0026484,medium
ORD_0026485,low
ORD_0026486,low
ORD_0026487,high
ORD_0026488,low
ORD_0026489,low
ORD_0026490,medium
ORD_0026491,medium
ORD_0026492,low
ORD_0026493,medium
ORD_0026494,high
ORD_0026495,medium
ORD_0026496,high
ORD_0026497,medium
ORD_0026498,high
ORD_0026499,medium
ORD_0026500,medium
ORD_0026501,low
ORD_0026502,low
ORD_0026503,low
ORD_0026504,low
ORD_0026505,low
ORD_0026506,high
ORD_0026507,low
ORD_0026508,medium
ORD_0026509,medium
ORD_0026510,low
ORD_0026511,low
ORD_0026512,low
ORD_0026513,low
ORD_0026514,medium
ORD_0026515,medium
ORD_0026516,medium
ORD_0026517,low
ORD_0026518,high
ORD_0026519,low
ORD_0026520,medium
ORD_0026521,high
ORD_0026522,low
ORD_0026523,medium
ORD_0026524,high
ORD_0026525,low
ORD_0026526,low
ORD_0026527,medium
ORD_0026528,medium
ORD_0026529,low
ORD_0026530,low
ORD_0026531,low
ORD_0026532,low
ORD_0026533,high
ORD_0026534,medium
ORD_0026535,low
ORD_0026536,medium
ORD_0026537,low
ORD_0026538,low
ORD_0026539,low
ORD_0026540,medium
ORD_0026541,medium
ORD_0026542,low
ORD_0026543,medium
ORD_0026544,medium
ORD_0026545,high
ORD_0026546,high
ORD_0026547,medium
ORD_0026548,high
ORD_0026549,high
ORD_0026550,low
ORD_0026551,low
ORD_0026552,medium
ORD_0026553,low
ORD_0026554,medium
ORD_0026555,medium
ORD_0026556,low
ORD_0026557,low
ORD_0026558,high
ORD_0026559,medium
ORD_0026560,medium
ORD_0026561,low
ORD_0026562,low
ORD_0026563,medium
ORD_0026564,medium
ORD_0026565,low
ORD_0026566,high
ORD_0026567,low
ORD_0026568,high
ORD_0026569,low
ORD_0026570,low
ORD_0026571,medium
ORD_0026572,medium
ORD_0026573,low
ORD_0026574,medium
ORD_0026575,low
ORD_0026576,low
ORD_0026577,medium
ORD_0026578,low
ORD_0026579,high
ORD_0026580,low
ORD_0026581,low
ORD_0026582,medium
ORD_0026583,medium
ORD_0026584,low
ORD_0026585,low
ORD_0026586,high
ORD_0026587,low
ORD_0026588,low
ORD_0026589,medium
ORD_0026590,low
ORD_0026591,low
ORD_0026592,medium
ORD_0026593,high
ORD_0026594,medium
ORD_0026595,low
ORD_0026596,low
ORD_0026597,medium
ORD_0026598,low
ORD_0026599,high
ORD_0026600,low
ORD_0026601,medium
ORD_0026602,medium
ORD_0026603,high
ORD_0026604,high
ORD_0026605,low
ORD_0026606,low
ORD_0026607,medium
ORD_0026608,high
ORD_0026609,low
ORD_0026610,high
ORD_0026611,low
ORD_0026612,low
ORD_0026613,low
ORD_0026614,high
ORD_0026615,low
ORD_0026616,low
ORD_0026617,low
ORD_0026618,high
ORD_0026619,low
ORD_0026620,low
ORD_0026621,high
ORD_0026622,high
ORD_0026623,medium
ORD_0026624,low
ORD_0026625,low
ORD_0026626,low
ORD_0026627,medium
ORD_0026628,low
ORD_0026629,medium
ORD_0026630,high
ORD_0026631,low
ORD_0026632,low
ORD_0026633,low
ORD_0026634,high
ORD_0026635,low
ORD_0026636,low
ORD_0026637,low
ORD_0026638,low
ORD_0026639,medium
ORD_0026640,medium
ORD_0026641,low
ORD_0026642,low
ORD_0026643,medium
ORD_0026644,medium
ORD_0026645,medium
ORD_0026646,medium
ORD_0026647,low
ORD_0026648,medium
ORD_0026649,high
ORD_0026650,low
ORD_0026651,low
ORD_0026652,low
ORD_0026653,medium
ORD_0026654,high
ORD_0026655,high
ORD_0026656,low
ORD_0026657,low
ORD_0026658,low
ORD_0026659,medium
ORD_0026660,high
ORD_0026661,low
ORD_0026662,low
ORD_0026663,high
ORD_0026664,medium
ORD_0026665,medium
ORD_0026666,low
ORD_0026667,medium
ORD_0026668,high
ORD_0026669,high
ORD_0026670,medium
ORD_0026671,high
ORD_0026672,medium
ORD_0026673,low
ORD_0026674,low
ORD_0026675,high
ORD_0026676,low
ORD_0026677,medium
ORD_0026678,high
ORD_0026679,low
ORD_0026680,low
ORD_0026681,low
ORD_0026682,medium
ORD_0026683,low
ORD_0026684,low
ORD_0026685,medium
ORD_0026686,medium
ORD_0026687,low
ORD_0026688,medium
ORD_0026689,low
ORD_0026690,high
ORD_0026691,high
ORD_0026692,medium
ORD_0026693,high
ORD_0026694,medium
ORD_0026695,medium
ORD_0026696,low
ORD_0026697,low
ORD_0026698,medium
ORD_0026699,medium
ORD_0026700,low
ORD_0026701,low
ORD_0026702,medium
ORD_0026703,low
ORD_0026704,low
ORD_0026705,medium
ORD_0026706,high
ORD_0026707,low
ORD_0026708,low
ORD_0026709,high
ORD_0026710,medium
ORD_0026711,low
ORD_0026712,low
ORD_0026713,high
ORD_0026714,high
ORD_0026715,low
ORD_0026716,high
ORD_0026717,low
ORD_0026718,low
ORD_0026719,low
ORD_0026720,low
ORD_0026721,medium
ORD_0026722,high
ORD_0026723,high
ORD_0026724,medium
ORD_0026725,low
ORD_0026726,high
ORD_0026727,high
ORD_0026728,medium
ORD_0026729,low
ORD_0026730,high
ORD_0026731,low
ORD_0026732,high
ORD_0026733,high
ORD_0026734,low
ORD_0026735,low
ORD_0026736,low
ORD_0026737,low
ORD_0026738,low
ORD_0026739,low
ORD_0026740,high
ORD_0026741,low
ORD_0026742,low
ORD_0026743,low
ORD_0026744,medium
ORD_0026745,medium
ORD_0026746,medium
ORD_0026747,low
ORD_0026748,medium
ORD_0026749,medium
ORD_0026750,low
ORD_0026751,low
ORD_0026752,low
ORD_0026753,low
ORD_0026754,low
ORD_0026755,medium
ORD_0026756,low
ORD_0026757,low
ORD_0026758,low
ORD_0026759,low
ORD_0026760,medium
ORD_0026761,medium
ORD_0026762,medium
ORD_0026763,low
ORD_0026764,medium
ORD_0026765,low
ORD_0026766,high
ORD_0026767,high
ORD_0026768,low
ORD_0026769,low
ORD_0026770,low
ORD_0026771,low
ORD_0026772,medium
ORD_0026773,medium
ORD_0026774,medium
ORD_0026775,medium
ORD_0026776,high
ORD_0026777,medium
ORD_0026778,high
ORD_0026779,low
ORD_0026780,low
ORD_0026781,medium
ORD_0026782,low
ORD_0026783,medium
ORD_0026784,high
ORD_0026785,high
ORD_0026786,medium
ORD_0026787,medium
ORD_0026788,medium
ORD_0026789,medium
ORD_0026790,low
ORD_0026791,high
ORD_0026792,low
ORD_0026793,medium
ORD_0026794,medium
ORD_0026795,medium
ORD_0026796,low
ORD_0026797,low
ORD_0026798,low
ORD_0026799,low
ORD_0026800,medium
ORD_0026801,low
ORD_0026802,high
ORD_0026803,low
ORD_0026804,low
ORD_0026805,low
ORD_0026806,high
ORD_0026807,medium
ORD_0026808,medium
ORD_0026809,low
ORD_0026810,medium
ORD_0026811,medium
ORD_0026812,high
ORD_0026813,medium
ORD_0026814,high
ORD_0026815,medium
ORD_0026816,high
ORD_0026817,medium
ORD_0026818,low
ORD_0026819,low
ORD_0026820,low
ORD_0026821,low
ORD_0026822,medium
ORD_0026823,low
ORD_0026824,low
ORD_0026825,high
ORD_0026826,low
ORD_0026827,high
ORD_0026828,high
ORD_0026829,low
ORD_0026830,low
ORD_0026831,low
ORD_0026832,low
ORD_0026833,medium
ORD_0026834,low
ORD_0026835,high
ORD_0026836,medium
ORD_0026837,high
ORD_0026838,high
ORD_0026839,medium
ORD_0026840,low
ORD_0026841,high
ORD_0026842,medium
ORD_0026843,low
ORD_0026844,high
ORD_0026845,high
ORD_0026846,low
ORD_0026847,low
ORD_0026848,high
ORD_0026849,low
ORD_0026850,medium
ORD_0026851,low
ORD_0026852,medium
ORD_0026853,high
ORD_0026854,low
ORD_0026855,medium
ORD_0026856,low
ORD_0026857,low
ORD_0026858,low
ORD_0026859,low
ORD_0026860,low
ORD_0026861,medium
ORD_0026862,low
ORD_0026863,medium
ORD_0026864,low
ORD_0026865,low
ORD_0026866,low
ORD_0026867,medium
ORD_0026868,medium
ORD_0026869,high
ORD_0026870,low
ORD_0026871,low
ORD_0026872,low
ORD_0026873,low
ORD_0026874,low
ORD_0026875,low
ORD_0026876,low
ORD_0026877,low
ORD_0026878,medium
ORD_0026879,low
ORD_0026880,high
ORD_0026881,low
ORD_0026882,low
ORD_0026883,low
ORD_0026884,medium
ORD_0026885,low
ORD_0026886,low
ORD_0026887,low
ORD_0026888,low
ORD_0026889,low
ORD_0026890,high
ORD_0026891,low
ORD_0026892,high
ORD_0026893,high
ORD_0026894,high
ORD_0026895,medium
ORD_0026896,low
ORD_0026897,low
ORD_0026898,medium
ORD_0026899,high
ORD_0026900,low
ORD_0026901,low
ORD_0026902,low
ORD_0026903,low
ORD_0026904,low
ORD_0026905,low
ORD_0026906,high
ORD_0026907,medium
ORD_0026908,medium
ORD_0026909,low
ORD_0026910,medium
ORD_0026911,low
ORD_0026912,low
ORD_0026913,medium
ORD_0026914,low
ORD_0026915,high
ORD_0026916,high
ORD_0026917,low
ORD_0026918,low
ORD_0026919,low
ORD_0026920,high
ORD_0026921,medium
ORD_0026922,medium
ORD_0026923,medium
ORD_0026924,high
ORD_0026925,medium
ORD_0026926,high
ORD_0026927,medium
ORD_0026928,medium
ORD_0026929,medium
ORD_0026930,high
ORD_0026931,low
ORD_0026932,low
ORD_0026933,low
ORD_0026934,low
ORD_0026935,medium
ORD_0026936,low
ORD_0026937,low
ORD_0026938,medium
ORD_0026939,low
ORD_0026940,low
ORD_0026941,low
ORD_0026942,low
ORD_0026943,low
ORD_0026944,high
ORD_0026945,low
ORD_0026946,high
ORD_0026947,low
ORD_0026948,low
ORD_0026949,low
ORD_0026950,medium
ORD_0026951,low
ORD_0026952,low
ORD_0026953,high
ORD_0026954,low
ORD_0026955,low
ORD_0026956,medium
ORD_0026957,low
ORD_0026958,low
ORD_0026959,high
ORD_0026960,low
ORD_0026961,low
ORD_0026962,low
ORD_0026963,medium
ORD_0026964,low
ORD_0026965,medium
ORD_0026966,medium
ORD_0026967,low
ORD_0026968,low
ORD_0026969,high
ORD_0026970,high
ORD_0026971,medium
ORD_0026972,medium
ORD_0026973,medium
ORD_0026974,medium
ORD_0026975,low
ORD_0026976,medium
ORD_0026977,medium
ORD_0026978,high
ORD_0026979,low
ORD_0026980,high
ORD_0026981,high
ORD_0026982,high
ORD_0026983,high
ORD_0026984,medium
ORD_0026985,low
ORD_0026986,medium
ORD_0026987,medium
ORD_0026988,low
ORD_0026989,low
ORD_0026990,low
ORD_0026991,low
ORD_0026992,low
ORD_0026993,low
ORD_0026994,high
ORD_0026995,medium
ORD_0026996,low
ORD_0026997,low
ORD_0026998,medium
ORD_0026999,medium
ORD_0027000,low
ORD_0027001,low
ORD_0027002,high
ORD_0027003,low
ORD_0027004,high
ORD_0027005,low
ORD_0027006,medium
ORD_0027007,low
ORD_0027008,medium
ORD_0027009,low
ORD_0027010,low
ORD_0027011,low
ORD_0027012,medium
ORD_0027013,high
ORD_0027014,high
ORD_0027015,low
ORD_0027016,low
ORD_0027017,low
ORD_0027018,medium
ORD_0027019,medium
ORD_0027020,low
ORD_0027021,medium
ORD_0027022,low
ORD_0027023,medium
ORD_0027024,low
ORD_0027025,medium
ORD_0027026,medium
ORD_0027027,high
ORD_0027028,medium
ORD_0027029,medium
ORD_0027030,high
ORD_0027031,low
ORD_0027032,low
ORD_0027033,low
ORD_0027034,medium
ORD_0027035,low
ORD_0027036,medium
ORD_0027037,low
ORD_0027038,medium
ORD_0027039,low
ORD_0027040,medium
ORD_0027041,low
ORD_0027042,medium
ORD_0027043,low
ORD_0027044,low
ORD_0027045,low
ORD_0027046,high
ORD_0027047,medium
ORD_0027048,low
ORD_0027049,low
ORD_0027050,low
ORD_0027051,low
ORD_0027052,high
ORD_0027053,medium
ORD_0027054,low
ORD_0027055,low
ORD_0027056,low
ORD_0027057,low
ORD_0027058,low
ORD_0027059,low
ORD_0027060,high
ORD_0027061,medium
ORD_0027062,high
ORD_0027063,medium
ORD_0027064,low
ORD_0027065,high
ORD_0027066,high
ORD_0027067,low
ORD_0027068,high
ORD_0027069,medium
ORD_0027070,low
ORD_0027071,high
ORD_0027072,medium
ORD_0027073,medium
ORD_0027074,low
ORD_0027075,medium
ORD_0027076,high
ORD_0027077,low
ORD_0027078,medium
ORD_0027079,low
ORD_0027080,medium
ORD_0027081,medium
ORD_0027082,low
ORD_0027083,low
ORD_0027084,low
ORD_0027085,medium
ORD_0027086,low
ORD_0027087,high
ORD_0027088,medium
ORD_0027089,low
ORD_0027090,medium
ORD_0027091,low
ORD_0027092,medium
ORD_0027093,medium
ORD_0027094,low
ORD_0027095,low
ORD_0027096,low
ORD_0027097,high
ORD_0027098,low
ORD_0027099,low
ORD_0027100,high
ORD_0027101,high
ORD_0027102,low
ORD_0027103,low
ORD_0027104,medium
ORD_0027105,low
ORD_0027106,medium
ORD_0027107,low
ORD_0027108,low
ORD_0027109,low
ORD_0027110,low
ORD_0027111,low
ORD_0027112,medium
ORD_0027113,low
ORD_0027114,low
ORD_0027115,medium
ORD_0027116,low
ORD_0027117,high
ORD_0027118,low
ORD_0027119,low
ORD_0027120,low
ORD_0027121,low
ORD_0027122,low
ORD_0027123,medium
ORD_0027124,high
ORD_0027125,low
ORD_0027126,low
ORD_0027127,medium
ORD_0027128,low
ORD_0027129,high
ORD_0027130,medium
ORD_0027131,medium
ORD_0027132,medium
ORD_0027133,low
ORD_0027134,low
ORD_0027135,low
ORD_0027136,low
ORD_0027137,low
ORD_0027138,medium
ORD_0027139,medium
ORD_0027140,low
ORD_0027141,low
ORD_0027142,high
ORD_0027143,low
ORD_0027144,high
ORD_0027145,high
ORD_0027146,high
ORD_0027147,low
ORD_0027148,low
ORD_0027149,low
ORD_0027150,low
ORD_0027151,low
ORD_0027152,high
ORD_0027153,medium
ORD_0027154,high
ORD_0027155,low
ORD_0027156,low
ORD_0027157,medium
ORD_0027158,low
ORD_0027159,low
ORD_0027160,low
ORD_0027161,medium
ORD_0027162,high
ORD_0027163,low
ORD_0027164,low
ORD_0027165,low
ORD_0027166,medium
ORD_0027167,low
ORD_0027168,low
ORD_0027169,low
ORD_0027170,low
ORD_0027171,high
ORD_0027172,medium
ORD_0027173,low
ORD_0027174,medium
ORD_0027175,medium
ORD_0027176,medium
ORD_0027177,high
ORD_0027178,medium
ORD_0027179,medium
ORD_0027180,medium
ORD_0027181,low
ORD_0027182,medium
ORD_0027183,medium
ORD_0027184,low
ORD_0027185,medium
ORD_0027186,low
ORD_0027187,low
ORD_0027188,low
ORD_0027189,low
ORD_0027190,low
ORD_0027191,low
ORD_0027192,high
ORD_0027193,high
ORD_0027194,low
ORD_0027195,low
ORD_0027196,low
ORD_0027197,low
ORD_0027198,low
ORD_0027199,high
ORD_0027200,low
ORD_0027201,medium
ORD_0027202,medium
ORD_0027203,low
ORD_0027204,low
ORD_0027205,medium
ORD_0027206,low
ORD_0027207,medium
ORD_0027208,high
ORD_0027209,low
ORD_0027210,low
ORD_0027211,medium
ORD_0027212,medium
ORD_0027213,high
ORD_0027214,medium
ORD_0027215,high
ORD_0027216,low
ORD_0027217,low
ORD_0027218,medium
ORD_0027219,low
ORD_0027220,low
ORD_0027221,high
ORD_0027222,low
ORD_0027223,low
ORD_0027224,low
ORD_0027225,low
ORD_0027226,low
ORD_0027227,high
ORD_0027228,low
ORD_0027229,low
ORD_0027230,medium
ORD_0027231,low
ORD_0027232,medium
ORD_0027233,high
ORD_0027234,low
ORD_0027235,medium
ORD_0027236,low
ORD_0027237,low
ORD_0027238,low
ORD_0027239,medium
ORD_0027240,low
ORD_0027241,low
ORD_0027242,low
ORD_0027243,medium
ORD_0027244,low
ORD_0027245,high
ORD_0027246,low
ORD_0027247,low
ORD_0027248,low
ORD_0027249,medium
ORD_0027250,medium
ORD_0027251,medium
ORD_0027252,medium
ORD_0027253,low
ORD_0027254,low
ORD_0027255,medium
ORD_0027256,high
ORD_0027257,low
ORD_0027258,medium
ORD_0027259,low
ORD_0027260,low
ORD_0027261,low
ORD_0027262,high
ORD_0027263,low
ORD_0027264,low
ORD_0027265,low
ORD_0027266,low
ORD_0027267,medium
ORD_0027268,medium
ORD_0027269,high
ORD_0027270,medium
ORD_0027271,low
ORD_0027272,high
ORD_0027273,medium
ORD_0027274,high
ORD_0027275,medium
ORD_0027276,high
ORD_0027277,medium
ORD_0027278,medium
ORD_0027279,low
ORD_0027280,medium
ORD_0027281,low
ORD_0027282,low
ORD_0027283,low
ORD_0027284,low
ORD_0027285,medium
ORD_0027286,high
ORD_0027287,medium
ORD_0027288,low
ORD_0027289,low
ORD_0027290,high
ORD_0027291,high
ORD_0027292,medium
ORD_0027293,high
ORD_0027294,medium
ORD_0027295,medium
ORD_0027296,low
ORD_0027297,low
ORD_0027298,low
ORD_0027299,medium
ORD_0027300,low
ORD_0027301,low
ORD_0027302,low
ORD_0027303,medium
ORD_0027304,medium
ORD_0027305,low
ORD_0027306,medium
ORD_0027307,high
ORD_0027308,high
ORD_0027309,medium
ORD_0027310,medium
ORD_0027311,low
ORD_0027312,high
ORD_0027313,low
ORD_0027314,low
ORD_0027315,medium
ORD_0027316,medium
ORD_0027317,low
ORD_0027318,high
ORD_0027319,low
ORD_0027320,low
ORD_0027321,low
ORD_0027322,low
ORD_0027323,low
ORD_0027324,high
ORD_0027325,medium
ORD_0027326,high
ORD_0027327,medium
ORD_0027328,medium
ORD_0027329,medium
ORD_0027330,high
ORD_0027331,low
ORD_0027332,high
ORD_0027333,low
ORD_0027334,medium
ORD_0027335,medium
ORD_0027336,medium
ORD_0027337,low
ORD_0027338,medium
ORD_0027339,medium
ORD_0027340,high
ORD_0027341,high
ORD_0027342,medium
ORD_0027343,medium
ORD_0027344,low
ORD_0027345,low
ORD_0027346,high
ORD_0027347,low
ORD_0027348,medium
ORD_0027349,medium
ORD_0027350,high
ORD_0027351,low
ORD_0027352,medium
ORD_0027353,medium
ORD_0027354,high
ORD_0027355,medium
ORD_0027356,medium
ORD_0027357,high
ORD_0027358,medium
ORD_0027359,low
ORD_0027360,low
ORD_0027361,low
ORD_0027362,low
ORD_0027363,medium
ORD_0027364,medium
ORD_0027365,low
ORD_0027366,high
ORD_0027367,medium
ORD_0027368,low
ORD_0027369,low
ORD_0027370,low
ORD_0027371,low
ORD_0027372,low
ORD_0027373,high
ORD_0027374,high
ORD_0027375,low
ORD_0027376,low
ORD_0027377,low
ORD_0027378,medium
ORD_0027379,medium
ORD_0027380,low
ORD_0027381,low
ORD_0027382,medium
ORD_0027383,medium
ORD_0027384,low
ORD_0027385,low
ORD_0027386,low
ORD_0027387,high
ORD_0027388,high
ORD_0027389,low
ORD_0027390,low
ORD_0027391,low
ORD_0027392,low
ORD_0027393,low
ORD_0027394,high
ORD_0027395,low
ORD_0027396,low
ORD_0027397,low
ORD_0027398,high
ORD_0027399,medium
ORD_0027400,low
ORD_0027401,low
ORD_0027402,high
ORD_0027403,medium
ORD_0027404,medium
ORD_0027405,medium
ORD_0027406,low
ORD_0027407,low
ORD_0027408,high
ORD_0027409,high
ORD_0027410,medium
ORD_0027411,low
ORD_0027412,low
ORD_0027413,medium
ORD_0027414,medium
ORD_0027415,low
ORD_0027416,low
ORD_0027417,high
ORD_0027418,low
ORD_0027419,low
ORD_0027420,low
ORD_0027421,medium
ORD_0027422,low
ORD_0027423,medium
ORD_0027424,high
ORD_0027425,medium
ORD_0027426,low
ORD_0027427,low
ORD_0027428,low
ORD_0027429,low
ORD_0027430,medium
ORD_0027431,low
ORD_0027432,medium
ORD_0027433,low
ORD_0027434,medium
ORD_0027435,low
ORD_0027436,medium
ORD_0027437,medium
ORD_0027438,medium
ORD_0027439,low
ORD_0027440,medium
ORD_0027441,low
ORD_0027442,medium
ORD_0027443,medium
ORD_0027444,low
ORD_0027445,low
ORD_0027446,high
ORD_0027447,high
ORD_0027448,medium
ORD_0027449,medium
ORD_0027450,medium
ORD_0027451,low
ORD_0027452,medium
ORD_0027453,medium
ORD_0027454,medium
ORD_0027455,low
ORD_0027456,medium
ORD_0027457,medium
ORD_0027458,high
ORD_0027459,low
ORD_0027460,low
ORD_0027461,medium
ORD_0027462,medium
ORD_0027463,low
ORD_0027464,low
ORD_0027465,low
ORD_0027466,high
ORD_0027467,high
ORD_0027468,low
ORD_0027469,low
ORD_0027470,low
ORD_0027471,medium
ORD_0027472,low
ORD_0027473,high
ORD_0027474,medium
ORD_0027475,low
ORD_0027476,low
ORD_0027477,low
ORD_0027478,low
ORD_0027479,medium
ORD_0027480,low
ORD_0027481,medium
ORD_0027482,low
ORD_0027483,high
ORD_0027484,medium
ORD_0027485,low
ORD_0027486,low
ORD_0027487,low
ORD_0027488,medium
ORD_0027489,high
ORD_0027490,low
ORD_0027491,medium
ORD_0027492,medium
ORD_0027493,medium
ORD_0027494,medium
ORD_0027495,low
ORD_0027496,medium
ORD_0027497,low
ORD_0027498,medium
ORD_0027499,high
ORD_0027500,high
ORD_0027501,low
ORD_0027502,low
ORD_0027503,high
ORD_0027504,medium
ORD_0027505,low
ORD_0027506,low
ORD_0027507,medium
ORD_0027508,medium
ORD_0027509,low
ORD_0027510,high
ORD_0027511,high
ORD_0027512,low
ORD_0027513,low
ORD_0027514,low
ORD_0027515,medium
ORD_0027516,low
ORD_0027517,low
ORD_0027518,low
ORD_0027519,medium
ORD_0027520,low
ORD_0027521,medium
ORD_0027522,medium
ORD_0027523,low
ORD_0027524,medium
ORD_0027525,high
ORD_0027526,medium
ORD_0027527,high
ORD_0027528,low
ORD_0027529,low
ORD_0027530,high
ORD_0027531,medium
ORD_0027532,medium
ORD_0027533,medium
ORD_0027534,low
ORD_0027535,low
ORD_0027536,medium
ORD_0027537,medium
ORD_0027538,medium
ORD_0027539,medium
ORD_0027540,medium
ORD_0027541,low
ORD_0027542,high
ORD_0027543,high
ORD_0027544,high
ORD_0027545,low
ORD_0027546,low
ORD_0027547,low
ORD_0027548,low
ORD_0027549,medium
ORD_0027550,low
ORD_0027551,high
ORD_0027552,low
ORD_0027553,medium
ORD_0027554,low
ORD_0027555,low
ORD_0027556,medium
ORD_0027557,low
ORD_0027558,high
ORD_0027559,medium
ORD_0027560,low
ORD_0027561,high
ORD_0027562,low
ORD_0027563,low
ORD_0027564,high
ORD_0027565,medium
ORD_0027566,medium
ORD_0027567,medium
ORD_0027568,low
ORD_0027569,medium
ORD_0027570,medium
ORD_0027571,low
ORD_0027572,medium
ORD_0027573,medium
ORD_0027574,low
ORD_0027575,medium
ORD_0027576,medium
ORD_0027577,low
ORD_0027578,low
ORD_0027579,medium
ORD_0027580,low
ORD_0027581,high
ORD_0027582,low
ORD_0027583,low
ORD_0027584,medium
ORD_0027585,medium
ORD_0027586,high
ORD_0027587,low
ORD_0027588,medium
ORD_0027589,low
ORD_0027590,low
ORD_0027591,high
ORD_0027592,low
ORD_0027593,high
ORD_0027594,medium
ORD_0027595,low
ORD_0027596,high
ORD_0027597,low
ORD_0027598,low
ORD_0027599,low
ORD_0027600,low
ORD_0027601,medium
ORD_0027602,low
ORD_0027603,high
ORD_0027604,low
ORD_0027605,low
ORD_0027606,low
ORD_0027607,medium
ORD_0027608,medium
ORD_0027609,medium
ORD_0027610,medium
ORD_0027611,low
ORD_0027612,medium
ORD_0027613,low
ORD_0027614,medium
ORD_0027615,low
ORD_0027616,medium
ORD_0027617,low
ORD_0027618,low
ORD_0027619,medium
ORD_0027620,high
ORD_0027621,medium
ORD_0027622,low
ORD_0027623,low
ORD_0027624,low
ORD_0027625,low
ORD_0027626,low
ORD_0027627,high
ORD_0027628,low
ORD_0027629,high
ORD_0027630,medium
ORD_0027631,high
ORD_0027632,low
ORD_0027633,low
ORD_0027634,low
ORD_0027635,high
ORD_0027636,high
ORD_0027637,low
ORD_0027638,low
ORD_0027639,low
ORD_0027640,medium
ORD_0027641,low
ORD_0027642,medium
ORD_0027643,medium
ORD_0027644,low
ORD_0027645,low
ORD_0027646,medium
ORD_0027647,low
ORD_0027648,medium
ORD_0027649,low
ORD_0027650,medium
ORD_0027651,low
ORD_0027652,low
ORD_0027653,medium
ORD_0027654,low
ORD_0027655,low
ORD_0027656,low
ORD_0027657,high
ORD_0027658,low
ORD_0027659,medium
ORD_0027660,medium
ORD_0027661,low
ORD_0027662,low
ORD_0027663,high
ORD_0027664,low
ORD_0027665,high
ORD_0027666,low
ORD_0027667,high
ORD_0027668,low
ORD_0027669,low
ORD_0027670,medium
ORD_0027671,low
ORD_0027672,low
ORD_0027673,high
ORD_0027674,low
ORD_0027675,high
ORD_0027676,low
ORD_0027677,low
ORD_0027678,high
ORD_0027679,medium
ORD_0027680,low
ORD_0027681,medium
ORD_0027682,high
ORD_0027683,medium
ORD_0027684,low
ORD_0027685,medium
ORD_0027686,high
ORD_0027687,high
ORD_0027688,low
ORD_0027689,low
ORD_0027690,low
ORD_0027691,medium
ORD_0027692,medium
ORD_0027693,high
ORD_0027694,medium
ORD_0027695,high
ORD_0027696,high
ORD_0027697,medium
ORD_0027698,high
ORD_0027699,low
ORD_0027700,high
ORD_0027701,high
ORD_0027702,low
ORD_0027703,low
ORD_0027704,low
ORD_0027705,high
ORD_0027706,low
ORD_0027707,medium
ORD_0027708,low
ORD_0027709,low
ORD_0027710,low
ORD_0027711,medium
ORD_0027712,low
ORD_0027713,low
ORD_0027714,low
ORD_0027715,medium
ORD_0027716,high
ORD_0027717,medium
ORD_0027718,high
ORD_0027719,low
ORD_0027720,low
ORD_0027721,low
ORD_0027722,high
ORD_0027723,high
ORD_0027724,low
ORD_0027725,medium
ORD_0027726,low
ORD_0027727,medium
ORD_0027728,low
ORD_0027729,medium
ORD_0027730,low
ORD_0027731,low
ORD_0027732,low
ORD_0027733,low
ORD_0027734,medium
ORD_0027735,low
ORD_0027736,low
ORD_0027737,high
ORD_0027738,low
ORD_0027739,low
ORD_0027740,low
ORD_0027741,high
ORD_0027742,high
ORD_0027743,low
ORD_0027744,low
ORD_0027745,low
ORD_0027746,medium
ORD_0027747,medium
ORD_0027748,low
ORD_0027749,low
ORD_0027750,low
ORD_0027751,high
ORD_0027752,low
ORD_0027753,low
ORD_0027754,high
ORD_0027755,low
ORD_0027756,high
ORD_0027757,low
ORD_0027758,medium
ORD_0027759,medium
ORD_0027760,low
ORD_0027761,high
ORD_0027762,medium
ORD_0027763,medium
ORD_0027764,medium
ORD_0027765,low
ORD_0027766,medium
ORD_0027767,medium
ORD_0027768,medium
ORD_0027769,low
ORD_0027770,low
ORD_0027771,medium
ORD_0027772,medium
ORD_0027773,high
ORD_0027774,medium
ORD_0027775,high
ORD_0027776,low
ORD_0027777,low
ORD_0027778,medium
ORD_0027779,low
ORD_0027780,medium
ORD_0027781,high
ORD_0027782,low
ORD_0027783,low
ORD_0027784,high
ORD_0027785,low
ORD_0027786,medium
ORD_0027787,medium
ORD_0027788,low
ORD_0027789,medium
ORD_0027790,low
ORD_0027791,low
ORD_0027792,low
ORD_0027793,high
ORD_0027794,medium
ORD_0027795,low
ORD_0027796,low
ORD_0027797,low
ORD_0027798,low
ORD_0027799,medium
ORD_0027800,low
ORD_0027801,high
ORD_0027802,low
ORD_0027803,low
ORD_0027804,low
ORD_0027805,low
ORD_0027806,low
ORD_0027807,low
ORD_0027808,high
ORD_0027809,low
ORD_0027810,high
ORD_0027811,low
ORD_0027812,low
ORD_0027813,low
ORD_0027814,medium
ORD_0027815,low
ORD_0027816,low
ORD_0027817,high
ORD_0027818,low
ORD_0027819,low
ORD_0027820,low
ORD_0027821,low
ORD_0027822,medium
ORD_0027823,low
ORD_0027824,medium
ORD_0027825,low
ORD_0027826,medium
ORD_0027827,medium
ORD_0027828,low
ORD_0027829,medium
ORD_0027830,low
ORD_0027831,low
ORD_0027832,low
ORD_0027833,low
ORD_0027834,low
ORD_0027835,medium
ORD_0027836,medium
ORD_0027837,high
ORD_0027838,low
ORD_0027839,medium
ORD_0027840,high
ORD_0027841,high
ORD_0027842,medium
ORD_0027843,high
ORD_0027844,medium
ORD_0027845,low
ORD_0027846,medium
ORD_0027847,medium
ORD_0027848,low
ORD_0027849,medium
ORD_0027850,low
ORD_0027851,medium
ORD_0027852,high
ORD_0027853,low
ORD_0027854,medium
ORD_0027855,high
ORD_0027856,low
ORD_0027857,low
ORD_0027858,low
ORD_0027859,medium
ORD_0027860,low
ORD_0027861,low
ORD_0027862,low
ORD_0027863,low
ORD_0027864,medium
ORD_0027865,low
ORD_0027866,low
ORD_0027867,low
ORD_0027868,low
ORD_0027869,low
ORD_0027870,high
ORD_0027871,low
ORD_0027872,medium
ORD_0027873,medium
ORD_0027874,high
ORD_0027875,medium
ORD_0027876,low
ORD_0027877,medium
ORD_0027878,high
ORD_0027879,low
ORD_0027880,low
ORD_0027881,medium
ORD_0027882,low
ORD_0027883,low
ORD_0027884,medium
ORD_0027885,medium
ORD_0027886,low
ORD_0027887,low
ORD_0027888,medium
ORD_0027889,medium
ORD_0027890,low
ORD_0027891,low
ORD_0027892,low
ORD_0027893,low
ORD_0027894,low
ORD_0027895,low
ORD_0027896,low
ORD_0027897,high
ORD_0027898,low
ORD_0027899,low
ORD_0027900,low
ORD_0027901,high
ORD_0027902,medium
ORD_0027903,medium
ORD_0027904,medium
ORD_0027905,low
ORD_0027906,low
ORD_0027907,high
ORD_0027908,medium
ORD_0027909,medium
ORD_0027910,low
ORD_0027911,medium
ORD_0027912,high
ORD_0027913,high
ORD_0027914,medium
ORD_0027915,low
ORD_0027916,high
ORD_0027917,medium
ORD_0027918,medium
ORD_0027919,medium
ORD_0027920,low
ORD_0027921,medium
ORD_0027922,medium
ORD_0027923,low
ORD_0027924,medium
ORD_0027925,medium
ORD_0027926,high
ORD_0027927,medium
ORD_0027928,low
ORD_0027929,medium
ORD_0027930,medium
ORD_0027931,low
ORD_0027932,low
ORD_0027933,medium
ORD_0027934,low
ORD_0027935,low
ORD_0027936,low
ORD_0027937,medium
ORD_0027938,low
ORD_0027939,low
ORD_0027940,medium
ORD_0027941,low
ORD_0027942,low
ORD_0027943,medium
ORD_0027944,medium
ORD_0027945,medium
ORD_0027946,medium
ORD_0027947,high
ORD_0027948,medium
ORD_0027949,high
ORD_0027950,high
ORD_0027951,low
ORD_0027952,low
ORD_0027953,medium
ORD_0027954,high
ORD_0027955,low
ORD_0027956,medium
ORD_0027957,low
ORD_0027958,low
ORD_0027959,medium
ORD_0027960,low
ORD_0027961,medium
ORD_0027962,low
ORD_0027963,low
ORD_0027964,high
ORD_0027965,medium
ORD_0027966,medium
ORD_0027967,medium
ORD_0027968,low
ORD_0027969,medium
ORD_0027970,low
ORD_0027971,low
ORD_0027972,medium
ORD_0027973,high
ORD_0027974,low
ORD_0027975,high
ORD_0027976,medium
ORD_0027977,low
ORD_0027978,medium
ORD_0027979,medium
ORD_0027980,low
ORD_0027981,low
ORD_0027982,low
ORD_0027983,high
ORD_0027984,low
ORD_0027985,high
ORD_0027986,low
ORD_0027987,low
ORD_0027988,medium
ORD_0027989,medium
ORD_0027990,low
ORD_0027991,medium
ORD_0027992,medium
ORD_0027993,high
ORD_0027994,high
ORD_0027995,low
ORD_0027996,low
ORD_0027997,medium
ORD_0027998,high
ORD_0027999,medium
ORD_0028000,medium
ORD_0028001,low
ORD_0028002,medium
ORD_0028003,low
ORD_0028004,high
ORD_0028005,low
ORD_0028006,low
ORD_0028007,high
ORD_0028008,low
ORD_0028009,medium
ORD_0028010,low
ORD_0028011,medium
ORD_0028012,high
ORD_0028013,low
ORD_0028014,low
ORD_0028015,low
ORD_0028016,low
ORD_0028017,medium
ORD_0028018,medium
ORD_0028019,high
ORD_0028020,medium
ORD_0028021,high
ORD_0028022,low
ORD_0028023,medium
ORD_0028024,low
ORD_0028025,low
ORD_0028026,high
ORD_0028027,low
ORD_0028028,medium
ORD_0028029,low
ORD_0028030,high
ORD_0028031,high
ORD_0028032,medium
ORD_0028033,medium
ORD_0028034,high
ORD_0028035,low
ORD_0028036,medium
ORD_0028037,medium
ORD_0028038,medium
ORD_0028039,medium
ORD_0028040,low
ORD_0028041,high
ORD_0028042,low
ORD_0028043,low
ORD_0028044,medium
ORD_0028045,low
ORD_0028046,low
ORD_0028047,low
ORD_0028048,medium
ORD_0028049,medium
ORD_0028050,medium
ORD_0028051,medium
ORD_0028052,medium
ORD_0028053,medium
ORD_0028054,medium
ORD_0028055,low
ORD_0028056,low
ORD_0028057,low
ORD_0028058,low
ORD_0028059,low
ORD_0028060,high
ORD_0028061,medium
ORD_0028062,low
ORD_0028063,medium
ORD_0028064,low
ORD_0028065,medium
ORD_0028066,medium
ORD_0028067,high
ORD_0028068,low
ORD_0028069,low
ORD_0028070,low
ORD_0028071,low
ORD_0028072,high
ORD_0028073,high
ORD_0028074,low
ORD_0028075,low
ORD_0028076,low
ORD_0028077,low
ORD_0028078,high
ORD_0028079,high
ORD_0028080,low
ORD_0028081,high
ORD_0028082,high
ORD_0028083,high
ORD_0028084,high
ORD_0028085,low
ORD_0028086,high
ORD_0028087,low
ORD_0028088,high
ORD_0028089,low
ORD_0028090,low
ORD_0028091,medium
ORD_0028092,high
ORD_0028093,low
ORD_0028094,low
ORD_0028095,low
ORD_0028096,low
ORD_0028097,high
ORD_0028098,medium
ORD_0028099,low
ORD_0028100,low
ORD_0028101,low
ORD_0028102,medium
ORD_0028103,low
ORD_0028104,medium
ORD_0028105,high
ORD_0028106,low
ORD_0028107,low
ORD_0028108,high
ORD_0028109,low
ORD_0028110,medium
ORD_0028111,medium
ORD_0028112,low
ORD_0028113,high
ORD_0028114,medium
ORD_0028115,medium
ORD_0028116,medium
ORD_0028117,high
ORD_0028118,high
ORD_0028119,low
ORD_0028120,low
ORD_0028121,low
ORD_0028122,medium
ORD_0028123,low
ORD_0028124,low
ORD_0028125,low
ORD_0028126,medium
ORD_0028127,high
ORD_0028128,medium
ORD_0028129,medium
ORD_0028130,medium
ORD_0028131,high
ORD_0028132,low
ORD_0028133,low
ORD_0028134,medium
ORD_0028135,low
ORD_0028136,medium
ORD_0028137,high
ORD_0028138,medium
ORD_0028139,high
ORD_0028140,low
ORD_0028141,medium
ORD_0028142,low
ORD_0028143,high
ORD_0028144,medium
ORD_0028145,medium
ORD_0028146,medium
ORD_0028147,low
ORD_0028148,low
ORD_0028149,low
ORD_0028150,high
ORD_0028151,low
ORD_0028152,high
ORD_0028153,low
ORD_0028154,medium
ORD_0028155,low
ORD_0028156,low
ORD_0028157,low
ORD_0028158,medium
ORD_0028159,low
ORD_0028160,medium
ORD_0028161,high
ORD_0028162,medium
ORD_0028163,low
ORD_0028164,low
ORD_0028165,medium
ORD_0028166,low
ORD_0028167,high
ORD_0028168,low
ORD_0028169,low
ORD_0028170,low
ORD_0028171,low
ORD_0028172,low
ORD_0028173,low
ORD_0028174,high
ORD_0028175,low
ORD_0028176,medium
ORD_0028177,high
ORD_0028178,high
ORD_0028179,low
ORD_0028180,low
ORD_0028181,low
ORD_0028182,low
ORD_0028183,medium
ORD_0028184,medium
ORD_0028185,low
ORD_0028186,low
ORD_0028187,medium
ORD_0028188,medium
ORD_0028189,low
ORD_0028190,medium
ORD_0028191,low
ORD_0028192,medium
ORD_0028193,low
ORD_0028194,high
ORD_0028195,low
ORD_0028196,medium
ORD_0028197,low
ORD_0028198,low
ORD_0028199,medium
ORD_0028200,medium
ORD_0028201,low
ORD_0028202,medium
ORD_0028203,medium
ORD_0028204,low
ORD_0028205,low
ORD_0028206,low
ORD_0028207,medium
ORD_0028208,low
ORD_0028209,high
ORD_0028210,high
ORD_0028211,low
ORD_0028212,low
ORD_0028213,low
ORD_0028214,medium
ORD_0028215,low
ORD_0028216,high
ORD_0028217,medium
ORD_0028218,medium
ORD_0028219,low
ORD_0028220,low
ORD_0028221,low
ORD_0028222,low
ORD_0028223,low
ORD_0028224,medium
ORD_0028225,high
ORD_0028226,medium
ORD_0028227,low
ORD_0028228,medium
ORD_0028229,medium
ORD_0028230,high
ORD_0028231,low
ORD_0028232,medium
ORD_0028233,low
ORD_0028234,medium
ORD_0028235,low
ORD_0028236,low
ORD_0028237,medium
ORD_0028238,high
ORD_0028239,low
ORD_0028240,high
ORD_0028241,low
ORD_0028242,high
ORD_0028243,low
ORD_0028244,low
ORD_0028245,medium
ORD_0028246,low
ORD_0028247,low
ORD_0028248,high
ORD_0028249,high
ORD_0028250,low
ORD_0028251,high
ORD_0028252,high
ORD_0028253,high
ORD_0028254,medium
ORD_0028255,low
ORD_0028256,low
ORD_0028257,high
ORD_0028258,low
ORD_0028259,high
ORD_0028260,low
ORD_0028261,medium
ORD_0028262,low
ORD_0028263,high
ORD_0028264,high
ORD_0028265,low
ORD_0028266,low
ORD_0028267,low
ORD_0028268,low
ORD_0028269,medium
ORD_0028270,low
ORD_0028271,medium
ORD_0028272,medium
ORD_0028273,medium
ORD_0028274,medium
ORD_0028275,low
ORD_0028276,low
ORD_0028277,medium
ORD_0028278,low
ORD_0028279,low
ORD_0028280,medium
ORD_0028281,medium
ORD_0028282,low
ORD_0028283,high
ORD_0028284,low
ORD_0028285,low
ORD_0028286,medium
ORD_0028287,medium
ORD_0028288,medium
ORD_0028289,low
ORD_0028290,low
ORD_0028291,medium
ORD_0028292,medium
ORD_0028293,medium
ORD_0028294,medium
ORD_0028295,high
ORD_0028296,high
ORD_0028297,low
ORD_0028298,low
ORD_0028299,medium
ORD_0028300,medium
ORD_0028301,low
ORD_0028302,low
ORD_0028303,medium
ORD_0028304,low
ORD_0028305,medium
ORD_0028306,medium
ORD_0028307,high
ORD_0028308,low
ORD_0028309,medium
ORD_0028310,low
ORD_0028311,low
ORD_0028312,high
ORD_0028313,medium
ORD_0028314,medium
ORD_0028315,medium
ORD_0028316,low
ORD_0028317,high
ORD_0028318,medium
ORD_0028319,high
ORD_0028320,low
ORD_0028321,low
ORD_0028322,medium
ORD_0028323,low
ORD_0028324,low
ORD_0028325,high
ORD_0028326,high
ORD_0028327,low
ORD_0028328,high
ORD_0028329,low
ORD_0028330,medium
ORD_0028331,low
ORD_0028332,medium
ORD_0028333,low
ORD_0028334,low
ORD_0028335,low
ORD_0028336,low
ORD_0028337,low
ORD_0028338,medium
ORD_0028339,low
ORD_0028340,medium
ORD_0028341,low
ORD_0028342,low
ORD_0028343,medium
ORD_0028344,low
ORD_0028345,medium
ORD_0028346,low
ORD_0028347,high
ORD_0028348,low
ORD_0028349,low
ORD_0028350,medium
ORD_0028351,medium
ORD_0028352,medium
ORD_0028353,low
ORD_0028354,medium
ORD_0028355,low
ORD_0028356,low
ORD_0028357,medium
ORD_0028358,high
ORD_0028359,medium
ORD_0028360,low
ORD_0028361,low
ORD_0028362,high
ORD_0028363,medium
ORD_0028364,medium
ORD_0028365,medium
ORD_0028366,medium
ORD_0028367,low
ORD_0028368,medium
ORD_0028369,low
ORD_0028370,low
ORD_0028371,low
ORD_0028372,medium
ORD_0028373,low
ORD_0028374,high
ORD_0028375,medium
ORD_0028376,high
ORD_0028377,medium
ORD_0028378,low
ORD_0028379,low
ORD_0028380,low
ORD_0028381,medium
ORD_0028382,low
ORD_0028383,low
ORD_0028384,low
ORD_0028385,medium
ORD_0028386,high
ORD_0028387,medium
ORD_0028388,high
ORD_0028389,low
ORD_0028390,medium
ORD_0028391,low
ORD_0028392,high
ORD_0028393,low
ORD_0028394,medium
ORD_0028395,medium
ORD_0028396,low
ORD_0028397,low
ORD_0028398,high
ORD_0028399,low
ORD_0028400,low
ORD_0028401,low
ORD_0028402,medium
ORD_0028403,low
ORD_0028404,medium
ORD_0028405,low
ORD_0028406,high
ORD_0028407,high
ORD_0028408,low
ORD_0028409,low
ORD_0028410,low
ORD_0028411,high
ORD_0028412,medium
ORD_0028413,medium
ORD_0028414,low
ORD_0028415,low
ORD_0028416,low
ORD_0028417,low
ORD_0028418,medium
ORD_0028419,low
ORD_0028420,high
ORD_0028421,low
ORD_0028422,high
ORD_0028423,low
ORD_0028424,low
ORD_0028425,low
ORD_0028426,low
ORD_0028427,low
ORD_0028428,high
ORD_0028429,low
ORD_0028430,low
ORD_0028431,low
ORD_0028432,low
ORD_0028433,medium
ORD_0028434,medium
ORD_0028435,low
ORD_0028436,high
ORD_0028437,medium
ORD_0028438,medium
ORD_0028439,low
ORD_0028440,low
ORD_0028441,low
ORD_0028442,medium
ORD_0028443,low
ORD_0028444,high
ORD_0028445,low
ORD_0028446,low
ORD_0028447,low
ORD_0028448,low
ORD_0028449,high
ORD_0028450,low
ORD_0028451,medium
ORD_0028452,high
ORD_0028453,low
ORD_0028454,high
ORD_0028455,high
ORD_0028456,medium
ORD_0028457,high
ORD_0028458,medium
ORD_0028459,medium
ORD_0028460,high
ORD_0028461,high
ORD_0028462,low
ORD_0028463,high
ORD_0028464,medium
ORD_0028465,low
ORD_0028466,low
ORD_0028467,low
ORD_0028468,high
ORD_0028469,medium
ORD_0028470,low
ORD_0028471,low
ORD_0028472,high
ORD_0028473,low
ORD_0028474,high
ORD_0028475,high
ORD_0028476,medium
ORD_0028477,low
ORD_0028478,low
ORD_0028479,low
ORD_0028480,high
ORD_0028481,high
ORD_0028482,low
ORD_0028483,medium
ORD_0028484,high
ORD_0028485,low
ORD_0028486,low
ORD_0028487,low
ORD_0028488,low
ORD_0028489,high
ORD_0028490,medium
ORD_0028491,low
ORD_0028492,low
ORD_0028493,medium
ORD_0028494,low
ORD_0028495,medium
ORD_0028496,medium
ORD_0028497,low
ORD_0028498,low
ORD_0028499,low
ORD_0028500,low
ORD_0028501,medium
ORD_0028502,high
ORD_0028503,high
ORD_0028504,medium
ORD_0028505,low
ORD_0028506,low
ORD_0028507,medium
ORD_0028508,medium
ORD_0028509,low
ORD_0028510,low
ORD_0028511,high
ORD_0028512,low
ORD_0028513,low
ORD_0028514,high
ORD_0028515,low
ORD_0028516,medium
ORD_0028517,low
ORD_0028518,low
ORD_0028519,high
ORD_0028520,medium
ORD_0028521,high
ORD_0028522,low
ORD_0028523,medium
ORD_0028524,medium
ORD_0028525,low
ORD_0028526,low
ORD_0028527,low
ORD_0028528,medium
ORD_0028529,high
ORD_0028530,medium
ORD_0028531,low
ORD_0028532,medium
ORD_0028533,medium
ORD_0028534,low
ORD_0028535,medium
ORD_0028536,low
ORD_0028537,low
ORD_0028538,medium
ORD_0028539,low
ORD_0028540,high
ORD_0028541,low
ORD_0028542,high
ORD_0028543,high
ORD_0028544,medium
ORD_0028545,medium
ORD_0028546,low
ORD_0028547,medium
ORD_0028548,low
ORD_0028549,high
ORD_0028550,medium
ORD_0028551,medium
ORD_0028552,medium
ORD_0028553,low
ORD_0028554,high
ORD_0028555,medium
ORD_0028556,medium
ORD_0028557,low
ORD_0028558,medium
ORD_0028559,low
ORD_0028560,low
ORD_0028561,low
ORD_0028562,medium
ORD_0028563,low
ORD_0028564,medium
ORD_0028565,low
ORD_0028566,low
ORD_0028567,high
ORD_0028568,low
ORD_0028569,medium
ORD_0028570,medium
ORD_0028571,low
ORD_0028572,medium
ORD_0028573,low
ORD_0028574,low
ORD_0028575,low
ORD_0028576,medium
ORD_0028577,medium
ORD_0028578,medium
ORD_0028579,low
ORD_0028580,medium
ORD_0028581,medium
ORD_0028582,low
ORD_0028583,high
ORD_0028584,high
ORD_0028585,low
ORD_0028586,low
ORD_0028587,medium
ORD_0028588,medium
ORD_0028589,low
ORD_0028590,low
ORD_0028591,low
ORD_0028592,high
ORD_0028593,low
ORD_0028594,low
ORD_0028595,low
ORD_0028596,low
ORD_0028597,low
ORD_0028598,low
ORD_0028599,low
ORD_0028600,low
ORD_0028601,high
ORD_0028602,low
ORD_0028603,medium
ORD_0028604,medium
ORD_0028605,low
ORD_0028606,medium
ORD_0028607,high
ORD_0028608,low
ORD_0028609,low
ORD_0028610,low
ORD_0028611,low
ORD_0028612,low
ORD_0028613,low
ORD_0028614,high
ORD_0028615,low
ORD_0028616,medium
ORD_0028617,high
ORD_0028618,high
ORD_0028619,low
ORD_0028620,low
ORD_0028621,low
ORD_0028622,low
ORD_0028623,medium
ORD_0028624,high
ORD_0028625,medium
ORD_0028626,low
ORD_0028627,high
ORD_0028628,medium
ORD_0028629,low
ORD_0028630,low
ORD_0028631,high
ORD_0028632,high
ORD_0028633,medium
ORD_0028634,low
ORD_0028635,high
ORD_0028636,low
ORD_0028637,low
ORD_0028638,low
ORD_0028639,high
ORD_0028640,medium
ORD_0028641,medium
ORD_0028642,low
ORD_0028643,high
ORD_0028644,medium
ORD_0028645,low
ORD_0028646,low
ORD_0028647,low
ORD_0028648,high
ORD_0028649,medium
ORD_0028650,low
ORD_0028651,low
ORD_0028652,high
ORD_0028653,high
ORD_0028654,low
ORD_0028655,low
ORD_0028656,high
ORD_0028657,low
ORD_0028658,high
ORD_0028659,low
ORD_0028660,low
ORD_0028661,medium
ORD_0028662,high
ORD_0028663,low
ORD_0028664,low
ORD_0028665,low
ORD_0028666,low
ORD_0028667,low
ORD_0028668,low
ORD_0028669,medium
ORD_0028670,medium
ORD_0028671,low
ORD_0028672,high
ORD_0028673,low
ORD_0028674,medium
ORD_0028675,medium
ORD_0028676,low
ORD_0028677,high
ORD_0028678,low
ORD_0028679,low
ORD_0028680,low
ORD_0028681,high
ORD_0028682,low
ORD_0028683,low
ORD_0028684,low
ORD_0028685,medium
ORD_0028686,low
ORD_0028687,high
ORD_0028688,high
ORD_0028689,high
ORD_0028690,medium
ORD_0028691,low
ORD_0028692,low
ORD_0028693,low
ORD_0028694,low
ORD_0028695,high
ORD_0028696,low
ORD_0028697,low
ORD_0028698,high
ORD_0028699,medium
ORD_0028700,medium
ORD_0028701,low
ORD_0028702,medium
ORD_0028703,low
ORD_0028704,low
ORD_0028705,high
ORD_0028706,low
ORD_0028707,high
ORD_0028708,low
ORD_0028709,high
ORD_0028710,low
ORD_0028711,medium
ORD_0028712,low
ORD_0028713,high
ORD_0028714,low
ORD_0028715,high
ORD_0028716,medium
ORD_0028717,low
ORD_0028718,low
ORD_0028719,low
ORD_0028720,low
ORD_0028721,medium
ORD_0028722,low
ORD_0028723,low
ORD_0028724,low
ORD_0028725,low
ORD_0028726,high
ORD_0028727,low
ORD_0028728,low
ORD_0028729,low
ORD_0028730,low
ORD_0028731,high
ORD_0028732,low
ORD_0028733,low
ORD_0028734,low
ORD_0028735,low
ORD_0028736,low
ORD_0028737,medium
ORD_0028738,medium
ORD_0028739,low
ORD_0028740,high
ORD_0028741,medium
ORD_0028742,low
ORD_0028743,low
ORD_0028744,low
ORD_0028745,low
ORD_0028746,low
ORD_0028747,medium
ORD_0028748,medium
ORD_0028749,low
ORD_0028750,medium
ORD_0028751,medium
ORD_0028752,medium
ORD_0028753,medium
ORD_0028754,medium
ORD_0028755,low
ORD_0028756,medium
ORD_0028757,medium
ORD_0028758,low
ORD_0028759,low
ORD_0028760,low
ORD_0028761,low
ORD_0028762,medium
ORD_0028763,medium
ORD_0028764,low
ORD_0028765,low
ORD_0028766,low
ORD_0028767,medium
ORD_0028768,medium
ORD_0028769,medium
ORD_0028770,medium
ORD_0028771,high
ORD_0028772,low
ORD_0028773,low
ORD_0028774,medium
ORD_0028775,low
ORD_0028776,high
ORD_0028777,low
ORD_0028778,high
ORD_0028779,medium
ORD_0028780,medium
ORD_0028781,low
ORD_0028782,high
ORD_0028783,low
ORD_0028784,low
ORD_0028785,medium
ORD_0028786,low
ORD_0028787,low
ORD_0028788,low
ORD_0028789,medium
ORD_0028790,low
ORD_0028791,low
ORD_0028792,low
ORD_0028793,high
ORD_0028794,medium
ORD_0028795,low
ORD_0028796,medium
ORD_0028797,medium
ORD_0028798,low
ORD_0028799,medium
ORD_0028800,low
ORD_0028801,high
ORD_0028802,low
ORD_0028803,low
ORD_0028804,low
ORD_0028805,low
ORD_0028806,low
ORD_0028807,high
ORD_0028808,high
ORD_0028809,low
ORD_0028810,low
ORD_0028811,high
ORD_0028812,low
ORD_0028813,low
ORD_0028814,high
ORD_0028815,low
ORD_0028816,low
ORD_0028817,low
ORD_0028818,medium
ORD_0028819,low
ORD_0028820,low
ORD_0028821,medium
ORD_0028822,low
ORD_0028823,low
ORD_0028824,low
ORD_0028825,low
ORD_0028826,medium
ORD_0028827,low
ORD_0028828,medium
ORD_0028829,high
ORD_0028830,low
ORD_0028831,low
ORD_0028832,medium
ORD_0028833,low
ORD_0028834,low
ORD_0028835,low
ORD_0028836,low
ORD_0028837,high
ORD_0028838,low
ORD_0028839,medium
ORD_0028840,low
ORD_0028841,high
ORD_0028842,medium
ORD_0028843,high
ORD_0028844,high
ORD_0028845,low
ORD_0028846,high
ORD_0028847,medium
ORD_0028848,low
ORD_0028849,medium
ORD_0028850,high
ORD_0028851,medium
ORD_0028852,low
ORD_0028853,medium
ORD_0028854,high
ORD_0028855,medium
ORD_0028856,low
ORD_0028857,medium
ORD_0028858,low
ORD_0028859,low
ORD_0028860,medium
ORD_0028861,low
ORD_0028862,low
ORD_0028863,high
ORD_0028864,low
ORD_0028865,low
ORD_0028866,medium
ORD_0028867,low
ORD_0028868,low
ORD_0028869,low
ORD_0028870,low
ORD_0028871,medium
ORD_0028872,low
ORD_0028873,medium
ORD_0028874,medium
ORD_0028875,medium
ORD_0028876,medium
ORD_0028877,high
ORD_0028878,low
ORD_0028879,high
ORD_0028880,medium
ORD_0028881,high
ORD_0028882,low
ORD_0028883,low
ORD_0028884,high
ORD_0028885,low
ORD_0028886,high
ORD_0028887,high
ORD_0028888,medium
ORD_0028889,medium
ORD_0028890,medium
ORD_0028891,low
ORD_0028892,low
ORD_0028893,medium
ORD_0028894,medium
ORD_0028895,medium
ORD_0028896,low
ORD_0028897,low
ORD_0028898,low
ORD_0028899,high
ORD_0028900,low
ORD_0028901,high
ORD_0028902,low
ORD_0028903,medium
ORD_0028904,medium
ORD_0028905,low
ORD_0028906,medium
ORD_0028907,high
ORD_0028908,low
ORD_0028909,low
ORD_0028910,low
ORD_0028911,medium
ORD_0028912,medium
ORD_0028913,low
ORD_0028914,low
ORD_0028915,low
ORD_0028916,medium
ORD_0028917,medium
ORD_0028918,medium
ORD_0028919,medium
ORD_0028920,low
ORD_0028921,high
ORD_0028922,high
ORD_0028923,medium
ORD_0028924,high
ORD_0028925,low
ORD_0028926,low
ORD_0028927,medium
ORD_0028928,low
ORD_0028929,low
ORD_0028930,high
ORD_0028931,low
ORD_0028932,medium
ORD_0028933,medium
ORD_0028934,low
ORD_0028935,low
ORD_0028936,low
ORD_0028937,low
ORD_0028938,low
ORD_0028939,medium
ORD_0028940,low
ORD_0028941,high
ORD_0028942,medium
ORD_0028943,medium
ORD_0028944,low
ORD_0028945,medium
ORD_0028946,low
ORD_0028947,high
ORD_0028948,medium
ORD_0028949,high
ORD_0028950,low
ORD_0028951,low
ORD_0028952,low
ORD_0028953,high
ORD_0028954,high
ORD_0028955,low
ORD_0028956,low
ORD_0028957,low
ORD_0028958,medium
ORD_0028959,low
ORD_0028960,medium
ORD_0028961,low
ORD_0028962,medium
ORD_0028963,low
ORD_0028964,medium
ORD_0028965,low
ORD_0028966,medium
ORD_0028967,medium
ORD_0028968,high
ORD_0028969,medium
ORD_0028970,low
ORD_0028971,low
ORD_0028972,medium
ORD_0028973,medium
ORD_0028974,medium
ORD_0028975,low
ORD_0028976,low
ORD_0028977,low
ORD_0028978,high
ORD_0028979,low
ORD_0028980,medium
ORD_0028981,low
ORD_0028982,medium
ORD_0028983,medium
ORD_0028984,high
ORD_0028985,high
ORD_0028986,medium
ORD_0028987,low
ORD_0028988,medium
ORD_0028989,low
ORD_0028990,medium
ORD_0028991,high
ORD_0028992,medium
ORD_0028993,low
ORD_0028994,medium
ORD_0028995,medium
ORD_0028996,medium
ORD_0028997,low
ORD_0028998,medium
ORD_0028999,medium
ORD_0029000,low
ORD_0029001,low
ORD_0029002,low
ORD_0029003,low
ORD_0029004,low
ORD_0029005,medium
ORD_0029006,medium
ORD_0029007,medium
ORD_0029008,medium
ORD_0029009,low
ORD_0029010,high
ORD_0029011,low
ORD_0029012,medium
ORD_0029013,low
ORD_0029014,low
ORD_0029015,medium
ORD_0029016,medium
ORD_0029017,low
ORD_0029018,low
ORD_0029019,medium
ORD_0029020,low
ORD_0029021,medium
ORD_0029022,low
ORD_0029023,high
ORD_0029024,low
ORD_0029025,low
ORD_0029026,high
ORD_0029027,high
ORD_0029028,low
ORD_0029029,low
ORD_0029030,low
ORD_0029031,low
ORD_0029032,medium
ORD_0029033,medium
ORD_0029034,low
ORD_0029035,low
ORD_0029036,medium
ORD_0029037,low
ORD_0029038,medium
ORD_0029039,medium
ORD_0029040,medium
ORD_0029041,low
ORD_0029042,high
ORD_0029043,low
ORD_0029044,low
ORD_0029045,high
ORD_0029046,low
ORD_0029047,low
ORD_0029048,low
ORD_0029049,medium
ORD_0029050,low
ORD_0029051,low
ORD_0029052,high
ORD_0029053,low
ORD_0029054,low
ORD_0029055,high
ORD_0029056,medium
ORD_0029057,low
ORD_0029058,low
ORD_0029059,low
ORD_0029060,high
ORD_0029061,low
ORD_0029062,low
ORD_0029063,low
ORD_0029064,medium
ORD_0029065,low
ORD_0029066,low
ORD_0029067,low
ORD_0029068,low
ORD_0029069,medium
ORD_0029070,low
ORD_0029071,low
ORD_0029072,medium
ORD_0029073,medium
ORD_0029074,medium
ORD_0029075,low
ORD_0029076,low
ORD_0029077,low
ORD_0029078,high
ORD_0029079,low
ORD_0029080,low
ORD_0029081,high
ORD_0029082,high
ORD_0029083,low
ORD_0029084,high
ORD_0029085,low
ORD_0029086,low
ORD_0029087,medium
ORD_0029088,low
ORD_0029089,high
ORD_0029090,medium
ORD_0029091,medium
ORD_0029092,low
ORD_0029093,high
ORD_0029094,low
ORD_0029095,low
ORD_0029096,high
ORD_0029097,low
ORD_0029098,low
ORD_0029099,low
ORD_0029100,low
ORD_0029101,low
ORD_0029102,low
ORD_0029103,high
ORD_0029104,low
ORD_0029105,medium
ORD_0029106,low
ORD_0029107,low
ORD_0029108,low
ORD_0029109,low
ORD_0029110,medium
ORD_0029111,high
ORD_0029112,medium
ORD_0029113,medium
ORD_0029114,medium
ORD_0029115,medium
ORD_0029116,high
ORD_0029117,medium
ORD_0029118,low
ORD_0029119,high
ORD_0029120,low
ORD_0029121,medium
ORD_0029122,high
ORD_0029123,low
ORD_0029124,medium
ORD_0029125,medium
ORD_0029126,low
ORD_0029127,medium
ORD_0029128,medium
ORD_0029129,medium
ORD_0029130,high
ORD_0029131,low
ORD_0029132,high
ORD_0029133,low
ORD_0029134,medium
ORD_0029135,low
ORD_0029136,medium
ORD_0029137,high
ORD_0029138,low
ORD_0029139,high
ORD_0029140,medium
ORD_0029141,low
ORD_0029142,low
ORD_0029143,low
ORD_0029144,low
ORD_0029145,low
ORD_0029146,low
ORD_0029147,low
ORD_0029148,low
ORD_0029149,low
ORD_0029150,low
ORD_0029151,high
ORD_0029152,medium
ORD_0029153,low
ORD_0029154,low
ORD_0029155,medium
ORD_0029156,medium
ORD_0029157,medium
ORD_0029158,medium
ORD_0029159,low
ORD_0029160,low
ORD_0029161,medium
ORD_0029162,medium
ORD_0029163,high
ORD_0029164,low
ORD_0029165,high
ORD_0029166,medium
ORD_0029167,low
ORD_0029168,medium
ORD_0029169,medium
ORD_0029170,medium
ORD_0029171,low
ORD_0029172,medium
ORD_0029173,low
ORD_0029174,low
ORD_0029175,high
ORD_0029176,low
ORD_0029177,low
ORD_0029178,medium
ORD_0029179,low
ORD_0029180,medium
ORD_0029181,medium
ORD_0029182,high
ORD_0029183,medium
ORD_0029184,high
ORD_0029185,low
ORD_0029186,low
ORD_0029187,high
ORD_0029188,low
ORD_0029189,low
ORD_0029190,low
ORD_0029191,low
ORD_0029192,low
ORD_0029193,medium
ORD_0029194,low
ORD_0029195,low
ORD_0029196,high
ORD_0029197,high
ORD_0029198,medium
ORD_0029199,low
ORD_0029200,low
ORD_0029201,low
ORD_0029202,high
ORD_0029203,low
ORD_0029204,low
ORD_0029205,low
ORD_0029206,high
ORD_0029207,high
ORD_0029208,low
ORD_0029209,low
ORD_0029210,medium
ORD_0029211,low
ORD_0029212,medium
ORD_0029213,low
ORD_0029214,low
ORD_0029215,high
ORD_0029216,high
ORD_0029217,low
ORD_0029218,medium
ORD_0029219,low
ORD_0029220,medium
ORD_0029221,low
ORD_0029222,high
ORD_0029223,medium
ORD_0029224,medium
ORD_0029225,high
ORD_0029226,low
ORD_0029227,low
ORD_0029228,medium
ORD_0029229,low
ORD_0029230,low
ORD_0029231,medium
ORD_0029232,low
ORD_0029233,medium
ORD_0029234,high
ORD_0029235,high
ORD_0029236,medium
ORD_0029237,low
ORD_0029238,medium
ORD_0029239,low
ORD_0029240,high
ORD_0029241,high
ORD_0029242,low
ORD_0029243,low
ORD_0029244,medium
ORD_0029245,high
ORD_0029246,low
ORD_0029247,low
ORD_0029248,low
ORD_0029249,low
ORD_0029250,high
ORD_0029251,high
ORD_0029252,high
ORD_0029253,medium
ORD_0029254,low
ORD_0029255,high
ORD_0029256,low
ORD_0029257,low
ORD_0029258,low
ORD_0029259,medium
ORD_0029260,medium
ORD_0029261,medium
ORD_0029262,medium
ORD_0029263,medium
ORD_0029264,high
ORD_0029265,medium
ORD_0029266,high
ORD_0029267,medium
ORD_0029268,low
ORD_0029269,medium
ORD_0029270,high
ORD_0029271,medium
ORD_0029272,medium
ORD_0029273,low
ORD_0029274,medium
ORD_0029275,high
ORD_0029276,medium
ORD_0029277,low
ORD_0029278,low
ORD_0029279,low
ORD_0029280,low
ORD_0029281,medium
ORD_0029282,low
ORD_0029283,low
ORD_0029284,low
ORD_0029285,low
ORD_0029286,low
ORD_0029287,low
ORD_0029288,low
ORD_0029289,low
ORD_0029290,medium
ORD_0029291,medium
ORD_0029292,low
ORD_0029293,medium
ORD_0029294,high
ORD_0029295,medium
ORD_0029296,high
ORD_0029297,medium
ORD_0029298,low
ORD_0029299,high
ORD_0029300,high
ORD_0029301,low
ORD_0029302,low
ORD_0029303,medium
ORD_0029304,low
ORD_0029305,high
ORD_0029306,low
ORD_0029307,low
ORD_0029308,high
ORD_0029309,low
ORD_0029310,low
ORD_0029311,high
ORD_0029312,medium
ORD_0029313,low
ORD_0029314,high
ORD_0029315,low
ORD_0029316,medium
ORD_0029317,medium
ORD_0029318,medium
ORD_0029319,low
ORD_0029320,high
ORD_0029321,low
ORD_0029322,medium
ORD_0029323,high
ORD_0029324,high
ORD_0029325,medium
ORD_0029326,low
ORD_0029327,low
ORD_0029328,medium
ORD_0029329,medium
ORD_0029330,low
ORD_0029331,low
ORD_0029332,medium
ORD_0029333,high
ORD_0029334,medium
ORD_0029335,low
ORD_0029336,low
ORD_0029337,low
ORD_0029338,low
ORD_0029339,high
ORD_0029340,high
ORD_0029341,medium
ORD_0029342,low
ORD_0029343,low
ORD_0029344,medium
ORD_0029345,high
ORD_0029346,medium
ORD_0029347,low
ORD_0029348,high
ORD_0029349,high
ORD_0029350,low
ORD_0029351,medium
ORD_0029352,high
ORD_0029353,medium
ORD_0029354,low
ORD_0029355,high
ORD_0029356,low
ORD_0029357,high
ORD_0029358,medium
ORD_0029359,low
ORD_0029360,low
ORD_0029361,medium
ORD_0029362,low
ORD_0029363,medium
ORD_0029364,low
ORD_0029365,high
ORD_0029366,medium
ORD_0029367,high
ORD_0029368,low
ORD_0029369,medium
ORD_0029370,low
ORD_0029371,medium
ORD_0029372,medium
ORD_0029373,low
ORD_0029374,low
ORD_0029375,medium
ORD_0029376,low
ORD_0029377,medium
ORD_0029378,high
ORD_0029379,high
ORD_0029380,medium
ORD_0029381,medium
ORD_0029382,low
ORD_0029383,low
ORD_0029384,high
ORD_0029385,low
ORD_0029386,medium
ORD_0029387,medium
ORD_0029388,medium
ORD_0029389,high
ORD_0029390,low
ORD_0029391,low
ORD_0029392,low
ORD_0029393,medium
ORD_0029394,low
ORD_0029395,high
ORD_0029396,low
ORD_0029397,high
ORD_0029398,medium
ORD_0029399,medium
ORD_0029400,low
ORD_0029401,low
ORD_0029402,low
ORD_0029403,medium
ORD_0029404,high
ORD_0029405,low
ORD_0029406,high
ORD_0029407,low
ORD_0029408,low
ORD_0029409,high
ORD_0029410,medium
ORD_0029411,high
ORD_0029412,low
ORD_0029413,low
ORD_0029414,low
ORD_0029415,medium
ORD_0029416,medium
ORD_0029417,high
ORD_0029418,medium
ORD_0029419,low
ORD_0029420,low
ORD_0029421,low
ORD_0029422,low
ORD_0029423,high
ORD_0029424,low
ORD_0029425,medium
ORD_0029426,medium
ORD_0029427,low
ORD_0029428,high
ORD_0029429,low
ORD_0029430,high
ORD_0029431,low
ORD_0029432,medium
ORD_0029433,low
ORD_0029434,low
ORD_0029435,high
ORD_0029436,medium
ORD_0029437,low
ORD_0029438,medium
ORD_0029439,low
ORD_0029440,medium
ORD_0029441,low
ORD_0029442,high
ORD_0029443,low
ORD_0029444,medium
ORD_0029445,low
ORD_0029446,medium
ORD_0029447,high
ORD_0029448,high
ORD_0029449,low
ORD_0029450,low
ORD_0029451,low
ORD_0029452,low
ORD_0029453,low
ORD_0029454,medium
ORD_0029455,medium
ORD_0029456,low
ORD_0029457,high
ORD_0029458,low
ORD_0029459,low
ORD_0029460,medium
ORD_0029461,medium
ORD_0029462,medium
ORD_0029463,high
ORD_0029464,low
ORD_0029465,medium
ORD_0029466,low
ORD_0029467,low
ORD_0029468,low
ORD_0029469,low
ORD_0029470,low
ORD_0029471,low
ORD_0029472,low
ORD_0029473,high
ORD_0029474,high
ORD_0029475,low
ORD_0029476,low
ORD_0029477,low
ORD_0029478,medium
ORD_0029479,medium
ORD_0029480,low
ORD_0029481,low
ORD_0029482,high
ORD_0029483,medium
ORD_0029484,high
ORD_0029485,medium
ORD_0029486,high
ORD_0029487,medium
ORD_0029488,medium
ORD_0029489,medium
ORD_0029490,low
ORD_0029491,low
ORD_0029492,low
ORD_0029493,low
ORD_0029494,low
ORD_0029495,low
ORD_0029496,high
ORD_0029497,low
ORD_0029498,low
ORD_0029499,medium
ORD_0029500,low
ORD_0029501,high
ORD_0029502,low
ORD_0029503,low
ORD_0029504,low
ORD_0029505,medium
ORD_0029506,low
ORD_0029507,low
ORD_0029508,low
ORD_0029509,high
ORD_0029510,low
ORD_0029511,high
ORD_0029512,low
ORD_0029513,low
ORD_0029514,medium
ORD_0029515,medium
ORD_0029516,medium
ORD_0029517,low
ORD_0029518,medium
ORD_0029519,low
ORD_0029520,high
ORD_0029521,medium
ORD_0029522,low
ORD_0029523,low
ORD_0029524,low
ORD_0029525,low
ORD_0029526,low
ORD_0029527,high
ORD_0029528,medium
ORD_0029529,medium
ORD_0029530,medium
ORD_0029531,medium
ORD_0029532,medium
ORD_0029533,low
ORD_0029534,low
ORD_0029535,medium
ORD_0029536,medium
ORD_0029537,low
ORD_0029538,medium
ORD_0029539,high
ORD_0029540,low
ORD_0029541,medium
ORD_0029542,low
ORD_0029543,high
ORD_0029544,high
ORD_0029545,low
ORD_0029546,low
ORD_0029547,low
ORD_0029548,low
ORD_0029549,high
ORD_0029550,medium
ORD_0029551,low
ORD_0029552,high
ORD_0029553,low
ORD_0029554,low
ORD_0029555,low
ORD_0029556,high
ORD_0029557,low
ORD_0029558,low
ORD_0029559,high
ORD_0029560,low
ORD_0029561,low
ORD_0029562,low
ORD_0029563,low
ORD_0029564,low
ORD_0029565,medium
ORD_0029566,low
ORD_0029567,low
ORD_0029568,low
ORD_0029569,medium
ORD_0029570,high
ORD_0029571,low
ORD_0029572,medium
ORD_0029573,high
ORD_0029574,medium
ORD_0029575,low
ORD_0029576,medium
ORD_0029577,high
ORD_0029578,high
ORD_0029579,low
ORD_0029580,medium
ORD_0029581,medium
ORD_0029582,low
ORD_0029583,low
ORD_0029584,low
ORD_0029585,medium
ORD_0029586,low
ORD_0029587,high
ORD_0029588,medium
ORD_0029589,medium
ORD_0029590,medium
ORD_0029591,low
ORD_0029592,medium
ORD_0029593,medium
ORD_0029594,medium
ORD_0029595,low
ORD_0029596,low
ORD_0029597,high
ORD_0029598,high
ORD_0029599,low
ORD_0029600,low
ORD_0029601,low
ORD_0029602,low
ORD_0029603,low
ORD_0029604,high
ORD_0029605,medium
ORD_0029606,low
ORD_0029607,medium
ORD_0029608,low
ORD_0029609,low
ORD_0029610,low
ORD_0029611,low
ORD_0029612,low
ORD_0029613,low
ORD_0029614,high
ORD_0029615,medium
ORD_0029616,high
ORD_0029617,high
ORD_0029618,low
ORD_0029619,low
ORD_0029620,medium
ORD_0029621,low
ORD_0029622,low
ORD_0029623,low
ORD_0029624,low
ORD_0029625,high
ORD_0029626,medium
ORD_0029627,low
ORD_0029628,low
ORD_0029629,medium
ORD_0029630,low
ORD_0029631,medium
ORD_0029632,low
ORD_0029633,low
ORD_0029634,low
ORD_0029635,medium
ORD_0029636,medium
ORD_0029637,high
ORD_0029638,medium
ORD_0029639,medium
ORD_0029640,low
ORD_0029641,high
ORD_0029642,medium
ORD_0029643,low
ORD_0029644,low
ORD_0029645,low
ORD_0029646,low
ORD_0029647,medium
ORD_0029648,low
ORD_0029649,medium
ORD_0029650,high
ORD_0029651,high
ORD_0029652,low
ORD_0029653,high
ORD_0029654,low
ORD_0029655,medium
ORD_0029656,low
ORD_0029657,medium
ORD_0029658,medium
ORD_0029659,high
ORD_0029660,medium
ORD_0029661,medium
ORD_0029662,low
ORD_0029663,medium
ORD_0029664,high
ORD_0029665,low
ORD_0029666,low
ORD_0029667,low
ORD_0029668,medium
ORD_0029669,low
ORD_0029670,medium
ORD_0029671,medium
ORD_0029672,medium
ORD_0029673,low
ORD_0029674,low
ORD_0029675,medium
ORD_0029676,low
ORD_0029677,medium
ORD_0029678,low
ORD_0029679,low
ORD_0029680,medium
ORD_0029681,medium
ORD_0029682,low
ORD_0029683,medium
ORD_0029684,high
ORD_0029685,medium
ORD_0029686,medium
ORD_0029687,medium
ORD_0029688,low
ORD_0029689,medium
ORD_0029690,low
ORD_0029691,low
ORD_0029692,low
ORD_0029693,high
ORD_0029694,low
ORD_0029695,high
ORD_0029696,high
ORD_0029697,low
ORD_0029698,medium
ORD_0029699,medium
ORD_0029700,high
ORD_0029701,low
ORD_0029702,low
ORD_0029703,high
ORD_0029704,low
ORD_0029705,high
ORD_0029706,low
ORD_0029707,medium
ORD_0029708,high
ORD_0029709,medium
ORD_0029710,low
ORD_0029711,high
ORD_0029712,low
ORD_0029713,high
ORD_0029714,medium
ORD_0029715,high
ORD_0029716,high
ORD_0029717,low
ORD_0029718,medium
ORD_0029719,medium
ORD_0029720,high
ORD_0029721,medium
ORD_0029722,medium
ORD_0029723,medium
ORD_0029724,medium
ORD_0029725,medium
ORD_0029726,low
ORD_0029727,low
ORD_0029728,low
ORD_0029729,low
ORD_0029730,low
ORD_0029731,low
ORD_0029732,low
ORD_0029733,low
ORD_0029734,medium
ORD_0029735,low
ORD_0029736,high
ORD_0029737,low
ORD_0029738,medium
ORD_0029739,medium
ORD_0029740,medium
ORD_0029741,low
ORD_0029742,high
ORD_0029743,low
ORD_0029744,high
ORD_0029745,medium
ORD_0029746,low
ORD_0029747,low
ORD_0029748,high
ORD_0029749,low
ORD_0029750,high
ORD_0029751,low
ORD_0029752,low
ORD_0029753,medium
ORD_0029754,medium
ORD_0029755,low
ORD_0029756,low
ORD_0029757,low
ORD_0029758,medium
ORD_0029759,low
ORD_0029760,high
ORD_0029761,high
ORD_0029762,low
ORD_0029763,low
ORD_0029764,low
ORD_0029765,high
ORD_0029766,low
ORD_0029767,high
ORD_0029768,low
ORD_0029769,low
ORD_0029770,high
ORD_0029771,low
ORD_0029772,high
ORD_0029773,high
ORD_0029774,low
ORD_0029775,low
ORD_0029776,medium
ORD_0029777,low
ORD_0029778,low
ORD_0029779,medium
ORD_0029780,low
ORD_0029781,low
ORD_0029782,medium
ORD_0029783,low
ORD_0029784,low
ORD_0029785,low
ORD_0029786,low
ORD_0029787,low
ORD_0029788,low
ORD_0029789,high
ORD_0029790,low
ORD_0029791,high
ORD_0029792,medium
ORD_0029793,high
ORD_0029794,medium
ORD_0029795,medium
ORD_0029796,low
ORD_0029797,low
ORD_0029798,low
ORD_0029799,low
ORD_0029800,high
ORD_0029801,low
ORD_0029802,medium
ORD_0029803,high
ORD_0029804,low
ORD_0029805,low
ORD_0029806,high
ORD_0029807,low
ORD_0029808,low
ORD_0029809,low
ORD_0029810,low
ORD_0029811,low
ORD_0029812,low
ORD_0029813,high
ORD_0029814,low
ORD_0029815,low
ORD_0029816,medium
ORD_0029817,low
ORD_0029818,high
ORD_0029819,low
ORD_0029820,high
ORD_0029821,low
ORD_0029822,medium
ORD_0029823,low
ORD_0029824,medium
ORD_0029825,low
ORD_0029826,low
ORD_0029827,high
ORD_0029828,medium
ORD_0029829,medium
ORD_0029830,low
ORD_0029831,high
ORD_0029832,low
ORD_0029833,low
ORD_0029834,medium
ORD_0029835,low
ORD_0029836,low
ORD_0029837,medium
ORD_0029838,medium
ORD_0029839,low
ORD_0029840,high
ORD_0029841,high
ORD_0029842,high
ORD_0029843,medium
ORD_0029844,medium
ORD_0029845,medium
ORD_0029846,medium
ORD_0029847,low
ORD_0029848,high
ORD_0029849,high
ORD_0029850,medium
ORD_0029851,medium
ORD_0029852,low
ORD_0029853,high
ORD_0029854,low
ORD_0029855,low
ORD_0029856,low
ORD_0029857,high
ORD_0029858,medium
ORD_0029859,high
ORD_0029860,high
ORD_0029861,medium
ORD_0029862,low
ORD_0029863,medium
ORD_0029864,high
ORD_0029865,medium
ORD_0029866,high
ORD_0029867,low
ORD_0029868,low
ORD_0029869,low
ORD_0029870,low
ORD_0029871,low
ORD_0029872,low
ORD_0029873,high
ORD_0029874,medium
ORD_0029875,low
ORD_0029876,low
ORD_0029877,medium
ORD_0029878,low
ORD_0029879,medium
ORD_0029880,low
ORD_0029881,low
ORD_0029882,low
ORD_0029883,low
ORD_0029884,high
ORD_0029885,high
ORD_0029886,high
ORD_0029887,medium
ORD_0029888,medium
ORD_0029889,medium
ORD_0029890,medium
ORD_0029891,low
ORD_0029892,medium
ORD_0029893,medium
ORD_0029894,medium
ORD_0029895,high
ORD_0029896,low
ORD_0029897,medium
ORD_0029898,low
ORD_0029899,high
ORD_0029900,low
ORD_0029901,low
ORD_0029902,low
ORD_0029903,low
ORD_0029904,low
ORD_0029905,low
ORD_0029906,high
ORD_0029907,high
ORD_0029908,low
ORD_0029909,low
ORD_0029910,medium
ORD_0029911,low
ORD_0029912,medium
ORD_0029913,low
ORD_0029914,medium
ORD_0029915,low
ORD_0029916,low
ORD_0029917,low
ORD_0029918,low
ORD_0029919,low
ORD_0029920,medium
ORD_0029921,low
ORD_0029922,low
ORD_0029923,medium
ORD_0029924,low
ORD_0029925,medium
ORD_0029926,low
ORD_0029927,medium
ORD_0029928,low
ORD_0029929,low
ORD_0029930,medium
ORD_0029931,medium
ORD_0029932,low
ORD_0029933,high
ORD_0029934,low
ORD_0029935,low
ORD_0029936,low
ORD_0029937,low
ORD_0029938,medium
ORD_0029939,low
ORD_0029940,low
ORD_0029941,medium
ORD_0029942,high
ORD_0029943,high
ORD_0029944,medium
ORD_0029945,low
ORD_0029946,medium
ORD_0029947,low
ORD_0029948,medium
ORD_0029949,low
ORD_0029950,high
ORD_0029951,high
ORD_0029952,low
ORD_0029953,low
ORD_0029954,low
ORD_0029955,high
ORD_0029956,low
ORD_0029957,high
ORD_0029958,medium
ORD_0029959,medium
ORD_0029960,low
ORD_0029961,high
ORD_0029962,medium
ORD_0029963,medium
ORD_0029964,low
ORD_0029965,high
ORD_0029966,high
ORD_0029967,low
ORD_0029968,medium
ORD_0029969,low
ORD_0029970,low
ORD_0029971,low
ORD_0029972,low
ORD_0029973,low
ORD_0029974,medium
ORD_0029975,medium
ORD_0029976,high
ORD_0029977,low
ORD_0029978,medium
ORD_0029979,low
ORD_0029980,low
ORD_0029981,low
ORD_0029982,medium
ORD_0029983,low
ORD_0029984,medium
ORD_0029985,low
ORD_0029986,high
ORD_0029987,low
ORD_0029988,low
ORD_0029989,low
ORD_0029990,medium
ORD_0029991,low
ORD_0029992,medium
ORD_0029993,low
ORD_0029994,high
ORD_0029995,high
ORD_0029996,high
ORD_0029997,high
ORD_0029998,medium
ORD_0029999,high
